sr_no,station,station_code,avg_arr_delay,avg_dep_delay
Train No./Name,,,,
01025 DR BALLIA SPL,,,,
"Days of Run:Mon,Wed,Fri",Type:TRAIN ON DEMAND,,,
Sr.,Station,Code,Avg. Arr. Delay,Avg. Dep. Delay
1,DADAR,DR,,00:07
2,KALYAN JN,KYN,00:08,00:16
3,NASIK ROAD,NK,00:58,01:22
4,BHUSAVAL JN,BSL,01:47,01:55
5,HARDA,HD,01:21,01:21
6,ITARSI JN,ET,01:34,01:33
7,RANI KAMALAPATI,RKMP,01:32,01:31
8,BINA JN,BINA,01:08,01:08
9,LALITPUR,LAR,01:37,01:36
10,TIKAMGARH,TKMG,01:51,01:52
11,KHARGAPUR,KHGP,01:44,01:44
12,MAHARAJA CHHATRASAL STATION CHHATARPUR,MCSC,01:11,01:33
13,KHAJURAHO,KURJ,00:43,00:54
14,MAHOBA,MBA,00:55,00:57
15,BANDA JN,BNDA,00:53,01:00
16,CHITRAKOT,CKTD,01:03,01:04
17,MANIKPUR JN,MKP,01:02,01:10
18,AUNRIHAR JN.,ARJ,03:23,03:25
19,MAU JN,MAU,03:37,03:41
20,RASRA,RSR,03:53,03:54
21,BALLIA,BUI,03:09,
02-Oct 11:53,,,,
