sr_no,station,station_code,avg_arr_delay,avg_dep_delay
Train No./Name,,,,
01027 DR GKP SPECIAL,,,,
"Days of Run:Tue,Thu,Sat,Sun",Type:TRAIN ON DEMAND,,,
Sr.,Station,Code,Avg. Arr. Delay,Avg. Dep. Delay
1,DADAR,DR,,04:40
2,KALYAN JN,KYN,04:52,04:58
3,NASIK ROAD,NK,01:48,01:51
4,BHUSAVAL JN,BSL,02:20,02:33
5,HARDA,HD,07:52,07:52
6,ITARSI JN,ET,08:12,08:13
7,RANI KAMALAPATI,RKMP,08:11,08:12
8,BINA JN,BINA,08:01,08:07
9,LALITPUR,LAR,08:00,08:04
10,TIKAMGARH,TKMG,08:17,08:17
11,KHARGAPUR,KHGP,08:07,08:07
12,MAHARAJA CHHATRASAL STATION CHHATARPUR,MCSC,07:29,07:29
13,KHAJURAHO,KURJ,06:30,06:35
14,MAHOBA,MBA,06:34,06:36
15,BANDA JN,BNDA,06:30,06:36
16,CHITRAKOT,CKTD,06:53,06:58
17,MANIKPUR JN,MKP,07:11,07:19
18,AUNRIHAR JN.,ARJ,14:55,14:56
19,MAU JN,MAU,14:49,14:51
20,BELTHARA ROAD,BLTR,15:02,15:02
21,BHATNI JN,BTT,10:04,10:08
22,DEORIA SADAR,DEOS,11:34,11:40
23,GORAKHPUR JN,GKP,12:28,
02-Oct 11:53,,,,
