sr_no,station,station_code,avg_arr_delay,avg_dep_delay
Train No./Name,,,,
01436 LTT-SUR VIA LTRR,,,,
Days of Run:Wed,Type:TRAIN ON DEMAND,,,
Sr.,Station,Code,Avg. Arr. Delay,Avg. Dep. Delay
1,LOKMANYATILAK,LTT,,00:02
2,PANVEL,PNVL,00:25,00:27
3,PUNE JN,PUNE,01:05,01:22
4,DAUND JN,DD,02:22,02:31
5,KURDUVADI JN.,KWV,02:27,02:27
6,BARSI TOWN,BTW,02:23,02:23
7,USMANABAD,UMD,02:18,02:17
8,LATUR,LUR,01:28,01:31
9,LATUR ROAD,LTRR,00:16,00:14
10,UDGIR,UDGR,00:05,00:04
11,BHALKI,BHLK,00:20,00:19
12,BIDAR,BIDR,On Time,00:06
13,KALABURAGI,KLBG,00:12,01:28
14,GANAGAPUR ROAD,GUR,01:38,01:38
15,AKALKOT ROAD,AKOR,01:54,02:00
16,SOLAPUR JN,SUR,02:24,
02-Oct 11:11,,,,
