sr_no,station,station_code,avg_arr_delay,avg_dep_delay
Train No./Name,,,,
02133 BDTS-JBP FESTIVAL SPECIAL,,,,
Days of Run:Sat,Type:TRAIN ON DEMAND,,,
Sr.,Station,Code,Avg. Arr. Delay,Avg. Dep. Delay
1,BANDRA TERMINUS,BDTS,,00:03
2,BORIVALI,BVI,00:13,00:13
3,VAPI,VAPI,00:03,00:04
4,SURAT,ST,00:22,00:28
5,VADODARA JN,BRC,00:30,00:29
6,RATLAM JN,RTM,00:01,00:01
7,UJJAIN JN,UJN,On Time,00:01
8,SANT HIRDARAM NAGAR,SHRN,On Time,00:01
9,BHOPAL,BPL,01:02,01:08
10,NARMADAPURAM,NDPM,01:50,01:49
11,ITARSI JN,ET,01:38,01:49
12,PIPARIYA,PPI,01:45,01:45
13,NARSINGHPUR,NU,01:58,01:58
14,JABALPUR,JBP,01:59,
02-Oct 11:47,,,,
