sr_no,station,station_code,avg_arr_delay,avg_dep_delay
Train No./Name,,,,
02188 CSMT REWA SF SPL,,,,
Days of Run:Fri,Type:TRAIN ON DEMAND,,,
Sr.,Station,Code,Avg. Arr. Delay,Avg. Dep. Delay
1,CHHATRAPATI SHIVAJI MAHARAJ TERMINUS,CSMT,,04:05
2,DADAR,DR,04:08,04:08
3,KALYAN JN,KYN,04:10,04:13
4,NASIK ROAD,NK,05:38,05:43
5,MANMAD JN,MMR,04:46,04:46
6,BHUSAVAL JN,BSL,04:49,04:57
7,KHANDWA JUNCTION,KNW,04:04,04:04
8,HARDA,HD,04:11,04:12
9,ITARSI JN,ET,03:52,03:51
10,PIPARIYA,PPI,03:50,03:51
11,GADARWARA,GAR,04:02,04:02
12,NARSINGHPUR,NU,03:58,03:59
13,JABALPUR,JBP,04:05,04:13
14,KATNI,KTE,04:35,04:47
15,MAIHAR,MYR,05:03,05:05
16,SATNA,STA,04:57,05:00
17,REWA,REWA,04:53,
02-Oct 11:20,,,,
