sr_no,station,station_code,avg_arr_delay,avg_dep_delay
Train No./Name,,,,
02200 BDTS VGLJ SPL,,,,
Days of Run:Sat,Type:TRAIN ON DEMAND,,,
Sr.,Station,Code,Avg. Arr. Delay,Avg. Dep. Delay
1,BANDRA TERMINUS,BDTS,,On Time
2,BORIVALI,BVI,00:14,00:14
3,VAPI,VAPI,00:08,00:10
4,SURAT,ST,01:17,01:17
5,BHARUCH JN,BH,01:26,01:26
6,VADODARA JN,BRC,01:32,01:32
7,GODHRA JN,GDA,01:14,01:14
8,DAHOD,DHD,01:20,01:20
9,RATLAM JN,RTM,01:26,01:26
10,NAGDA JN,NAD,01:19,01:20
11,UJJAIN JN,UJN,00:50,00:48
12,MAKSI JUNCTION,MKC,01:10,01:10
13,BIYAVRA RAJGARH,BRRG,01:25,01:26
14,CHACHURA BINAGANI,CBK,01:33,01:33
15,RUTHIYAI JUNCTION,RTA,01:23,01:29
16,GUNA,GUNA,01:39,01:39
17,SHIVPURI,SVPI,01:48,01:50
18,GWALIOR,GWL,00:31,01:19
19,DABRA,DBA,01:25,01:25
20,DATIA,DAA,01:33,01:33
21,VIRANGANA LAKSHMIBAI JHANSI,VGLJ,00:47,
02-Oct 11:58,,,,
