sr_no,station,station_code,avg_arr_delay,avg_dep_delay
Train No./Name,,,,
04126 BDTS SFG SPL,,,,
Days of Run:Tue,Type:TRAIN ON DEMAND,,,
Sr.,Station,Code,Avg. Arr. Delay,Avg. Dep. Delay
1,BANDRA TERMINUS,BDTS,,On Time
2,BORIVALI,BVI,00:20,00:20
3,VAPI,VAPI,00:27,00:28
4,VALSAD,BL,00:35,00:35
5,SURAT,ST,00:44,00:46
6,VADODARA JN,BRC,01:31,01:29
7,RATLAM JN,RTM,00:58,00:59
8,KOTA JN,KOTA,00:03,00:06
9,SAWAI MADHOPUR,SWM,00:15,00:16
10,GANGAPUR CITY,GGC,00:17,00:20
11,BAYANA JN,BXN,On Time,On Time
12,RUPBAS,RBS,00:01,00:01
13,FATEHPUR SIKRI,FTS,00:01,00:01
14,AGRA FORT,AF,00:43,00:44
15,TUNDLA JN,TDL,00:31,00:49
16,ETAWAH JN,ETW,00:42,00:43
02-Oct 11:29,,,,
