sr_no,station,station_code,avg_arr_delay,avg_dep_delay
Train No./Name,,,,
04712 BDTS BKN SPL,,,,
Days of Run:Thu,Type:TRAIN ON DEMAND,,,
Sr.,Station,Code,Avg. Arr. Delay,Avg. Dep. Delay
1,BANDRA TERMINUS,BDTS,,On Time
2,BORIVALI,BVI,00:21,00:22
3,VAPI,VAPI,01:12,01:12
4,VALSAD,BL,01:19,01:19
5,SURAT,ST,00:14,00:14
6,BHARUCH JN,BH,On Time,On Time
7,VADODARA JN,BRC,00:15,00:13
8,GODHRA JN,GDA,00:01,00:04
9,RATLAM JN,RTM,On Time,On Time
10,NAGDA JN,NAD,00:01,00:02
11,SHAMGARH,SGZ,00:09,00:08
12,RAMGANJ MANDI,RMA,00:16,00:16
13,KOTA JN,KOTA,00:11,00:14
14,SAWAI MADHOPUR,SWM,On Time,00:01
15,DURGAPURA,DPA,00:02,00:02
16,JAIPUR JN.,JP,On Time,00:03
17,RINGAS JN,RGS,00:33,00:33
18,SIKAR JN,SIKR,00:22,00:24
19,LACHHMAN GARH SIKAR,LNH,00:20,00:20
20,FATEHPUR-SHEKHAWATI,FPS,00:20,00:20
21,CHURU,CUR,On Time,00:03
22,RATANGARH JN,RTGH,On Time,00:21
23,RAJALDESAR,RJR,00:23,00:23
24,SRI DUNGARGARH,SDGH,00:16,00:16
25,BIKANER JN,BKN,On Time,
02-Oct 11:48,,,,
