sr_no,station,station_code,avg_arr_delay,avg_dep_delay
Train No./Name,,,,
05054 BDTS-GKP SUMMER SPL,,,,
Days of Run:Sat,Type:TRAIN ON DEMAND,,,
Sr.,Station,Code,Avg. Arr. Delay,Avg. Dep. Delay
1,BANDRA TERMINUS,BDTS,,08:15
2,BORIVALI,BVI,09:14,09:13
3,PALGHAR,PLG,09:25,09:24
4,VAPI,VAPI,09:31,09:32
5,VALSAD,BL,09:38,09:38
6,SURAT,ST,08:50,08:56
7,VADODARA JN,BRC,09:30,09:28
8,RATLAM JN,RTM,09:30,09:30
9,SHAMGARH,SGZ,09:15,09:15
10,BHAWANI MANDI,BWM,09:15,09:15
11,KOTA JN,KOTA,09:16,09:21
12,GANGAPUR CITY,GGC,09:26,09:31
13,BAYANA JN,BXN,09:15,09:17
14,AGRA FORT,AF,08:57,09:08
15,TUNDLA JN,TDL,08:17,08:18
16,KANPUR CENTRAL,CNB,08:47,08:49
17,AISHBAGH,ASH,08:24,08:25
18,BADSHAHNAGAR,BNZ,08:24,08:23
19,GONDA JN,GD,09:49,09:54
20,BASTI,BST,10:46,10:43
21,KHALILABAD,KLD,10:42,10:41
22,GORAKHPUR JN,GKP,10:08,
02-Oct 11:49,,,,
