sr_no,station,station_code,avg_arr_delay,avg_dep_delay
Train No./Name,,,,
05558 LTT-RXL SF EXPRESS SPL,,,,
Days of Run:Thu,Type:TRAIN ON DEMAND,,,
Sr.,Station,Code,Avg. Arr. Delay,Avg. Dep. Delay
1,LOKMANYATILAK,LTT,,04:37
2,KALYAN JN,KYN,05:08,05:10
3,MANMAD JN,MMR,06:57,07:00
4,BHUSAVAL JN,BSL,07:44,08:15
5,KHANDWA JUNCTION,KNW,08:20,08:22
6,ITARSI JN,ET,09:38,09:56
7,JABALPUR,JBP,10:55,10:57
8,KATNI,KTE,11:05,11:06
9,SATNA,STA,11:23,12:00
10,PRAYAGRAJ CHHEOKI,PCOI,12:47,13:01
11,MIRZAPUR,MZP,13:51,13:49
12,PT.DEEN DAYAL UPADHYAYA JN.,DDU,13:49,13:57
13,PATLIPUTRA,PPTA,16:05,16:05
14,HAJIPUR JN,HJP,16:02,16:02
15,MUZAFFARPUR JN,MFP,16:59,34:10
16,SITAMARHI,SMI,16:42,17:05
17,BAIRAGNIA,BGU,17:07,17:11
18,RAXAUL JN,RXL,19:35,
02-Oct 11:43,,,,
