sr_no,station,station_code,avg_arr_delay,avg_dep_delay
Train No./Name,,,,
09049 DDR BSL SPECIAL,,,,
Days of Run:Fri,Type:TRAIN ON DEMAND,,,
Sr.,Station,Code,Avg. Arr. Delay,Avg. Dep. Delay
1,DADAR,DDR,,On Time
2,BORIVALI,BVI,00:21,00:19
3,VIRAR,VR,00:12,00:12
4,PALGHAR,PLG,00:13,00:14
5,VAPI,VAPI,00:12,00:12
6,VALSAD,BL,00:18,00:19
7,NAVSARI,NVS,00:42,00:42
8,BHESTAN,BHET,00:30,00:32
9,CHALTHAN,CHM,00:12,00:12
10,BARDOLI,BIY,00:12,00:15
11,VYARA,VYA,00:10,00:12
12,NAVAPUR,NWU,00:06,00:06
13,NANDURBAR,NDB,On Time,00:02
14,DONDAICHA,DDE,On Time,On Time
15,SINDKHEDA,SNK,00:01,00:01
16,NARDANA,NDN,00:06,00:07
17,AMALNER,AN,On Time,On Time
18,DHARANGAON,DXG,On Time,On Time
19,JALGAON JN,JL,00:51,00:51
20,BHUSAVAL JN,BSL,00:43,
02-Oct 11:51,,,,
