sr_no,station,station_code,avg_arr_delay,avg_dep_delay
Train No./Name,,,,
09043 BDTS - GKP SPECIAL,,,,
"Days of Run:Tue,Sun",Type:TRAIN ON DEMAND,,,
Sr.,Station,Code,Avg. Arr. Delay,Avg. Dep. Delay
1,BANDRA TERMINUS,BDTS,,On Time
2,BORIVALI,BVI,On Time,00:02
3,PALGHAR,PLG,On Time,00:03
4,DAHANU ROAD,DRD,00:04,00:03
5,VAPI,VAPI,00:02,00:05
6,VALSAD,BL,00:07,00:08
7,UDHNA JN,UDN,00:06,00:20
8,SURAT,ST,00:15,00:20
9,SAYAN,SYN,00:20,00:20
10,BHARUCH JN,BH,00:25,00:25
11,VADODARA JN,BRC,00:17,00:22
12,GODHRA JN,GDA,00:20,00:21
13,RATLAM JN,RTM,00:33,00:35
14,NAGDA JN,NAD,00:39,00:39
15,UJJAIN JN,UJN,00:17,00:25
16,SANT HIRDARAM NAGAR,SHRN,00:01,00:03
17,BINA JN,BINA,00:25,00:26
18,VIRANGANA LAKSHMIBAI JHANSI,VGLJ,On Time,00:10
19,KANPUR CENTRAL,CNB,On Time,00:05
20,LUCKNOW,LKO,On Time,00:10
21,BARABANKI JN,BBK,On Time,On Time
22,GONDA JN,GD,00:34,00:39
23,MANKAPUR JN,MUR,00:37,00:37
24,BASTI,BST,02:14,02:14
25,KHALILABAD,KLD,02:02,02:02
26,GORAKHPUR JN,GKP,01:32,
02-Oct 11:26,,,,
