sr_no,station,station_code,avg_arr_delay,avg_dep_delay
Train No./Name,,,,
09051 DDR BSL SPL,,,,
"Days of Run:Mon,Wed,Sat",Type:TRAIN ON DEMAND,,,
Sr.,Station,Code,Avg. Arr. Delay,Avg. Dep. Delay
1,DADAR,DDR,,On Time
2,BORIVALI,BVI,00:07,00:10
3,VIRAR,VR,00:11,00:11
4,BOISAR,BOR,00:01,00:08
5,DAHANU ROAD,DRD,00:17,00:17
6,VAPI,VAPI,00:34,00:34
7,VALSAD,BL,00:35,00:37
8,NAVSARI,NVS,00:37,00:37
9,BHESTAN,BHET,00:27,00:32
10,BARDOLI,BIY,00:21,00:24
11,VYARA,VYA,00:23,00:24
12,NAVAPUR,NWU,00:23,00:23
13,NANDURBAR,NDB,00:08,00:20
14,DONDAICHA,DDE,00:20,00:20
15,SINDKHEDA,SNK,00:21,00:22
16,NARDANA,NDN,00:27,00:27
17,AMALNER,AN,00:17,00:20
18,DHARANGAON,DXG,On Time,On Time
19,JALGAON JN,JL,On Time,00:02
20,BHUSAVAL JN,BSL,On Time,
02-Oct 11:51,,,,
