sr_no,station,station_code,avg_arr_delay,avg_dep_delay
Train No./Name,,,,
09075 MMCT KGM SF SPL,,,,
Days of Run:Wed,Type:TRAIN ON DEMAND,,,
Sr.,Station,Code,Avg. Arr. Delay,Avg. Dep. Delay
1,MUMBAI CENTRAL,MMCT,,00:16
2,BORIVALI,BVI,00:18,00:17
3,VAPI,VAPI,00:57,00:58
4,VALSAD,BL,01:23,01:24
5,SURAT,ST,01:23,01:27
6,VADODARA JN,BRC,01:28,01:30
7,RATLAM JN,RTM,01:34,01:36
8,KOTA JN,KOTA,00:32,00:34
9,GANGAPUR CITY,GGC,00:42,00:41
10,HINDAUN CITY,HAN,00:43,00:44
11,BHARATPUR JN,BTE,00:10,00:16
12,MATHURA JN.,MTJ,On Time,On Time
13,HATHRAS CITY,HTC,On Time,On Time
14,KASGANJ,KSJ,00:08,00:01
15,BADAUN,BEM,00:11,00:12
16,BAREILLY JN,BRY,On Time,On Time
17,BAREILLY CITY,BC,On Time,On Time
18,IZZATNAGAR JN,IZN,On Time,On Time
19,BAHERI,BHI,On Time,On Time
20,KICHHA,KHH,On Time,00:05
21,LALKUA JN.,LKU,00:02,On Time
22,HALDWANI,HDW,On Time,On Time
23,KATHGODAM,KGM,On Time,
02-Oct 11:04,,,,
