sr_no,station,station_code,avg_arr_delay,avg_dep_delay
Train No./Name,,,,
09097 BDTS SVDK SF SPL,,,,
Days of Run:Sun,Type:TRAIN ON DEMAND,,,
Sr.,Station,Code,Avg. Arr. Delay,Avg. Dep. Delay
1,BANDRA TERMINUS,BDTS,,On Time
2,BORIVALI,BVI,On Time,On Time
3,VAPI,VAPI,On Time,On Time
4,VALSAD,BL,00:06,00:07
5,SURAT,ST,On Time,On Time
6,VADODARA JN,BRC,00:09,00:08
7,RATLAM JN,RTM,On Time,00:06
8,KOTA JN,KOTA,On Time,00:01
9,SAWAI MADHOPUR,SWM,00:03,00:01
10,GANGAPUR CITY,GGC,On Time,On Time
11,MATHURA JN.,MTJ,On Time,00:08
12,DELHI SAFDARJNG,DSJ,00:06,00:10
13,AMBALA CANT JN,UMB,00:56,01:03
14,DHANDARI KALAN,DDL,01:42,01:36
15,JALANDHAR CANT,JRC,02:04,02:03
16,PATHANKOT CANTT,PTKC,01:01,01:00
17,JAMMUTAVI,JAT,On Time,On Time
18,SHRI MATA VAISHNO DEVI KATRA,SVDK,00:44,
02-Oct 11:58,,,,
