sr_no,station,station_code,avg_arr_delay,avg_dep_delay
Train No./Name,,,,
09183 MMCT BANARAS SPL,,,,
Days of Run:Wed,Type:TRAIN ON DEMAND,,,
Sr.,Station,Code,Avg. Arr. Delay,Avg. Dep. Delay
1,MUMBAI CENTRAL,MMCT,,00:15
2,BORIVALI,BVI,00:19,00:19
3,PALGHAR,PLG,00:21,00:21
4,VAPI,VAPI,00:32,00:32
5,VALSAD,BL,00:38,00:38
6,SURAT,ST,00:36,00:37
7,VADODARA JN,BRC,01:27,01:25
8,RATLAM JN,RTM,02:00,01:59
9,KOTA JN,KOTA,02:30,02:31
10,SAWAI MADHOPUR,SWM,02:38,02:38
11,GANGAPUR CITY,GGC,02:36,02:37
12,BHARATPUR JN,BTE,02:04,02:06
13,ACHHNERA JN,AH,02:12,02:12
14,AGRA FORT,AF,02:57,02:53
15,TUNDLA JN,TDL,02:08,02:09
16,SHIKOHABAD JN,SKB,01:51,01:51
17,MAINPURI,MNQ,01:54,01:54
18,BHONGAON,BGQ,01:53,01:54
19,FARRUKHABAD,FBD,01:58,02:19
20,KANNAUJ,KJN,02:27,02:25
21,KANPUR CENTRAL,CNB,01:29,01:33
22,LUCKNOW,LKO,02:06,02:13
23,RAE BARELI JN,RBL,02:00,02:00
24,AMETHI,AME,01:57,01:57
25,MAA BELHA DEVI DHAM PRATAPGARH JUNCTION,MBDP,02:07,02:17
26,JANGHAI JN,JNH,02:47,02:49
27,BHADOHI,BOY,02:55,02:56
28,BANARAS,BSBS,02:38,
02-Oct 11:06,,,,
