sr_no,station,station_code,avg_arr_delay,avg_dep_delay
Train No./Name,,,,
09189 MMCT KIR SPECIAL,,,,
Days of Run:Sat,Type:TRAIN ON DEMAND,,,
Sr.,Station,Code,Avg. Arr. Delay,Avg. Dep. Delay
1,MUMBAI CENTRAL,MMCT,,00:51
2,BORIVALI,BVI,01:09,01:10
3,VAPI,VAPI,01:04,01:05
4,SURAT,ST,00:41,00:41
5,BHARUCH JN,BH,00:48,00:48
6,VADODARA JN,BRC,01:13,01:09
7,RATLAM JN,RTM,01:48,01:59
8,UJJAIN JN,UJN,01:04,01:05
9,SANT HIRDARAM NAGAR,SHRN,On Time,On Time
10,VIDISHA,BHS,00:07,00:08
11,BINA JN,BINA,On Time,00:07
12,VIRANGANA LAKSHMIBAI JHANSI,VGLJ,00:27,00:28
13,KANPUR CENTRAL,CNB,00:16,00:23
14,LUCKNOW,LKO,01:33,01:32
15,GONDA JN,GD,01:57,02:03
16,MANKAPUR JN,MUR,02:41,02:42
17,BASTI,BST,03:13,03:11
18,KHALILABAD,KLD,02:51,02:51
19,GORAKHPUR JN,GKP,03:46,04:10
20,DEORIA SADAR,DEOS,04:24,04:22
21,SIWAN JN,SV,04:19,04:18
22,CHHAPRA,CPR,04:37,04:36
23,HAJIPUR JN,HJP,05:41,05:41
24,BARAUNI JN,BJU,06:22,06:40
25,BEGUSARAI,BGS,06:49,06:49
26,KHAGARIA JN.,KGG,07:30,07:30
27,NAUGACHIA,NNA,07:05,07:11
28,KATIHAR JN,KIR,07:11,
02-Oct 11:04,,,,
