sr_no,station,station_code,avg_arr_delay,avg_dep_delay
Train No./Name,,,,
09185 MMCT CPA SF SPL,,,,
Days of Run:Sun,Type:TRAIN ON DEMAND,,,
Sr.,Station,Code,Avg. Arr. Delay,Avg. Dep. Delay
1,MUMBAI CENTRAL,MMCT,,00:01
2,BORIVALI,BVI,00:08,00:07
3,VAPI,VAPI,00:23,00:22
4,SURAT,ST,00:24,00:27
5,VADODARA JN,BRC,00:36,00:45
6,RATLAM JN,RTM,00:51,00:51
7,KOTA JN,KOTA,On Time,00:02
8,GANGAPUR CITY,GGC,00:17,00:16
9,BHARATPUR JN,BTE,On Time,00:01
10,MATHURA JN.,MTJ,00:15,00:21
11,MATHURA CANT,MRT,00:17,00:18
12,HATHRAS CITY,HTC,00:19,00:19
13,KASGANJ,KSJ,00:15,00:15
14,FARRUKHABAD,FBD,00:09,00:14
15,KANNAUJ,KJN,On Time,00:12
16,BILHAUR,BLU,00:13,00:14
17,KANPUR ANWRGANJ,CPA,00:03,
02-Oct 11:04,,,,
