sr_no,station,station_code,avg_arr_delay,avg_dep_delay
Train No./Name,,,,
09207 BDTS-BVC  SPL,,,,
Days of Run:Fri,Type:TRAIN ON DEMAND,,,
Sr.,Station,Code,Avg. Arr. Delay,Avg. Dep. Delay
1,BANDRA TERMINUS,BDTS,,00:19
2,BORIVALI,BVI,00:08,00:19
3,VAPI,VAPI,00:30,00:29
4,SURAT,ST,00:51,00:59
5,VADODARA JN,BRC,01:52,02:04
6,NADIAD JN,ND,02:00,02:00
7,AHMEDABAD JN,ADI,01:40,01:27
8,BOTAD JN,BTD,02:06,02:19
9,DHOLA JN,DLJ,02:03,02:02
10,SONGADH,SGD,01:46,01:47
11,BHAVANAGAR PARA,BVP,01:58,01:58
12,BHAVNAGAR TERMINUS,BVC,02:00,
02-Oct 11:28,,,,
