sr_no,station,station_code,avg_arr_delay,avg_dep_delay
Train No./Name,,,,
09622 BDTS AII SF SPL,,,,
Days of Run:Mon,Type:TRAIN ON DEMAND,,,
Sr.,Station,Code,Avg. Arr. Delay,Avg. Dep. Delay
1,BANDRA TERMINUS,BDTS,,On Time
2,BORIVALI,BVI,00:21,00:25
3,VAPI,VAPI,00:58,00:56
4,SURAT,ST,01:21,01:21
5,VADODARA JN,BRC,01:25,01:28
6,RATLAM JN,RTM,00:08,00:13
7,BHAWANI MANDI,BWM,00:03,00:03
8,RAMGANJ MANDI,RMA,00:07,00:07
9,KOTA JN,KOTA,00:04,00:08
10,SAWAI MADHOPUR,SWM,On Time,00:03
11,JAIPUR JN.,JP,00:18,00:42
12,KISHANGARH,KSG,On Time,On Time
13,AJMER JN,AII,On Time,
02-Oct 11:29,,,,
