sr_no,station,station_code,avg_arr_delay,avg_dep_delay
Train No./Name,,,,
09654 BDTS AII SF SPL,,,,
Days of Run:Sun,Type:TRAIN ON DEMAND,,,
Sr.,Station,Code,Avg. Arr. Delay,Avg. Dep. Delay
1,BANDRA TERMINUS,BDTS,,00:01
2,BORIVALI,BVI,00:03,00:03
3,PALGHAR,PLG,00:05,00:05
4,VAPI,VAPI,On Time,On Time
5,VALSAD,BL,00:02,00:03
6,NAVSARI,NVS,00:05,00:04
7,SURAT,ST,On Time,On Time
8,ANKLESHWAR JN,AKV,On Time,On Time
9,VADODARA JN,BRC,00:05,00:11
10,GODHRA JN,GDA,00:34,00:36
11,DAHOD,DHD,01:09,01:10
12,RATLAM JN,RTM,01:15,01:35
13,JAORA,JAO,02:30,02:29
14,MANDASOR,MDS,02:14,02:15
15,NIMACH,NMH,01:51,01:51
16,CHITTAURGARH JN.,COR,01:31,01:26
17,BHILWARA,BHL,01:10,01:12
18,BIJAINAGAR,BJNR,01:05,01:06
19,NASIRABAD,NSD,00:56,00:56
20,AJMER JN,AII,00:28,
02-Oct 11:31,,,,
