sr_no,station,station_code,avg_arr_delay,avg_dep_delay
Train No./Name,,,,
09724 BDTS-JP SPL EXP,,,,
Days of Run:Thu,Type:TRAIN ON DEMAND,,,
Sr.,Station,Code,Avg. Arr. Delay,Avg. Dep. Delay
1,BANDRA TERMINUS,BDTS,,00:05
2,BORIVALI,BVI,00:03,00:16
3,VAPI,VAPI,00:07,00:09
4,SURAT,ST,On Time,00:01
5,VADODARA JN,BRC,00:07,00:04
6,RATLAM JN,RTM,00:37,00:37
7,MANDASOR,MDS,00:52,00:52
8,NIMACH,NMH,00:47,00:46
9,CHITTAURGARH JN.,COR,On Time,00:01
10,BHILWARA,BHL,00:24,00:22
11,MANDAL,MDL,00:23,00:23
12,BIJAINAGAR,BJNR,00:20,00:20
13,NASIRABAD,NSD,00:20,00:20
14,AJMER JN,AII,00:12,00:07
15,KISHANGARH,KSG,On Time,On Time
16,JAIPUR JN.,JP,On Time,
02-Oct 11:47,,,,
