sr_no,station,station_code,avg_arr_delay,avg_dep_delay
Train No./Name,,,,
10103 MANDOVI EXPRESS,,,,
Days of Run:Daily,Type:MAIL EXPRESS,,,
Sr.,Station,Code,Avg. Arr. Delay,Avg. Dep. Delay
1,CHHATRAPATI SHIVAJI MAHARAJ TERMINUS,CSMT,,00:30
2,DADAR,DR,00:12,00:13
3,THANE,TNA,00:14,00:15
4,PANVEL,PNVL,00:38,00:38
5,MANGAON,MNI,00:44,00:46
6,KHED,KHED,01:07,01:12
7,CHIPLUN,CHI,01:09,01:11
8,SANGAMESHWAR ROAD,SGR,01:30,01:35
9,RATNAGIRI,RN,01:31,01:54
10,ADAVALI,ADVI,01:56,01:57
11,RAJAPUR ROAD,RAJP,01:42,01:42
12,VAIBHAVWADI ROAD,VBW,01:40,01:40
13,KANKAVLI,KKW,01:45,01:54
14,SINDHUDURG,SNDD,01:43,01:45
15,KUDAL,KUDL,01:45,01:47
16,SAWANTWADI ROAD,SWV,01:22,01:24
17,PERNEM,PERN,01:23,01:25
18,THIVIM,THVM,01:26,01:37
19,KARMALI,KRMI,01:24,01:27
20,MADGAON JUNCTION,MAO,00:42,
02-Oct 11:19,,,,
