sr_no,station,station_code,avg_arr_delay,avg_dep_delay
Train No./Name,,,,
10115 BDTS MAO EXPRESS,,,,
"Days of Run:Wed,Fri",Type:MAIL EXPRESS,,,
Sr.,Station,Code,Avg. Arr. Delay,Avg. Dep. Delay
1,BANDRA TERMINUS,BDTS,,On Time
2,BORIVALI,BVI,On Time,00:07
3,VASAI ROAD,BSR,00:05,00:01
4,BHIWANDI ROAD,BIRD,On Time,00:03
5,PANVEL,PNVL,On Time,00:03
6,ROHA,ROHA,00:02,00:04
7,VEER,VEER,00:16,00:16
8,CHIPLUN,CHI,00:35,00:41
9,RATNAGIRI,RN,00:49,01:16
10,KANKAVLI,KKW,01:43,01:53
11,SINDHUDURG,SNDD,01:53,01:53
12,SAWANTWADI ROAD,SWV,01:50,01:52
13,THIVIM,THVM,01:32,01:44
14,KARMALI,KRMI,01:36,01:40
15,MADGAON JUNCTION,MAO,00:52,
02-Oct 11:28,,,,
