sr_no,station,station_code,avg_arr_delay,avg_dep_delay
Train No./Name,,,,
11009 SINHAGAD EXP,,,,
Days of Run:Daily,Type:MAIL EXPRESS,,,
Sr.,Station,Code,Avg. Arr. Delay,Avg. Dep. Delay
1,CHHATRAPATI SHIVAJI MAHARAJ TERMINUS,CSMT,,On Time
2,DADAR,DR,00:06,00:06
3,THANE,TNA,00:07,00:07
4,KALYAN JN,KYN,00:15,00:15
5,KARJAT,KJT,00:12,00:28
6,LONAVALA,LNL,00:21,00:22
7,CHINCHVAD,CCH,00:30,00:31
8,PIMPRI,PMP,00:33,00:33
9,KHADKI,KK,00:36,00:36
10,SHIVAJI NAGAR,SVJR,00:30,00:30
11,PUNE JN,PUNE,00:16,
02-Oct 11:23,,,,
