sr_no,station,station_code,avg_arr_delay,avg_dep_delay
Train No./Name,,,,
11005 PUDUCHERRY EXP,,,,
"Days of Run:Mon,Fri,Sun",Type:MAIL EXPRESS,,,
Sr.,Station,Code,Avg. Arr. Delay,Avg. Dep. Delay
1,DADAR,DR,,00:01
2,KALYAN JN,KYN,00:18,00:21
3,KARJAT,KJT,00:23,00:24
4,PUNE JN,PUNE,00:21,00:21
5,SATARA,STR,00:08,00:10
6,KARAD,KRD,00:31,00:31
7,SANGLI,SLI,00:22,00:22
8,MIRAJ JN.,MRJ,On Time,00:02
9,KUDACHI,KUD,00:08,00:09
10,GHATPRABHA,GPB,00:06,00:09
11,BELAGAVI,BGM,On Time,00:04
12,KHANAPUR,KNP,00:04,00:05
13,LONDA JN,LD,00:05,00:05
14,ALNAVAR JN,LWR,00:05,00:09
15,DHARWAR,DWR,00:08,00:09
16,SSS HUBBALLI JN,UBL,00:07,00:10
17,HAVERI,HVR,On Time,On Time
18,RANIBENNUR,RNR,On Time,On Time
19,HARIHAR,HRR,On Time,On Time
20,DAVANGERE,DVG,On Time,00:02
21,CHIKJAJUR JN,JRU,00:12,00:13
22,BIRUR JN,RRB,00:33,00:34
23,KADUR,DRU,00:34,00:34
24,ARSIKERE JN,ASK,00:25,00:36
25,TIPTUR,TTR,00:38,00:38
26,TUMKUR,TK,00:07,00:21
27,CHIK BANAVAR,BAW,00:37,00:41
28,SMVT BENGALURU,SMVB,00:09,00:29
29,KRISHNARAJAPURM,KJM,00:13,00:14
30,WHITEFIELD,WFD,00:17,00:18
31,BANGARAPET,BWT,00:27,00:29
32,JOLARPETTAI,JTJ,00:04,00:07
33,KATPADI JN,KPD,On Time,00:08
34,VELLORE CANTONMENT,VLR,00:08,00:21
35,ARNI ROAD,ARV,00:24,00:36
36,POLUR,PRL,00:12,00:12
37,TIRUVANNAMALAI,TNM,00:11,00:11
38,TIRUKKOVILUR,TRK,00:09,00:09
39,VILLUPURAM JN,VM,On Time,00:04
40,PONDICHERRY,PDY,On Time,
02-Oct 11:53,,,,
