sr_no,station,station_code,avg_arr_delay,avg_dep_delay
Train No./Name,,,,
11003 TUTARI EXPRESS,,,,
Days of Run:Daily,Type:MAIL EXPRESS,,,
Sr.,Station,Code,Avg. Arr. Delay,Avg. Dep. Delay
1,DADAR,DR,,00:17
2,PANVEL,PNVL,00:31,00:34
3,MANGAON,MNI,00:33,00:33
4,VEER,VEER,00:32,00:34
5,KHED,KHED,00:40,00:42
6,CHIPLUN,CHI,00:27,00:39
7,SAWARDA,SVX,00:41,00:40
8,ARAVALI ROAD,AVRD,00:44,00:47
9,SANGAMESHWAR ROAD,SGR,00:47,01:06
10,RATNAGIRI,RN,00:19,00:41
11,ADAVALI,ADVI,00:43,00:45
12,VILAVADE,VID,00:46,00:51
13,RAJAPUR ROAD,RAJP,00:55,00:55
14,VAIBHAVWADI ROAD,VBW,00:56,00:56
15,NANDGAON ROAD,NAN,01:03,01:11
16,KANKAVLI,KKW,01:06,01:11
17,SINDHUDURG,SNDD,01:08,01:11
18,KUDAL,KUDL,01:10,01:10
19,SAWANTWADI ROAD,SWV,On Time,
02-Oct 12:04,,,,
