sr_no,station,station_code,avg_arr_delay,avg_dep_delay
Train No./Name,,,,
11007 DECCAN EXPRESS,,,,
Days of Run:Daily,Type:MAIL EXPRESS,,,
Sr.,Station,Code,Avg. Arr. Delay,Avg. Dep. Delay
1,CHHATRAPATI SHIVAJI MAHARAJ TERMINUS,CSMT,,00:03
2,DADAR,DR,00:07,00:07
3,THANE,TNA,00:09,00:08
4,KALYAN JN,KYN,00:13,00:13
5,NERAL,NRL,00:19,00:20
6,KARJAT,KJT,00:19,00:23
7,LONAVALA,LNL,00:22,00:23
8,TALEGAON,TGN,00:19,00:19
9,KHADKI,KK,00:24,00:24
10,SHIVAJI NAGAR,SVJR,00:22,00:25
11,PUNE JN,PUNE,00:17,
02-Oct 11:18,,,,
