sr_no,station,station_code,avg_arr_delay,avg_dep_delay
Train No./Name,,,,
11019 KONARK EXPRESS,,,,
Days of Run:Daily,Type:MAIL EXPRESS,,,
Sr.,Station,Code,Avg. Arr. Delay,Avg. Dep. Delay
1,CHHATRAPATI SHIVAJI MAHARAJ TERMINUS,CSMT,,00:08
2,DADAR,DR,00:16,00:16
3,THANE,TNA,00:22,00:23
4,KALYAN JN,KYN,00:23,00:25
5,KARJAT,KJT,00:30,00:30
6,LONAVALA,LNL,00:32,00:33
7,PUNE JN,PUNE,00:21,00:25
8,DAUND JN,DD,00:31,00:33
9,SOLAPUR JN,SUR,00:24,00:26
10,KALABURAGI,KLBG,00:37,00:37
11,SHAHABAD,SDB,00:38,00:41
12,WADI,WADI,00:11,00:16
13,SERAM,SEM,00:26,00:27
14,TANDUR,TDU,00:40,00:41
15,LINGAMPALLI,LPI,00:56,00:57
16,SECUNDERABAD JN,SC,00:53,00:55
17,VIJAYAWADA JN,BZA,03:36,03:43
18,ELURU,EE,03:49,03:52
19,TADEPALLIGUDEM,TDD,03:47,03:53
20,NIDADAVOLU JN,NDD,03:40,03:43
21,RAJAMUNDRY,RJY,03:33,03:37
22,SAMALKOT JN,SLO,03:34,03:35
23,PITHAPURAM,PAP,03:33,03:35
24,TUNI,TUNI,03:39,03:44
25,ANAKAPALLE,AKP,03:45,03:45
26,VISAKHAPATNAM,VSKP,03:51,04:12
27,VIZIANAGRAM JN,VZM,04:20,04:18
28,SRIKAKULAM ROAD,CHE,04:18,04:18
29,PALASA,PSA,04:11,04:12
30,SOMPETA,SPT,03:55,03:55
31,ICHCHPURAM,IPM,03:57,03:57
32,BRAHMAPUR,BAM,03:57,03:55
33,CHATRAPUR,CAP,03:47,03:51
34,BALUGAN,BALU,03:59,03:59
35,KHURDA ROAD JN,KUR,04:19,04:26
36,BHUBANESWAR,BBS,04:01,
02-Oct 11:21,,,,
