sr_no,station,station_code,avg_arr_delay,avg_dep_delay
Train No./Name,,,,
11013 LTT CBE EXPRESS,,,,
Days of Run:Daily,Type:MAIL EXPRESS,,,
Sr.,Station,Code,Avg. Arr. Delay,Avg. Dep. Delay
1,LOKMANYATILAK,LTT,,00:24
2,THANE,TNA,00:56,00:56
3,KALYAN JN,KYN,00:52,00:53
4,PUNE JN,PUNE,01:22,01:26
5,KURDUVADI JN.,KWV,01:18,01:21
6,SOLAPUR JN,SUR,01:12,01:17
7,DUDHANI,DUD,01:17,01:17
8,GANAGAPUR ROAD,GUR,01:18,01:18
9,KALABURAGI,KLBG,01:11,01:15
10,SHAHABAD,SDB,01:09,01:13
11,WADI,WADI,00:46,00:52
12,YADGIR,YG,00:43,00:46
13,KRISHNA,KSN,00:49,00:55
14,RAICHUR,RC,00:43,00:47
15,MANTHRALAYAM RD,MALM,00:48,00:50
16,ADONI,AD,00:46,00:48
17,GUNTAKAL JN,GTL,00:45,00:51
18,ANANTAPUR,ATP,00:50,00:52
19,DHARMAVARAM JN,DMM,00:24,00:41
20,SAI P NILAYAM,SSPN,01:29,01:31
21,HINDUPUR,HUP,01:29,01:32
22,GAURIBIDANUR,GBD,01:29,01:29
23,KRANTIVIRA SANGOLLI RAYANNA (BENGALURU),SBC,00:29,00:50
24,HOSUR,HSRA,01:04,01:05
25,DHARMAPURI,DPJ,01:37,01:37
26,SALEM JN,SA,00:49,00:53
27,ERODE JN,ED,00:50,00:51
28,TIRUPPUR,TUP,00:50,00:50
29,COIMBATORE JN,CBE,00:23,
02-Oct 11:16,,,,
