sr_no,station,station_code,avg_arr_delay,avg_dep_delay
Train No./Name,,,,
11017 LTT KARAIKAL EXP,,,,
Days of Run:Sat,Type:MAIL EXPRESS,,,
Sr.,Station,Code,Avg. Arr. Delay,Avg. Dep. Delay
1,LOKMANYATILAK,LTT,,00:01
2,THANE,TNA,00:07,00:08
3,KALYAN JN,KYN,00:06,00:07
4,LONAVALA,LNL,00:09,00:10
5,PUNE JN,PUNE,00:16,00:20
6,SOLAPUR JN,SUR,00:02,00:03
7,KALABURAGI,KLBG,00:13,00:13
8,WADI,WADI,On Time,On Time
9,YADGIR,YG,00:07,00:08
10,RAICHUR,RC,00:10,00:10
11,MANTHRALAYAM RD,MALM,00:07,00:08
12,GUNTAKAL JN,GTL,00:15,00:12
13,GOOTY,GY,00:19,00:20
14,TADIPATRI,TU,00:08,00:09
15,YERRAGUNTLA,YA,00:03,00:04
16,CUDDAPAH,HX,00:01,00:05
17,RAZAMPETA,RJP,On Time,On Time
18,RENIGUNTA JN,RU,On Time,00:01
19,ARAKKONAM,AJJ,00:06,00:12
20,PERAMBUR,PER,00:12,00:13
21,CHENNAI EGMORE,MS,00:12,00:13
22,TAMBARAM,TBM,00:19,00:20
23,CHENGALPATTU,CGL,00:18,00:19
24,VILLUPURAM JN,VM,On Time,00:01
25,TIRUPPADIRIPULIYUR,TDPR,On Time,00:01
26,CHIDAMBARAM,CDM,On Time,00:01
27,SIRKAZHI,SY,On Time,00:01
28,MAYILADUTURAI JN,MV,00:30,00:32
29,THIRUVARUR JN,TVR,00:14,00:10
30,NAGAPPATTINAM JN,NGT,00:49,00:50
31,NAGORE,NCR,00:51,00:51
32,KARAIKAL,KIK,00:10,
02-Oct 11:11,,,,
