sr_no,station,station_code,avg_arr_delay,avg_dep_delay
Train No./Name,,,,
11011 CSMT DHULE EXP,,,,
Days of Run:Daily,Type:MAIL EXPRESS,,,
Sr.,Station,Code,Avg. Arr. Delay,Avg. Dep. Delay
1,CHHATRAPATI SHIVAJI MAHARAJ TERMINUS,CSMT,,00:01
2,DADAR,DR,00:06,00:07
3,THANE,TNA,00:07,00:07
4,KALYAN JN,KYN,00:08,00:10
5,IGATPURI,IGP,00:16,00:18
6,NASIK ROAD,NK,00:37,00:39
7,NIPHAD,NR,00:49,00:50
8,LASALGAON,LS,00:58,01:01
9,MANMAD JN,MMR,00:30,00:32
10,NANDGAON,NGN,00:44,00:45
11,CHALISGAON JN,CSN,On Time,00:03
12,JAMDHA,JMD,00:04,00:05
13,SHIRUD,SHF,On Time,00:01
14,DHULE,DHI,On Time,
02-Oct 11:20,,,,
