sr_no,station,station_code,avg_arr_delay,avg_dep_delay
Train No./Name,,,,
11027 DR SATARA EXP,,,,
"Days of Run:Mon,Fri,Sun",Type:MAIL EXPRESS,,,
Sr.,Station,Code,Avg. Arr. Delay,Avg. Dep. Delay
1,DADAR,DR,,On Time
2,THANE,TNA,00:04,00:03
3,KALYAN JN,KYN,00:12,00:12
4,LONAVALA,LNL,00:07,00:08
5,TALEGAON,TGN,00:16,00:15
6,CHINCHVAD,CCH,00:14,00:13
7,PUNE JN,PUNE,00:11,00:13
8,URULI,URI,00:16,00:16
9,KEDGAON,KDG,00:21,00:21
10,DAUND JN,DD,00:11,00:10
11,BHIGWAN,BGVN,00:09,00:09
12,JEUR,JEUR,00:14,00:14
13,KEM,KEM,00:18,00:18
14,KURDUVADI JN.,KWV,On Time,00:24
15,PANDHARPUR,PVR,00:08,00:09
16,SANGOLA,SGLA,00:10,00:13
17,JATH ROAD,JTRD,00:24,00:25
18,DHALGAON,DLGN,00:31,00:31
19,KAVATHE MAHANKAL,KVK,00:35,00:36
20,MIRAJ JN.,MRJ,On Time,00:01
21,SANGLI,SLI,00:01,00:01
22,BHILAVDI,BVQ,On Time,On Time
23,KIRLOSKARVADI,KOV,00:03,00:03
24,TAKARI,TKR,00:01,00:01
25,KARAD,KRD,00:07,00:13
26,MASUR,MSR,00:21,00:21
27,KOREGAON,KRG,00:28,00:27
28,SATARA,STR,On Time,
02-Oct 11:57,,,,
