sr_no,station,station_code,avg_arr_delay,avg_dep_delay
Train No./Name,,,,
11021 DADAR TEN EXP,,,,
"Days of Run:Tue,Wed,Sat",Type:MAIL EXPRESS,,,
Sr.,Station,Code,Avg. Arr. Delay,Avg. Dep. Delay
1,DADAR,DR,,01:37
2,KALYAN JN,KYN,01:58,01:59
3,KARJAT,KJT,02:04,02:07
4,PUNE JN,PUNE,02:22,02:24
5,SATARA,STR,03:03,03:04
6,KARAD,KRD,03:27,03:27
7,SANGLI,SLI,03:25,03:26
8,MIRAJ JN.,MRJ,02:56,03:02
9,KUDACHI,KUD,03:06,03:07
10,GHATPRABHA,GPB,03:04,03:03
11,BELAGAVI,BGM,03:00,03:01
12,LONDA JN,LD,02:58,02:58
13,ALNAVAR JN,LWR,02:56,02:56
14,DHARWAR,DWR,02:53,02:56
15,SSS HUBBALLI JN,UBL,02:52,02:57
16,HAVERI,HVR,02:10,02:33
17,RANIBENNUR,RNR,02:34,02:34
18,HARIHAR,HRR,02:32,02:32
19,DAVANGERE,DVG,02:32,02:34
20,CHIKJAJUR JN,JRU,02:40,02:41
21,BIRUR JN,RRB,02:58,02:57
22,KADUR,DRU,02:57,02:57
23,ARSIKERE JN,ASK,00:38,00:34
24,TIPTUR,TTR,03:04,03:04
25,TUMKUR,TK,02:13,02:26
26,CHIK BANAVAR,BAW,02:39,02:41
27,SMVT BENGALURU,SMVB,02:33,02:46
28,HOSUR,HSRA,02:51,02:50
29,DHARMAPURI,DPJ,03:48,03:51
30,SALEM JN,SA,02:10,02:38
31,NAMAKKAL,NMKL,02:41,02:41
32,KARUR,KRR,02:37,02:37
33,DINDIGUL JN,DG,01:59,02:27
34,MADURAI JN,MDU,02:18,02:40
35,VIRUDUNAGAR JN,VPT,02:40,02:40
36,SATUR,SRT,02:47,02:47
37,KOVILPATTI,CVP,02:44,02:43
38,TIRUNELVELI JN,TEN,01:41,
02-Oct 11:54,,,,
