sr_no,station,station_code,avg_arr_delay,avg_dep_delay
Train No./Name,,,,
11029 KOYNA EXPRESS,,,,
Days of Run:Daily,Type:MAIL EXPRESS,,,
Sr.,Station,Code,Avg. Arr. Delay,Avg. Dep. Delay
1,CHHATRAPATI SHIVAJI MAHARAJ TERMINUS,CSMT,,03:48
2,DADAR,DR,04:25,04:25
3,THANE,TNA,04:30,04:30
4,KALYAN JN,KYN,04:35,04:38
5,NERAL,NRL,04:39,04:40
6,LONAVALA,LNL,04:54,04:57
7,TALEGAON,TGN,05:02,05:04
8,CHINCHVAD,CCH,05:03,05:03
9,KHADKI,KK,05:05,05:05
10,SHIVAJI NAGAR,SVJR,05:06,05:08
11,PUNE JN,PUNE,05:05,05:11
12,JEJURI,JJR,05:26,05:25
13,NIRA,NIRA,05:27,05:27
14,LONAND,LNN,05:25,05:25
15,WATHAR,WTR,05:23,05:22
16,SATARA,STR,04:13,04:13
17,KOREGAON,KRG,04:15,04:19
18,RAHIMATPUR,RMP,04:24,04:24
19,TARGAON,TAZ,04:27,04:30
20,MASUR,MSR,04:34,04:34
21,SHIRAVADE,SIW,04:34,04:41
22,KARAD,KRD,04:45,04:46
23,KIRLOSKARVADI,KOV,04:53,04:54
24,BHILAVDI,BVQ,04:53,04:53
25,SANGLI,SLI,04:36,04:37
26,MIRAJ JN.,MRJ,04:43,04:50
27,JAYASINGPUR,JSP,04:51,04:52
28,HATKANANGALE,HTK,04:54,04:55
29,KOLHAPUR,KOP,04:27,
02-Oct 11:19,,,,
