sr_no,station,station_code,avg_arr_delay,avg_dep_delay
Train No./Name,,,,
11035 SHARAVATI EXP,,,,
Days of Run:Thu,Type:MAIL EXPRESS,,,
Sr.,Station,Code,Avg. Arr. Delay,Avg. Dep. Delay
1,DADAR,DR,,00:01
2,KALYAN JN,KYN,00:17,00:22
3,KARJAT,KJT,00:19,00:30
4,PUNE JN,PUNE,00:30,00:34
5,SATARA,STR,00:04,00:04
6,KARAD,KRD,00:27,00:34
7,SANGLI,SLI,00:22,00:22
8,MIRAJ JN.,MRJ,On Time,00:01
9,KUDACHI,KUD,00:07,00:07
10,GHATPRABHA,GPB,00:07,00:06
11,BELAGAVI,BGM,On Time,00:01
12,LONDA JN,LD,On Time,00:02
13,ALNAVAR JN,LWR,On Time,On Time
14,DHARWAR,DWR,On Time,00:01
15,SSS HUBBALLI JN,UBL,On Time,00:01
16,HAVERI,HVR,On Time,On Time
17,RANIBENNUR,RNR,On Time,On Time
18,HARIHAR,HRR,On Time,00:01
19,DAVANGERE,DVG,00:24,00:24
20,CHIKJAJUR JN,JRU,00:17,00:18
21,BIRUR JN,RRB,00:33,00:34
22,ARSIKERE JN,ASK,00:08,00:20
23,HASSAN,HAS,00:24,00:27
24,HOLE NARSIPUR,HLN,00:13,00:13
25,KRISHNARAJNAGAR,KRNR,00:24,00:24
26,MYSORE JN,MYS,00:01,
02-Oct 11:54,,,,
