sr_no,station,station_code,avg_arr_delay,avg_dep_delay
Train No./Name,,,,
11041 DR SNSI EXP,,,,
"Days of Run:Tue,Wed,Thu,Sat",Type:MAIL EXPRESS,,,
Sr.,Station,Code,Avg. Arr. Delay,Avg. Dep. Delay
1,DADAR,DR,,On Time
2,THANE,TNA,00:51,00:51
3,KALYAN JN,KYN,01:01,01:03
4,LONAVALA,LNL,01:22,01:23
5,TALEGAON,TGN,01:25,01:24
6,CHINCHVAD,CCH,01:22,01:24
7,PUNE JN,PUNE,01:25,01:28
8,URULI,URI,01:35,01:35
9,KEDGAON,KDG,01:38,01:37
10,DAUND CHORD LINE,DDCC,01:31,01:31
11,AHMADNAGAR,ANG,01:36,01:41
12,BELAPUR,BAP,01:55,01:55
13,SAINAGAR SHIRDI,SNSI,00:42,
02-Oct 11:54,,,,
