sr_no,station,station_code,avg_arr_delay,avg_dep_delay
Train No./Name,,,,
11055 LTT-GKP GODAN EXPRESS,,,,
"Days of Run:Mon,Wed,Fri,Sun",Type:MAIL EXPRESS,,,
Sr.,Station,Code,Avg. Arr. Delay,Avg. Dep. Delay
1,LOKMANYATILAK,LTT,,00:03
2,THANE,TNA,00:07,00:07
3,KALYAN JN,KYN,00:12,00:14
4,NASIK ROAD,NK,00:23,00:25
5,BHUSAVAL JN,BSL,00:36,00:41
6,ITARSI JN,ET,00:03,00:12
7,JABALPUR,JBP,00:22,00:25
8,SATNA,STA,00:31,00:33
9,PRAYAGRAJ JN,PRYJ,On Time,00:03
10,PHULPUR,PLP,00:20,00:21
11,JANGHAI JN,JNH,00:01,00:17
12,MARIAHU,MAY,00:05,00:11
13,ZAFARABAD JN,ZBD,00:04,00:52
14,JAUNPUR JN,JNU,00:42,00:50
15,MAU JN,MAU,On Time,On Time
16,BELTHARA ROAD,BLTR,00:07,00:10
17,DEORIA SADAR,DEOS,00:29,00:35
18,GORAKHPUR JN,GKP,00:15,
02-Oct 11:10,,,,
