sr_no,station,station_code,avg_arr_delay,avg_dep_delay
Train No./Name,,,,
11059 CHHAPRA EXPRESS,,,,
"Days of Run:Tue,Thu,Sat",Type:MAIL EXPRESS,,,
Sr.,Station,Code,Avg. Arr. Delay,Avg. Dep. Delay
1,LOKMANYATILAK,LTT,,00:09
2,THANE,TNA,00:18,00:19
3,KALYAN JN,KYN,00:24,00:25
4,NASIK ROAD,NK,00:59,00:59
5,BHUSAVAL JN,BSL,01:06,01:10
6,ITARSI JN,ET,00:37,00:38
7,JABALPUR,JBP,00:48,00:49
8,SATNA,STA,00:43,00:43
9,PRAYAGRAJ JN,PRYJ,On Time,00:02
10,PHULPUR,PLP,On Time,00:05
11,JANGHAI JN,JNH,00:47,00:54
12,MARIAHU,MAY,00:36,00:36
13,ZAFARABAD JN,ZBD,00:24,01:10
14,JAUNPUR JN,JNU,01:00,01:04
15,MAU JN,MAU,00:26,00:50
16,BELTHARA ROAD,BLTR,01:02,01:01
17,SALEMPUR JN,SRU,00:51,00:54
18,BHATNI JN,BTT,00:55,00:54
19,MAIRWA,MW,00:48,00:48
20,SIWAN JN,SV,00:55,00:58
21,CHHAPRA,CPR,00:48,
02-Oct 11:11,,,,
