sr_no,station,station_code,avg_arr_delay,avg_dep_delay
Train No./Name,,,,
11057 CSMT ASR EXPRESS,,,,
Days of Run:Daily,Type:MAIL EXPRESS,,,
Sr.,Station,Code,Avg. Arr. Delay,Avg. Dep. Delay
1,CHHATRAPATI SHIVAJI MAHARAJ TERMINUS,CSMT,,00:32
2,DADAR,DR,00:26,00:26
3,THANE,TNA,00:23,00:27
4,KALYAN JN,KYN,00:43,00:45
5,KASARA,KSRA,00:51,00:56
6,DEVLALI,DVL,00:51,00:53
7,NASIK ROAD,NK,00:57,00:56
8,MANMAD JN,MMR,00:42,00:44
9,CHALISGAON JN,CSN,00:48,00:48
10,PACHORA JN,PC,00:51,00:51
11,JALGAON JN,JL,00:46,00:48
12,BHUSAVAL JN,BSL,00:44,00:50
13,SAVDA,SAV,00:51,00:52
14,RAVER,RV,01:00,01:00
15,BURHANPUR,BAU,01:00,01:00
16,NEPANAGAR,NPNR,00:58,01:00
17,KHANDWA JUNCTION,KNW,00:28,00:31
18,TALVADYA,TLV,00:24,00:29
19,CHHANERA,CAER,00:27,00:31
20,KHIRKIYA,KKN,00:30,00:35
21,HARDA,HD,00:38,00:38
22,TIMARNI,TBN,00:40,00:40
23,BANAPURA,BPF,00:43,00:49
24,ITARSI JN,ET,00:26,00:31
25,NARMADAPURAM,NDPM,00:33,00:33
26,BUDNI,BNI,00:31,00:38
27,OBAIDULLA GANJ,ODG,00:37,00:37
28,MANDI DIP,MDDP,00:36,00:40
29,RANI KAMALAPATI,RKMP,00:32,00:38
30,BHOPAL,BPL,00:34,00:37
31,VIDISHA,BHS,00:51,00:51
32,GULABHGANJ,GLG,00:50,00:50
33,GANJ BASODA,BAQ,00:51,00:51
34,MANDI BAMORA,MABA,00:41,00:43
35,BINA JN,BINA,00:32,00:32
36,DHAURA,DUA,00:37,00:37
37,LALITPUR,LAR,00:41,00:41
38,TALBAHAT,TBT,00:39,00:40
39,BASAI,BZY,00:39,00:39
40,BABINA,BAB,00:40,00:40
41,VIRANGANA LAKSHMIBAI JHANSI,VGLJ,00:33,00:38
42,DATIA,DAA,00:39,00:40
43,DABRA,DBA,00:40,00:41
44,GWALIOR,GWL,00:48,00:50
45,MORENA,MRA,00:48,00:48
46,DHAULPUR,DHO,00:29,00:35
47,AGRA CANTT,AGC,00:25,00:31
48,MATHURA JN.,MTJ,00:37,00:37
49,KOSI KALAN,KSV,00:45,00:46
50,PALWAL,PWL,00:22,00:30
51,FARIDABAD,FDB,00:31,00:31
52,HAZRAT NIZAMUDDIN JN,NZM,00:48,00:49
53,NEW DELHI,NDLS,00:47,00:51
54,SUBZI MANDI,SZM,01:01,01:01
55,NARELA,NUR,01:02,01:04
56,SONIPAT,SNP,01:07,01:07
57,GANAUR,GNU,01:10,01:10
58,SAMALKHA,SMK,01:14,01:13
59,PANIPAT JN,PNP,01:15,01:16
60,KARNAL,KUN,01:21,01:30
61,NILOKHERI,NLKR,01:31,01:40
62,KURUKSHETRA JN,KKDE,01:43,01:45
63,SHAHBAD MARKNDA,SHDM,02:17,02:24
64,AMBALA CANT JN,UMB,02:06,02:04
65,AMBALA CITY,UBC,02:08,02:08
66,RAJPURA JN,RPJ,02:02,02:03
67,PATIALA,PTA,02:06,02:06
68,NABHA,NBA,02:06,02:05
69,DHURI JN,DUI,02:11,02:02
70,MALERKOTLA,MET,02:03,02:04
71,AHMADGARH,AHH,02:07,02:08
72,LUDHIANA JN,LDH,01:24,01:30
73,PHILLAUR JN,PHR,01:42,01:43
74,PHAGWARA JN,PGW,01:33,01:36
75,JALANDHAR CANT,JRC,01:48,01:48
76,JALANDHAR CITY,JUC,01:48,01:50
77,BEAS,BEAS,01:48,01:48
78,JANDIALA,JNL,01:29,01:29
79,AMRITSAR JN,ASR,01:13,
02-Oct 11:26,,,,
