sr_no,station,station_code,avg_arr_delay,avg_dep_delay
Train No./Name,,,,
11061 LTT JAYNAGAR EX,,,,
Days of Run:Daily,Type:MAIL EXPRESS,,,
Sr.,Station,Code,Avg. Arr. Delay,Avg. Dep. Delay
1,LOKMANYATILAK,LTT,,On Time
2,THANE,TNA,00:24,00:25
3,KALYAN JN,KYN,00:32,00:34
4,NASIK ROAD,NK,01:21,01:21
5,MANMAD JN,MMR,01:16,01:20
6,CHALISGAON JN,CSN,01:25,01:25
7,PACHORA JN,PC,01:24,01:24
8,JALGAON JN,JL,01:18,01:20
9,BHUSAVAL JN,BSL,01:10,01:15
10,BURHANPUR,BAU,01:17,01:17
11,KHANDWA JUNCTION,KNW,00:54,00:58
12,ITARSI JN,ET,00:48,00:51
13,PIPARIYA,PPI,00:50,00:51
14,NARSINGHPUR,NU,00:58,00:58
15,JABALPUR,JBP,00:47,00:51
16,KATNI,KTE,00:58,01:01
17,MAIHAR,MYR,01:10,01:10
18,SATNA,STA,01:14,01:19
19,MANIKPUR JN,MKP,00:36,00:48
20,NAINI,NYN,00:44,01:00
21,PRAYAGRAJ JN,PRYJ,00:51,01:01
22,PRAYAGRAJ RAMBAG,PRRB,01:01,01:04
23,GYANPUR ROAD,GYN,01:02,01:04
24,VARANASI,BSB,00:57,01:02
25,VARANASI CITY,BCY,01:09,01:09
26,SARNATH,SRNT,01:10,01:10
27,AUNRIHAR JN.,ARJ,01:18,01:19
28,GHAZIPUR CITY,GCT,01:14,01:15
29,YUSUFPUR,YFP,01:19,01:20
30,BALLIA,BUI,01:19,01:19
31,SURAIMANPUR,SIP,00:51,01:01
32,CHHAPRA,CPR,00:36,00:54
33,DIGHWARA,DGA,00:38,00:47
34,SONPUR JN,SEE,00:52,00:55
35,HAJIPUR JN,HJP,01:03,01:01
36,BHAGWANPUR,BNR,00:55,00:56
37,MUZAFFARPUR JN,MFP,01:05,01:11
38,DHOLI,DOL,01:14,01:14
39,SAMASTIPUR JN,SPJ,00:34,00:49
40,LAHERIA SARAI,LSI,00:49,00:51
41,DARBHANGA JN,DBG,00:39,00:50
42,SAKRI JN,SKI,00:44,00:51
43,MADHUBANI,MBI,00:48,00:49
44,JAYNAGAR,JYG,00:08,
02-Oct 11:43,,,,
