sr_no,station,station_code,avg_arr_delay,avg_dep_delay
Train No./Name,,,,
11079 LTT GKP EXPRESS,,,,
Days of Run:Thu,Type:MAIL EXPRESS,,,
Sr.,Station,Code,Avg. Arr. Delay,Avg. Dep. Delay
1,LOKMANYATILAK,LTT,,00:01
2,KALYAN JN,KYN,00:13,00:13
3,NASIK ROAD,NK,00:31,00:31
4,BHUSAVAL JN,BSL,On Time,00:07
5,KHANDWA JUNCTION,KNW,On Time,On Time
6,HARDA,HD,00:15,00:15
7,ITARSI JN,ET,00:03,00:04
8,RANI KAMALAPATI,RKMP,On Time,On Time
9,VIDISHA,BHS,00:05,00:05
10,VIRANGANA LAKSHMIBAI JHANSI,VGLJ,00:07,00:05
11,ORAI,ORAI,00:29,00:31
12,POKHRAYAN,PHN,00:40,00:40
13,KANPUR CENTRAL,CNB,00:04,00:05
14,LUCKNOW,LKO,00:20,00:15
15,BARABANKI JN,BBK,On Time,00:02
16,JARWAL ROAD,JLD,On Time,00:14
17,COLONELGANJ,CLJ,00:20,00:20
18,GONDA JN,GD,On Time,00:03
19,BALRAMPUR,BLP,00:09,00:10
20,KAUWAPUR,KPE,00:10,00:10
21,TULSIPUR,TLR,00:19,00:34
22,GAINSARI JN,GIR,00:39,00:40
23,PACHPERWA,PPW,00:39,00:39
24,BARHNI,BNY,00:53,00:51
25,SIDDHARTH NAGAR,SDDN,01:03,01:03
26,ANAND NAGAR,ANDN,00:38,00:35
27,GORAKHPUR JN,GKP,00:15,
02-Oct 11:13,,,,
