sr_no,station,station_code,avg_arr_delay,avg_dep_delay
Train No./Name,,,,
11071 KAMAYANI EXPRESS,,,,
Days of Run:Daily,Type:MAIL EXPRESS,,,
Sr.,Station,Code,Avg. Arr. Delay,Avg. Dep. Delay
1,LOKMANYATILAK,LTT,,00:03
2,THANE,TNA,00:06,00:06
3,KALYAN JN,KYN,00:14,00:15
4,IGATPURI,IGP,00:17,00:19
5,NASIK ROAD,NK,00:21,00:22
6,LASALGAON,LS,00:31,00:31
7,MANMAD JN,MMR,00:27,00:29
8,NANDGAON,NGN,00:40,00:41
9,CHALISGAON JN,CSN,00:50,00:49
10,PACHORA JN,PC,00:47,00:51
11,JALGAON JN,JL,00:48,00:49
12,BHUSAVAL JN,BSL,00:33,00:44
13,RAVER,RV,00:52,00:53
14,BURHANPUR,BAU,00:56,00:56
15,NEPANAGAR,NPNR,00:47,00:47
16,KHANDWA JUNCTION,KNW,00:18,00:19
17,CHHANERA,CAER,00:09,00:11
18,KHIRKIYA,KKN,00:16,00:16
19,HARDA,HD,00:28,00:30
20,ITARSI JN,ET,00:11,00:13
21,NARMADAPURAM,NDPM,00:17,00:18
22,RANI KAMALAPATI,RKMP,00:06,00:11
23,BHOPAL,BPL,00:08,00:09
24,VIDISHA,BHS,00:28,00:28
25,GANJ BASODA,BAQ,00:37,00:37
26,BINA JN,BINA,00:22,00:23
27,KHURAI,KYE,00:37,00:38
28,SAUGOR,SGO,00:34,00:36
29,PATHARIA,PHA,00:26,00:26
30,DAMOH,DMO,00:34,00:36
31,BANDAKPUR,BNU,00:41,00:42
32,KATNI MURWARA,KMZ,00:42,00:49
33,MAIHAR,MYR,00:49,00:49
34,SATNA,STA,00:39,00:50
35,JAITWAR,JTW,00:47,00:47
36,MAJHAGAWAN,MJG,00:45,00:44
37,MANIKPUR JN,MKP,00:19,00:19
38,DABHAURA,DBR,00:12,00:13
39,PRAYAGRAJ JN,PRYJ,00:17,00:30
40,PHULPUR,PLP,00:59,01:02
41,JANGHAI JN,JNH,01:43,01:45
42,SURIAWAN,SAW,01:54,02:01
43,BHADOHI,BOY,02:06,02:06
44,PARSIPUR,PRF,02:12,02:13
45,SEWAPURI,SWPR,02:16,02:16
46,VARANASI,BSB,02:11,02:10
47,AUNRIHAR JN.,ARJ,02:01,02:00
48,GHAZIPUR CITY,GCT,01:59,01:59
49,BALLIA,BUI,01:50,
02-Oct 11:12,,,,
