sr_no,station,station_code,avg_arr_delay,avg_dep_delay
Train No./Name,,,,
11081 LTT GKP EXPRESS,,,,
Days of Run:Wed,Type:MAIL EXPRESS,,,
Sr.,Station,Code,Avg. Arr. Delay,Avg. Dep. Delay
1,LOKMANYATILAK,LTT,,On Time
2,KALYAN JN,KYN,00:19,00:23
3,NASIK ROAD,NK,00:12,00:08
4,BHUSAVAL JN,BSL,On Time,00:01
5,KHANDWA JUNCTION,KNW,On Time,On Time
6,PIPARIYA,PPI,On Time,On Time
7,NARSINGHPUR,NU,00:09,00:09
8,JABALPUR,JBP,00:03,00:11
9,KATNI,KTE,00:10,00:11
10,MAIHAR,MYR,00:25,00:26
11,SATNA,STA,00:03,00:05
12,MANIKPUR JN,MKP,On Time,00:02
13,PRAYAGRAJ CHHEOKI,PCOI,00:06,00:14
14,MIRZAPUR,MZP,00:01,On Time
15,VARANASI,BSB,On Time,On Time
16,AUNRIHAR JN.,ARJ,On Time,On Time
17,MAU JN,MAU,On Time,On Time
18,BELTHARA ROAD,BLTR,On Time,On Time
19,BHATNI JN,BTT,00:13,00:15
20,DEORIA SADAR,DEOS,00:15,00:12
21,GORAKHPUR JN,GKP,00:31,
02-Oct 11:14,,,,
