sr_no,station,station_code,avg_arr_delay,avg_dep_delay
Train No./Name,,,,
11099 LTT MADGAON EXP,,,,
"Days of Run:Fri,Sun",Type:MAIL EXPRESS,,,
Sr.,Station,Code,Avg. Arr. Delay,Avg. Dep. Delay
1,LOKMANYATILAK,LTT,,01:10
2,THANE,TNA,01:17,01:42
3,PANVEL,PNVL,01:42,01:44
4,KHED,KHED,02:11,02:14
5,CHIPLUN,CHI,02:18,02:19
6,RATNAGIRI,RN,01:48,01:51
7,KANKAVLI,KKW,01:35,01:39
8,SAWANTWADI ROAD,SWV,01:36,01:41
9,THIVIM,THVM,01:45,01:53
10,KARMALI,KRMI,01:55,02:00
11,MADGAON JUNCTION,MAO,00:48,
02-Oct 11:08,,,,
