sr_no,station,station_code,avg_arr_delay,avg_dep_delay
Train No./Name,,,,
11301 UDYAN EXPRESS,,,,
Days of Run:Daily,Type:MAIL EXPRESS,,,
Sr.,Station,Code,Avg. Arr. Delay,Avg. Dep. Delay
1,CHHATRAPATI SHIVAJI MAHARAJ TERMINUS,CSMT,,00:03
2,DADAR,DR,00:10,00:10
3,KALYAN JN,KYN,00:13,00:14
4,LONAVALA,LNL,00:15,00:16
5,PUNE JN,PUNE,00:19,00:24
6,URULI,URI,00:30,00:29
7,DAUND JN,DD,00:29,00:27
8,KURDUVADI JN.,KWV,00:22,00:22
9,SOLAPUR JN,SUR,00:18,00:20
10,AKALKOT ROAD,AKOR,00:27,00:27
11,DUDHANI,DUD,00:29,00:28
12,GANAGAPUR ROAD,GUR,00:30,00:29
13,KALABURAGI,KLBG,00:24,00:25
14,SHAHABAD,SDB,00:26,00:26
15,WADI,WADI,00:09,00:13
16,NALWAR,NW,00:15,00:16
17,YADGIR,YG,00:19,00:21
18,SAIDAPUR,SADP,00:21,00:22
19,KRISHNA,KSN,00:23,00:31
20,RAICHUR,RC,00:28,00:31
21,MANTHRALAYAM RD,MALM,00:23,00:25
22,ADONI,AD,00:21,00:23
23,GUNTAKAL JN,GTL,00:21,00:29
24,ANANTAPUR,ATP,00:38,00:39
25,DHARMAVARAM JN,DMM,On Time,00:04
26,SAI P NILAYAM,SSPN,00:16,00:19
27,PENUKONDA,PKD,00:11,00:17
28,HINDUPUR,HUP,00:17,00:18
29,GAURIBIDANUR,GBD,00:20,00:19
30,DODBALLAPUR,DBU,00:27,00:29
31,YELAHANKA JN.,YNK,On Time,On Time
32,KRANTIVIRA SANGOLLI RAYANNA (BENGALURU),SBC,On Time,
02-Oct 11:19,,,,
