sr_no,station,station_code,avg_arr_delay,avg_dep_delay
Train No./Name,,,,
11401 NANDIGRAM EXP,,,,
Days of Run:Daily,Type:MAIL EXPRESS,,,
Sr.,Station,Code,Avg. Arr. Delay,Avg. Dep. Delay
1,CHHATRAPATI SHIVAJI MAHARAJ TERMINUS,CSMT,,00:01
2,DADAR,DR,00:06,00:05
3,THANE,TNA,00:07,00:08
4,KALYAN JN,KYN,00:13,00:14
5,IGATPURI,IGP,00:14,00:13
6,NASIK ROAD,NK,00:20,00:24
7,LASALGAON,LS,00:26,00:27
8,MANMAD JN,MMR,00:06,00:13
9,ROTEGAON,RGO,00:14,00:24
10,LASUR,LSR,00:29,00:30
11,AURANGABAD,AWB,00:32,00:36
12,JALNA,J,00:38,00:40
13,PARTUR,PTU,00:47,00:48
14,SELU,SELU,00:40,00:46
15,PARBHANI JN,PBN,00:30,00:33
16,PURNA JN,PAU,00:23,00:29
17,NANDED,NED,00:13,00:19
18,MUDKHED,MUE,On Time,00:03
19,BHOKAR,BOKR,00:05,00:05
20,HIMAYATNAGAR,HEM,On Time,On Time
21,SAHARSRAKUND,SHSK,On Time,On Time
22,BODHADI BUJRUG,BHBK,00:07,00:08
23,KINWAT,KNVT,00:08,00:10
24,ADILABAD,ADB,On Time,On Time
25,PIMPALKHUTI,PMKT,On Time,00:02
26,WANI,WANI,00:23,00:23
27,BHANDAK,BUX,00:39,00:42
28,CHANDRAPUR,CD,00:51,00:51
29,BALHARSHAH,BPQ,On Time,
02-Oct 11:22,,,,
