sr_no,station,station_code,avg_arr_delay,avg_dep_delay
Train No./Name,,,,
12051 MAO JANSHATABDI,,,,
Days of Run:Daily,Type:JAN SHATABDI,,,
Sr.,Station,Code,Avg. Arr. Delay,Avg. Dep. Delay
1,CHHATRAPATI SHIVAJI MAHARAJ TERMINUS,CSMT,,00:03
2,DADAR,DR,00:11,00:12
3,THANE,TNA,00:18,00:18
4,PANVEL,PNVL,00:21,00:23
5,CHIPLUN,CHI,00:15,00:21
6,RATNAGIRI,RN,00:33,00:47
7,KANKAVLI,KKW,01:04,01:06
8,KUDAL,KUDL,00:58,00:58
9,SAWANTWADI ROAD,SWV,01:03,01:04
10,THIVIM,THVM,00:57,00:59
11,MADGAON JUNCTION,MAO,00:22,
02-Oct 11:17,,,,
