sr_no,station,station_code,avg_arr_delay,avg_dep_delay
Train No./Name,,,,
12071 JANSHATABDTI EX,,,,
Days of Run:Daily,Type:JAN SHATABDI,,,
Sr.,Station,Code,Avg. Arr. Delay,Avg. Dep. Delay
1,CHHATRAPATI SHIVAJI MAHARAJ TERMINUS,CSMT,,00:02
2,DADAR,DR,00:06,00:06
3,THANE,TNA,00:11,00:11
4,KALYAN JN,KYN,00:10,00:11
5,KASARA,KSRA,00:21,00:27
6,IGATPURI,IGP,00:21,00:20
7,NASIK ROAD,NK,00:30,00:32
8,MANMAD JN,MMR,00:27,00:29
9,AURANGABAD,AWB,00:24,00:27
10,JALNA,J,00:16,00:15
11,PARTUR,PTU,00:22,00:24
12,SELU,SELU,00:31,00:34
13,PARBHANI JN,PBN,00:36,00:37
14,PURNA JN,PAU,00:21,00:26
15,BASMAT,BMF,00:27,00:28
16,HINGOLI DECCAN,HNL,On Time,
02-Oct 11:20,,,,
