sr_no,station,station_code,avg_arr_delay,avg_dep_delay
Train No./Name,,,,
12101 JNANESHWARI EXP,,,,
"Days of Run:Mon,Tue,Fri,Sat",Type:SUPERFAST,,,
Sr.,Station,Code,Avg. Arr. Delay,Avg. Dep. Delay
1,LOKMANYATILAK,LTT,,00:21
2,KALYAN JN,KYN,00:47,00:50
3,BHUSAVAL JN,BSL,00:51,00:56
4,AKOLA JN.,AK,00:55,00:54
5,BADNERA JN.,BD,00:24,00:30
6,NAGPUR,NGP,00:01,00:09
7,GONDIA JN,G,00:16,00:19
8,RAJ NANDGAON,RJN,00:14,00:14
9,DURG,DURG,On Time,00:01
10,RAIPUR JN,R,00:02,00:02
11,BILASPUR JN.,BSP,On Time,00:01
12,JHARSUGUDA JN,JSG,01:13,01:14
13,ROURKELA,ROU,02:16,02:17
14,CHAKARADHARPUR,CKP,02:59,03:03
15,TATANAGAR JN,TATA,04:58,05:10
16,KHARAGPUR JN,KGP,03:53,03:50
17,SANTRAGACHI JN,SRC,05:00,05:01
18,SHALIMAR,SHM,04:44,
02-Oct 11:15,,,,
