sr_no,station,station_code,avg_arr_delay,avg_dep_delay
Train No./Name,,,,
12107 LTT SITAPUR EXP,,,,
"Days of Run:Mon,Wed,Sat",Type:SUPERFAST,,,
Sr.,Station,Code,Avg. Arr. Delay,Avg. Dep. Delay
1,LOKMANYATILAK,LTT,,On Time
2,THANE,TNA,00:10,00:09
3,KALYAN JN,KYN,00:12,00:12
4,NASIK ROAD,NK,00:23,00:22
5,BHUSAVAL JN,BSL,00:09,00:13
6,BHOPAL,BPL,On Time,00:04
7,LALITPUR,LAR,00:23,00:24
8,VIRANGANA LAKSHMIBAI JHANSI,VGLJ,00:11,00:13
9,ORAI,ORAI,00:29,00:30
10,KANPUR CENTRAL,CNB,00:03,00:07
11,AISHBAGH,ASH,00:27,00:31
12,MOHIBULLAPUR,MBP,00:20,00:23
13,SIDHAULI,SD,00:24,00:24
14,SITAPUR JN.,STP,00:08,
02-Oct 11:13,,,,
