sr_no,station,station_code,avg_arr_delay,avg_dep_delay
Train No./Name,,,,
12105 VIDARBHA EXPRESS,,,,
Days of Run:Daily,Type:SUPERFAST,,,
Sr.,Station,Code,Avg. Arr. Delay,Avg. Dep. Delay
1,CHHATRAPATI SHIVAJI MAHARAJ TERMINUS,CSMT,,00:01
2,DADAR,DR,00:08,00:08
3,THANE,TNA,00:15,00:15
4,KALYAN JN,KYN,00:31,00:32
5,NASIK ROAD,NK,00:43,00:44
6,MANMAD JN,MMR,00:42,00:43
7,CHALISGAON JN,CSN,00:42,00:46
8,JALGAON JN,JL,00:47,00:48
9,BHUSAVAL JN,BSL,00:35,00:42
10,MALKAPUR,MKU,00:47,00:47
11,NANDURA,NN,00:48,00:49
12,SHEGAON,SEG,00:42,00:43
13,AKOLA JN.,AK,00:35,00:34
14,MURTAJAPUR JN.,MZR,00:36,00:36
15,BADNERA JN.,BD,00:15,00:22
16,CHANDUR,CND,00:24,00:23
17,DHAMANGAON,DMN,00:21,00:22
18,PULGAON JN,PLO,00:25,00:26
19,WARDHA JN,WR,00:29,00:29
20,AJNI,AJNI,00:23,00:24
21,NAGPUR,NGP,00:03,00:11
22,KAMPTEE,KP,00:14,00:14
23,BHANDARA ROAD,BRD,00:08,00:08
24,TUMSAR ROAD,TMR,00:09,00:09
25,TIRORA,TRO,00:06,00:08
26,GONDIA JN,G,00:01,
02-Oct 11:23,,,,
