sr_no,station,station_code,avg_arr_delay,avg_dep_delay
Train No./Name,,,,
12109 PANCHAVATI EXP,,,,
Days of Run:Daily,Type:SUPERFAST,,,
Sr.,Station,Code,Avg. Arr. Delay,Avg. Dep. Delay
1,CHHATRAPATI SHIVAJI MAHARAJ TERMINUS,CSMT,,00:04
2,DADAR,DR,00:08,00:09
3,KALYAN JN,KYN,00:21,00:21
4,KASARA,KSRA,00:22,00:29
5,IGATPURI,IGP,00:26,00:26
6,DEVLALI,DVL,00:28,00:27
7,NASIK ROAD,NK,00:29,00:28
8,NIPHAD,NR,00:33,00:33
9,LASALGAON,LS,00:34,00:34
10,MANMAD JN,MMR,00:20,
02-Oct 11:23,,,,
