sr_no,station,station_code,avg_arr_delay,avg_dep_delay
Train No./Name,,,,
12111 CSMT AMI SF EXP,,,,
Days of Run:Daily,Type:SUPERFAST,,,
Sr.,Station,Code,Avg. Arr. Delay,Avg. Dep. Delay
1,CHHATRAPATI SHIVAJI MAHARAJ TERMINUS,CSMT,,00:01
2,DADAR,DR,00:06,00:05
3,THANE,TNA,00:33,00:33
4,KALYAN JN,KYN,00:45,00:45
5,NASIK ROAD,NK,00:39,00:38
6,JALGAON JN,JL,00:47,00:51
7,BHUSAVAL JN,BSL,00:33,00:40
8,MALKAPUR,MKU,00:40,00:40
9,NANDURA,NN,00:39,00:39
10,SHEGAON,SEG,00:34,00:35
11,AKOLA JN.,AK,00:28,00:32
12,MURTAJAPUR JN.,MZR,00:38,00:38
13,BADNERA JN.,BD,00:17,00:18
14,AMRAVATI,AMI,On Time,
02-Oct 11:23,,,,
