sr_no,station,station_code,avg_arr_delay,avg_dep_delay
Train No./Name,,,,
12139 SEVAGRAM EXP,,,,
Days of Run:Daily,Type:SUPERFAST,,,
Sr.,Station,Code,Avg. Arr. Delay,Avg. Dep. Delay
1,CHHATRAPATI SHIVAJI MAHARAJ TERMINUS,CSMT,,00:01
2,DADAR,DR,00:04,00:03
3,THANE,TNA,00:10,00:11
4,KALYAN JN,KYN,00:10,00:11
5,IGATPURI,IGP,00:19,00:19
6,DEVLALI,DVL,00:33,00:33
7,NASIK ROAD,NK,00:32,00:34
8,NIPHAD,NR,00:38,00:39
9,LASALGAON,LS,00:37,00:36
10,MANMAD JN,MMR,00:40,00:41
11,NANDGAON,NGN,00:47,00:47
12,CHALISGAON JN,CSN,00:47,00:48
13,PACHORA JN,PC,00:53,00:59
14,JALGAON JN,JL,01:01,01:02
15,BHUSAVAL JN,BSL,00:49,00:54
16,MALKAPUR,MKU,00:59,00:59
17,NANDURA,NN,00:57,00:59
18,SHEGAON,SEG,00:51,00:52
19,AKOLA JN.,AK,00:21,00:21
20,MURTAJAPUR JN.,MZR,00:19,00:18
21,BADNERA JN.,BD,00:10,00:14
22,CHANDUR,CND,00:14,00:17
23,DHAMANGAON,DMN,00:19,00:19
24,PULGAON JN,PLO,00:26,00:27
25,WARDHA JN,WR,00:31,00:31
26,SINDI,SNI,00:39,00:43
27,AJNI,AJNI,00:52,00:52
28,NAGPUR,NGP,00:08,
02-Oct 11:21,,,,
