sr_no,station,station_code,avg_arr_delay,avg_dep_delay
Train No./Name,,,,
12137 PUNJAB MAIL,,,,
Days of Run:Daily,Type:SUPERFAST,,,
Sr.,Station,Code,Avg. Arr. Delay,Avg. Dep. Delay
1,CHHATRAPATI SHIVAJI MAHARAJ TERMINUS,CSMT,,00:02
2,DADAR,DR,00:07,00:07
3,KALYAN JN,KYN,00:43,00:45
4,KASARA,KSRA,00:35,00:39
5,NASIK ROAD,NK,00:50,00:53
6,MANMAD JN,MMR,00:43,00:43
7,CHALISGAON JN,CSN,00:46,00:46
8,JALGAON JN,JL,00:46,00:46
9,BHUSAVAL JN,BSL,00:33,00:38
10,BURHANPUR,BAU,00:41,00:42
11,KHANDWA JUNCTION,KNW,00:11,00:16
12,KHIRKIYA,KKN,00:13,00:15
13,HARDA,HD,00:25,00:26
14,BANAPURA,BPF,00:32,00:33
15,ITARSI JN,ET,On Time,00:10
16,NARMADAPURAM,NDPM,00:15,00:15
17,RANI KAMALAPATI,RKMP,00:14,00:16
18,BHOPAL,BPL,00:20,00:21
19,VIDISHA,BHS,00:34,00:35
20,GANJ BASODA,BAQ,00:43,00:43
21,BINA JN,BINA,00:14,00:14
22,LALITPUR,LAR,00:22,00:24
23,BABINA,BAB,00:30,00:32
24,VIRANGANA LAKSHMIBAI JHANSI,VGLJ,00:20,00:22
25,DATIA,DAA,00:28,00:29
26,DABRA,DBA,00:37,00:40
27,GWALIOR,GWL,00:58,01:03
28,MORENA,MRA,01:04,01:04
29,DHAULPUR,DHO,00:36,00:38
30,AGRA CANTT,AGC,00:46,00:46
31,RAJA KI MANDI,RKM,00:48,00:48
32,MATHURA JN.,MTJ,00:52,00:55
33,KOSI KALAN,KSV,01:12,01:12
34,FARIDABAD,FDB,00:37,00:39
35,HAZRAT NIZAMUDDIN JN,NZM,00:55,00:55
36,NEW DELHI,NDLS,00:58,01:04
37,DELHI KISHANGNJ,DKZ,01:13,01:12
38,SHAKURBASTI,SSB,01:19,01:18
39,BAHADURGARH,BGZ,01:22,01:22
40,ROHTAK JN,ROK,01:28,01:28
41,JIND JN,JIND,01:25,01:25
42,NARWANA JN,NRW,01:28,01:28
43,TOHANA,TUN,01:29,01:28
44,JAKHAL JN,JHL,01:22,01:22
45,BARETA,BRZ,01:24,01:24
46,BUDHLADA,BLZ,01:25,01:25
47,MANSA,MSZ,01:26,01:26
48,MAUR,MAUR,01:28,01:29
49,BATHINDA,BTI,01:09,01:10
50,GONEANA,GNA,01:17,01:16
51,GANGSAR JAITU,GJUT,01:17,01:19
52,KOT KAPURA,KKP,01:18,01:19
53,FARIDKOT,FDK,01:17,01:21
54,FIROZPUR CANT,FZR,01:03,
02-Oct 11:23,,,,
