sr_no,station,station_code,avg_arr_delay,avg_dep_delay
Train No./Name,,,,
12133 MANGALURU EXP,,,,
Days of Run:Daily,Type:SUPERFAST,,,
Sr.,Station,Code,Avg. Arr. Delay,Avg. Dep. Delay
1,CHHATRAPATI SHIVAJI MAHARAJ TERMINUS,CSMT,,00:54
2,THANE,TNA,00:19,00:21
3,PANVEL,PNVL,01:07,01:09
4,RATNAGIRI,RN,01:44,01:59
5,KANKAVLI,KKW,02:08,02:08
6,KARMALI,KRMI,02:03,02:06
7,MADGAON JUNCTION,MAO,01:50,01:55
8,KARWAR,KAWR,01:58,01:59
9,KUMTA,KT,01:55,01:56
10,BHATKAL,BTJL,01:44,01:45
11,KUNDAPURA,KUDA,02:00,02:03
12,UDUPI,UD,02:05,02:05
13,SURATHKAL,SL,01:48,01:48
14,MANGALORE JUNCTION,MAJN,01:06,
02-Oct 11:25,,,,
