sr_no,station,station_code,avg_arr_delay,avg_dep_delay
Train No./Name,,,,
12143 LTT SLN SF EXP,,,,
Days of Run:Sun,Type:SUPERFAST,,,
Sr.,Station,Code,Avg. Arr. Delay,Avg. Dep. Delay
1,LOKMANYATILAK,LTT,,00:56
2,NASIK ROAD,NK,00:30,00:30
3,MANMAD JN,MMR,00:28,00:36
4,BHUSAVAL JN,BSL,00:51,00:54
5,KHANDWA JUNCTION,KNW,00:16,00:17
6,BHOPAL,BPL,On Time,On Time
7,BINA JN,BINA,00:08,00:08
8,VIRANGANA LAKSHMIBAI JHANSI,VGLJ,00:12,00:12
9,ORAI,ORAI,00:21,00:24
10,KANPUR CENTRAL,CNB,00:13,00:14
11,LUCKNOW,LKO,00:50,00:52
12,NIHALGARH,NHH,00:45,00:46
13,MUSAFIR KHANA,MFKA,00:45,00:48
14,SULTANPUR,SLN,00:50,
02-Oct 11:13,,,,
