sr_no,station,station_code,avg_arr_delay,avg_dep_delay
Train No./Name,,,,
12141 PATLIPUTRA EXP,,,,
Days of Run:Daily,Type:SUPERFAST,,,
Sr.,Station,Code,Avg. Arr. Delay,Avg. Dep. Delay
1,LOKMANYATILAK,LTT,,00:06
2,THANE,TNA,00:43,00:48
3,KALYAN JN,KYN,00:53,00:55
4,NASIK ROAD,NK,01:04,01:05
5,MANMAD JN,MMR,01:02,01:03
6,JALGAON JN,JL,01:17,01:17
7,BHUSAVAL JN,BSL,00:59,01:04
8,ITARSI JN,ET,00:30,00:34
9,JABALPUR,JBP,00:44,00:48
10,SATNA,STA,00:34,00:36
11,PRAYAGRAJ CHHEOKI,PCOI,00:34,00:40
12,PT.DEEN DAYAL UPADHYAYA JN.,DDU,00:03,00:09
13,ZAMANIA,ZNA,00:15,00:15
14,BUXAR,BXR,00:17,00:18
15,ARA,ARA,00:23,00:22
16,DANAPUR,DNR,00:21,00:22
17,PATLIPUTRA,PPTA,On Time,
02-Oct 11:17,,,,
