sr_no,station,station_code,avg_arr_delay,avg_dep_delay
Train No./Name,,,,
12145 LTT PURI EXP,,,,
Days of Run:Sun,Type:SUPERFAST,,,
Sr.,Station,Code,Avg. Arr. Delay,Avg. Dep. Delay
1,LOKMANYATILAK,LTT,,01:10
2,KALYAN JN,KYN,01:45,01:45
3,NASIK ROAD,NK,01:38,01:38
4,BHUSAVAL JN,BSL,02:00,02:07
5,AKOLA JN.,AK,02:02,02:00
6,BADNERA JN.,BD,01:39,01:39
7,NAGPUR,NGP,00:52,00:55
8,GONDIA JN,G,00:53,00:55
9,DURG,DURG,00:22,00:22
10,RAIPUR JN,R,00:26,00:28
11,MAHASAMUND,MSMD,00:33,00:32
12,KHARIAR ROAD,KRAR,00:50,00:51
13,KANTABANJI,KBJ,00:50,00:50
14,TITLAGARH,TIG,00:31,00:40
15,BALANGIR,BLGR,00:43,00:45
16,BARGARH ROAD,BRGA,00:41,00:43
17,SAMBALPUR,SBP,On Time,00:23
18,ANGUL,ANGL,On Time,On Time
19,TALCHER,TLHR,00:18,00:19
20,DHENKANAL,DNKL,00:20,00:19
21,CUTTACK,CTC,01:08,01:08
22,BHUBANESWAR,BBS,01:11,01:18
23,KHURDA ROAD JN,KUR,01:28,01:46
24,PURI,PURI,01:57,
02-Oct 11:15,,,,
