sr_no,station,station_code,avg_arr_delay,avg_dep_delay
Train No./Name,,,,
12151 LTT SHM SF EXP,,,,
"Days of Run:Wed,Thu",Type:SUPERFAST,,,
Sr.,Station,Code,Avg. Arr. Delay,Avg. Dep. Delay
1,LOKMANYATILAK,LTT,,01:08
2,KALYAN JN,KYN,01:25,01:29
3,NASIK ROAD,NK,01:47,01:45
4,BHUSAVAL JN,BSL,01:30,01:37
5,AKOLA JN.,AK,01:31,01:31
6,BADNERA JN.,BD,00:55,00:57
7,NAGPUR,NGP,00:20,00:20
8,GONDIA JN,G,00:30,00:31
9,RAJ NANDGAON,RJN,00:34,00:34
10,DURG,DURG,00:15,00:16
11,RAIPUR JN,R,00:19,00:20
12,BILASPUR JN.,BSP,00:16,00:15
13,RAIGARH,RIG,01:02,01:05
14,JHARSUGUDA JN,JSG,01:31,01:32
15,ROURKELA,ROU,03:51,03:48
16,CHAKARADHARPUR,CKP,04:16,04:17
17,PURULIA JN.,PRR,05:18,05:16
18,ADRA,ADRA,05:28,05:28
19,BANKURA,BQA,05:36,05:37
20,MIDNAPORE,MDN,05:35,05:34
21,KHARAGPUR JN,KGP,05:36,05:33
22,SHALIMAR,SHM,06:20,
02-Oct 11:15,,,,
