sr_no,station,station_code,avg_arr_delay,avg_dep_delay
Train No./Name,,,,
12165 LTT GKP SF EXP,,,,
"Days of Run:Mon,Thu,Fri",Type:SUPERFAST,,,
Sr.,Station,Code,Avg. Arr. Delay,Avg. Dep. Delay
1,LOKMANYATILAK,LTT,,00:34
2,THANE,TNA,00:42,00:45
3,KALYAN JN,KYN,00:56,00:57
4,NASIK ROAD,NK,00:48,00:47
5,MANMAD JN,MMR,00:43,00:43
6,JALGAON JN,JL,01:10,01:10
7,BHUSAVAL JN,BSL,00:59,01:04
8,ITARSI JN,ET,00:14,00:20
9,JABALPUR,JBP,00:42,00:44
10,KATNI,KTE,00:40,00:41
11,SATNA,STA,00:40,00:38
12,PRAYAGRAJ JN,PRYJ,00:17,00:41
13,JANGHAI JN,JNH,00:47,00:48
14,BHADOHI,BOY,00:50,00:51
15,VARANASI,BSB,00:44,00:53
16,MAU JN,MAU,01:02,01:02
17,DEORIA SADAR,DEOS,01:39,01:38
18,GORAKHPUR JN,GKP,01:39,
02-Oct 11:08,,,,
