sr_no,station,station_code,avg_arr_delay,avg_dep_delay
Train No./Name,,,,
12167 LTT BANARAS EXP,,,,
Days of Run:Daily,Type:SUPERFAST,,,
Sr.,Station,Code,Avg. Arr. Delay,Avg. Dep. Delay
1,LOKMANYATILAK,LTT,,00:40
2,KALYAN JN,KYN,00:58,01:00
3,NASIK ROAD,NK,01:00,00:59
4,BHUSAVAL JN,BSL,01:01,01:08
5,BURHANPUR,BAU,01:19,01:20
6,KHANDWA JUNCTION,KNW,00:38,00:50
7,ITARSI JN,ET,00:33,00:37
8,JABALPUR,JBP,00:43,00:51
9,KATNI,KTE,00:51,00:51
10,MAIHAR,MYR,01:15,01:16
11,SATNA,STA,00:49,00:53
12,MANIKPUR JN,MKP,00:27,00:32
13,PRAYAGRAJ CHHEOKI,PCOI,00:43,01:13
14,VARANASI,BSB,00:15,00:31
15,BANARAS,BSBS,00:25,
02-Oct 11:16,,,,
