sr_no,station,station_code,avg_arr_delay,avg_dep_delay
Train No./Name,,,,
12163 LTT MAS EXP,,,,
Days of Run:Daily,Type:SUPERFAST,,,
Sr.,Station,Code,Avg. Arr. Delay,Avg. Dep. Delay
1,LOKMANYATILAK,LTT,,00:22
2,THANE,TNA,00:23,00:24
3,KALYAN JN,KYN,00:24,00:27
4,PUNE JN,PUNE,00:41,00:45
5,SOLAPUR JN,SUR,00:25,00:30
6,KALABURAGI,KLBG,00:33,00:34
7,WADI,WADI,00:12,00:22
8,YADGIR,YG,00:19,00:20
9,SAIDAPUR,SADP,00:20,00:21
10,RAICHUR,RC,00:16,00:20
11,MANTHRALAYAM RD,MALM,00:26,00:27
12,ADONI,AD,00:21,00:25
13,GUNTAKAL JN,GTL,00:11,00:22
14,GOOTY,GY,00:23,00:27
15,TADIPATRI,TU,00:29,00:30
16,YERRAGUNTLA,YA,00:24,00:25
17,CUDDAPAH,HX,00:21,00:24
18,RAZAMPETA,RJP,00:19,00:25
19,RENIGUNTA JN,RU,00:01,00:18
20,PUTTUR,PUT,00:16,00:19
21,TIRUTTANI,TRT,00:13,00:17
22,ARAKKONAM,AJJ,00:21,00:23
23,PERAMBUR,PER,00:22,00:22
24,PURATCHI THALAIVAR DR. MGR CTL CHENNAI,MAS,On Time,
02-Oct 11:15,,,,
