sr_no,station,station_code,avg_arr_delay,avg_dep_delay
Train No./Name,,,,
12161 LASHKAR EXP,,,,
Days of Run:Fri,Type:SUPERFAST,,,
Sr.,Station,Code,Avg. Arr. Delay,Avg. Dep. Delay
1,LOKMANYATILAK,LTT,,00:01
2,THANE,TNA,00:10,00:10
3,KALYAN JN,KYN,00:11,00:12
4,NASIK ROAD,NK,00:32,00:31
5,MANMAD JN,MMR,00:19,00:20
6,JALGAON JN,JL,00:47,00:48
7,BHUSAVAL JN,BSL,00:27,00:32
8,BURHANPUR,BAU,00:30,00:30
9,KHANDWA JUNCTION,KNW,00:04,00:03
10,HARDA,HD,00:12,00:13
11,TIMARNI,TBN,00:16,00:29
12,ITARSI JN,ET,00:28,00:28
13,RANI KAMALAPATI,RKMP,00:08,00:08
14,BINA JN,BINA,On Time,On Time
15,VIRANGANA LAKSHMIBAI JHANSI,VGLJ,On Time,00:47
16,DABRA,DBA,01:15,01:17
17,GWALIOR,GWL,01:53,01:56
18,MORENA,MRA,02:33,02:33
19,AGRA CANTT,AGC,01:43,
02-Oct 11:13,,,,
