sr_no,station,station_code,avg_arr_delay,avg_dep_delay
Train No./Name,,,,
12173 UDYOG NAGRI EXP,,,,
"Days of Run:Tue,Sun",Type:SUPERFAST,,,
Sr.,Station,Code,Avg. Arr. Delay,Avg. Dep. Delay
1,LOKMANYATILAK,LTT,,00:22
2,THANE,TNA,00:27,00:28
3,KALYAN JN,KYN,00:26,00:28
4,NASIK ROAD,NK,00:54,00:58
5,BHUSAVAL JN,BSL,00:25,00:31
6,BHOPAL,BPL,On Time,00:02
7,VIRANGANA LAKSHMIBAI JHANSI,VGLJ,00:14,00:16
8,ORAI,ORAI,00:28,00:31
9,KANPUR CENTRAL,CNB,On Time,00:03
10,LUCKNOW,LKO,00:13,00:15
11,RAE BARELI JN,RBL,01:05,01:06
12,AMETHI,AME,01:23,01:22
13,MAA BELHA DEVI DHAM PRATAPGARH JUNCTION,MBDP,00:39,
02-Oct 11:14,,,,
