sr_no,station,station_code,avg_arr_delay,avg_dep_delay
Train No./Name,,,,
12171 LTT HW AC EXP,,,,
"Days of Run:Mon,Thu",Type:SUPERFAST,,,
Sr.,Station,Code,Avg. Arr. Delay,Avg. Dep. Delay
1,LOKMANYATILAK,LTT,,00:01
2,KALYAN JN,KYN,01:17,01:18
3,NASIK ROAD,NK,01:24,01:24
4,BHUSAVAL JN,BSL,01:28,01:34
5,KHANDWA JUNCTION,KNW,01:18,01:23
6,BHOPAL,BPL,01:06,01:08
7,VIRANGANA LAKSHMIBAI JHANSI,VGLJ,01:16,01:19
8,AGRA CANTT,AGC,01:09,01:14
9,HAZRAT NIZAMUDDIN JN,NZM,00:55,00:57
10,MEERUT CITY,MTC,01:23,01:24
11,TAPRI,TPZ,00:29,00:29
12,ROORKEE,RK,00:29,00:30
13,HARIDWAR JN,HW,00:28,
02-Oct 11:09,,,,
