sr_no,station,station_code,avg_arr_delay,avg_dep_delay
Train No./Name,,,,
12188 JBP GARIB RATH,,,,
"Days of Run:Tue,Thu,Sun",Type:GARIB RATH,,,
Sr.,Station,Code,Avg. Arr. Delay,Avg. Dep. Delay
1,CHHATRAPATI SHIVAJI MAHARAJ TERMINUS,CSMT,,00:06
2,DADAR,DR,00:10,00:10
3,KALYAN JN,KYN,00:18,00:18
4,NASIK ROAD,NK,00:27,00:27
5,MANMAD JN,MMR,00:29,00:30
6,JALGAON JN,JL,01:01,01:02
7,BHUSAVAL JN,BSL,00:55,01:00
8,KHANDWA JUNCTION,KNW,00:22,00:28
9,HARDA,HD,00:27,00:28
10,ITARSI JN,ET,00:20,00:23
11,PIPARIYA,PPI,00:26,00:27
12,GADARWARA,GAR,00:37,00:37
13,NARSINGHPUR,NU,00:39,00:38
14,SRIDHAM,SRID,00:23,00:26
15,JABALPUR,JBP,00:02,
02-Oct 11:46,,,,
