sr_no,station,station_code,avg_arr_delay,avg_dep_delay
Train No./Name,,,,
12201 KCVL GARIBRATH,,,,
"Days of Run:Mon,Fri",Type:GARIB RATH,,,
Sr.,Station,Code,Avg. Arr. Delay,Avg. Dep. Delay
1,LOKMANYATILAK,LTT,,00:03
2,THANE,TNA,00:01,00:01
3,PANVEL,PNVL,00:01,00:07
4,RATNAGIRI,RN,00:38,00:39
5,MADGAON JUNCTION,MAO,00:42,00:47
6,KARWAR,KAWR,01:05,01:09
7,ANKOLA,ANKL,01:10,01:10
8,UDUPI,UD,00:39,00:39
9,MANGALORE JUNCTION,MAJN,00:21,00:28
10,KASARAGOD,KGQ,00:28,00:28
11,KANNUR,CAN,00:21,00:26
12,KOZHIKKODE,CLT,00:29,00:31
13,TIRUR,TIR,00:30,00:31
14,SHORANUR JN,SRR,00:11,00:19
15,THRISUR,TCR,00:12,00:15
16,ERNAKULAM TOWN,ERN,00:24,00:26
17,KOTTAYAM,KTYM,00:12,00:12
18,CHANGANASSERI,CGY,00:10,00:10
19,TIRUVALLA,TRVL,00:12,00:12
20,CHENGANNUR,CNGR,00:12,00:12
21,KAYANKULAM JN,KYJ,00:07,00:08
22,KOLLAM JN,QLN,00:10,00:14
23,KOCHUVELI,KCVL,On Time,
02-Oct 11:14,,,,
