sr_no,station,station_code,avg_arr_delay,avg_dep_delay
Train No./Name,,,,
12216 DEE GARIBRATH,,,,
"Days of Run:Tue,Wed,Fri,Sun",Type:GARIB RATH,,,
Sr.,Station,Code,Avg. Arr. Delay,Avg. Dep. Delay
1,BANDRA TERMINUS,BDTS,,On Time
2,BORIVALI,BVI,00:14,00:15
3,SURAT,ST,00:04,00:06
4,BHARUCH JN,BH,00:13,00:13
5,VADODARA JN,BRC,00:19,00:21
6,ANAND JN,ANND,00:26,00:25
7,NADIAD JN,ND,00:24,00:24
8,AHMEDABAD JN,ADI,00:07,00:07
9,GANDHINAGAR CAPITAL,GNC,00:23,00:24
10,PALANPUR JN,PNU,On Time,00:01
11,ABU ROAD,ABR,00:06,00:06
12,FALNA,FA,00:07,00:05
13,AJMER JN,AII,On Time,00:01
14,JAIPUR JN.,JP,00:19,00:18
15,ALWAR,AWR,00:13,00:14
16,KHAIRTHAL,KRH,00:16,00:16
17,REWARI JN.,RE,00:02,00:07
18,GURGAON,GGN,00:05,00:05
19,DELHI CANTT,DEC,00:04,00:04
20,DELHI SARAI ROHILLA,DEE,On Time,
02-Oct 11:30,,,,
