sr_no,station,station_code,avg_arr_delay,avg_dep_delay
Train No./Name,,,,
12239 HISAR DURONTO,,,,
"Days of Run:Tue,Sun",Type:DURONTO EXPRESS,,,
Sr.,Station,Code,Avg. Arr. Delay,Avg. Dep. Delay
1,MUMBAI CENTRAL,MMCT,,On Time
2,VADODARA JN,BRC,00:22,00:20
3,RATLAM JN,RTM,00:03,00:04
4,KOTA JN,KOTA,On Time,On Time
5,SAWAI MADHOPUR,SWM,00:03,00:09
6,JAIPUR JN.,JP,00:35,00:38
7,RINGAS JN,RGS,00:47,00:47
8,SIKAR JN,SIKR,00:22,00:21
9,JHUNJHUNU,JJN,00:20,00:21
10,LOHARU,LHU,On Time,00:01
11,SADULPUR JN,SDLP,00:05,00:20
12,HISAR,HSR,00:04,
02-Oct 11:07,,,,
