sr_no,station,station_code,avg_arr_delay,avg_dep_delay
Train No./Name,,,,
12322 KOLKATA MAIL,,,,
Days of Run:Daily,Type:SUPERFAST,,,
Sr.,Station,Code,Avg. Arr. Delay,Avg. Dep. Delay
1,CHHATRAPATI SHIVAJI MAHARAJ TERMINUS,CSMT,,00:43
2,DADAR,DR,00:20,00:21
3,KALYAN JN,KYN,00:51,00:52
4,KASARA,KSRA,01:06,01:11
5,NASIK ROAD,NK,01:13,01:12
6,MANMAD JN,MMR,01:11,01:13
7,CHALISGAON JN,CSN,01:14,01:14
8,JALGAON JN,JL,01:13,01:14
9,BHUSAVAL JN,BSL,01:11,01:18
10,BURHANPUR,BAU,01:22,01:22
11,KHANDWA JUNCTION,KNW,00:58,01:01
12,HARDA,HD,01:01,01:01
13,ITARSI JN,ET,00:49,00:53
14,PIPARIYA,PPI,00:55,00:55
15,GADARWARA,GAR,00:59,01:00
16,KARELI,KY,01:03,01:03
17,NARSINGHPUR,NU,01:04,01:05
18,SRIDHAM,SRID,01:03,01:03
19,JABALPUR,JBP,00:42,00:44
20,KATNI,KTE,00:59,00:59
21,MAIHAR,MYR,01:08,01:09
22,SATNA,STA,01:10,01:18
23,MANIKPUR JN,MKP,00:44,00:52
24,SHANKARGARH,SRJ,00:51,00:53
25,PRAYAGRAJ CHHEOKI,PCOI,01:01,01:04
26,VINDHYACHAL,BDL,01:15,01:17
27,MIRZAPUR,MZP,01:14,01:14
28,CHUNAR,CAR,01:06,01:07
29,PT.DEEN DAYAL UPADHYAYA JN.,DDU,00:27,00:36
30,BHABUA ROAD,BBU,00:30,00:31
31,SASARAM,SSM,00:56,01:06
32,DEHRI ON SONE,DOS,01:07,01:07
33,ANUGRAHA N ROAD,AUBR,01:09,01:09
34,GAYA JN,GAYA,00:51,00:58
35,KODERMA,KQR,01:04,01:06
36,PARSABAD,PSB,00:36,00:36
37,HAZARIBAGH RD,HZD,00:40,00:40
38,PARASNATH,PNME,01:14,01:14
39,NSC BOSE J GOMO,GMO,01:10,01:10
40,DHANBAD JN,DHN,00:26,00:43
41,BARAKAR,BRR,00:20,00:24
42,ASANSOL JN.,ASN,00:09,00:19
43,RANIGANJ,RNG,00:21,00:21
44,DURGAPUR,DGR,00:27,00:25
45,PANAGARH,PAN,00:26,00:25
46,BARDHAMAN,BWN,00:18,00:20
47,HOWRAH JN,HWH,00:21,
02-Oct 11:25,,,,
