sr_no,station,station_code,avg_arr_delay,avg_dep_delay
Train No./Name,,,,
12336 LTT BHAGALPUR EX,,,,
"Days of Run:Tue,Sun",Type:SUPERFAST,,,
Sr.,Station,Code,Avg. Arr. Delay,Avg. Dep. Delay
1,LOKMANYATILAK,LTT,,00:01
2,KALYAN JN,KYN,00:12,00:13
3,IGATPURI,IGP,00:05,00:06
4,NASIK ROAD,NK,00:09,00:08
5,MANMAD JN,MMR,00:07,00:08
6,BHUSAVAL JN,BSL,00:01,00:09
7,BURHANPUR,BAU,00:15,00:15
8,KHANDWA JUNCTION,KNW,00:01,00:03
9,HARDA,HD,00:04,00:04
10,ITARSI JN,ET,On Time,00:01
11,PIPARIYA,PPI,00:03,00:05
12,JABALPUR,JBP,On Time,00:06
13,KATNI,KTE,00:25,00:25
14,SATNA,STA,00:22,00:22
15,PRAYAGRAJ CHHEOKI,PCOI,00:09,00:13
16,MIRZAPUR,MZP,On Time,On Time
17,PT.DEEN DAYAL UPADHYAYA JN.,DDU,On Time,On Time
18,DILDARNAGAR JN,DLN,On Time,On Time
19,BUXAR,BXR,On Time,00:01
20,DUMRAON,DURE,00:02,00:02
21,ARA,ARA,00:05,00:05
22,DANAPUR,DNR,00:13,00:44
23,PATNA JN,PNBE,00:21,00:29
24,PATNA SAHEB,PNC,00:41,00:42
25,FATUHA,FUT,00:48,00:48
26,KHUSROPUR,KOO,00:50,00:50
27,BAKHTIYARPUR JN,BKP,00:51,00:52
28,BARH,BARH,00:56,00:57
29,MOKAMA,MKA,00:52,00:52
30,LUCKEESARAI JN,LKR,00:47,00:47
31,KIUL JN,KIUL,00:15,00:15
32,KAJRA,KJH,00:21,00:21
33,ABHAIPUR,AHA,00:22,00:22
34,JAMALPUR JN,JMP,00:12,00:12
35,BARIARPUR,BUP,00:14,00:16
36,SULTANGANJ,SGG,00:05,00:05
37,BHAGALPUR,BGP,00:01,
02-Oct 11:10,,,,
