sr_no,station,station_code,avg_arr_delay,avg_dep_delay
Train No./Name,,,,
12362 CSMT ASANSOL EXP,,,,
Days of Run:Wed,Type:SUPERFAST,,,
Sr.,Station,Code,Avg. Arr. Delay,Avg. Dep. Delay
1,CHHATRAPATI SHIVAJI MAHARAJ TERMINUS,CSMT,,On Time
2,DADAR,DR,00:03,00:03
3,KALYAN JN,KYN,00:19,00:19
4,MANMAD JN,MMR,00:22,00:24
5,BHUSAVAL JN,BSL,00:24,00:27
6,KHANDWA JUNCTION,KNW,00:06,00:11
7,ITARSI JN,ET,On Time,On Time
8,JABALPUR,JBP,On Time,On Time
9,KATNI,KTE,On Time,On Time
10,SATNA,STA,00:06,00:06
11,PRAYAGRAJ CHHEOKI,PCOI,00:23,00:30
12,MIRZAPUR,MZP,00:24,00:24
13,PT.DEEN DAYAL UPADHYAYA JN.,DDU,On Time,00:02
14,BUXAR,BXR,00:08,00:08
15,PATNA JN,PNBE,00:28,00:30
16,KIUL JN,KIUL,00:19,00:19
17,JHAJHA,JAJ,On Time,00:01
18,JASIDIH JN.,JSME,00:05,00:06
19,MADHUPUR JN.,MDP,00:07,00:08
20,CHITTARANJAN,CRJ,00:21,00:21
21,ASANSOL JN.,ASN,00:12,
02-Oct 11:45,,,,
