sr_no,station,station_code,avg_arr_delay,avg_dep_delay
Train No./Name,,,,
12471 SWARAJ EXPRESS,,,,
"Days of Run:Mon,Thu,Fri,Sun",Type:SUPERFAST,,,
Sr.,Station,Code,Avg. Arr. Delay,Avg. Dep. Delay
1,BANDRA TERMINUS,BDTS,,On Time
2,BORIVALI,BVI,00:18,00:20
3,PALGHAR,PLG,00:22,00:21
4,VAPI,VAPI,00:20,00:21
5,SURAT,ST,00:23,00:23
6,BHARUCH JN,BH,00:24,00:24
7,VADODARA JN,BRC,00:27,00:25
8,GODHRA JN,GDA,00:21,00:21
9,DAHOD,DHD,00:36,00:36
10,MEGHNAGAR,MGN,00:36,00:37
11,BAMNIA,BMI,00:39,00:38
12,RATLAM JN,RTM,00:45,00:46
13,NAGDA JN,NAD,00:31,00:29
14,VIKRAMGARH ALOT,VMA,00:37,00:37
15,BHAWANI MANDI,BWM,00:44,00:46
16,KOTA JN,KOTA,00:54,00:55
17,SAWAI MADHOPUR,SWM,01:16,01:18
18,GANGAPUR CITY,GGC,01:27,01:28
19,MATHURA JN.,MTJ,01:19,01:29
20,HAZRAT NIZAMUDDIN JN,NZM,01:53,01:54
21,NEW DELHI,NDLS,01:56,02:07
22,PANIPAT JN,PNP,01:51,01:52
23,AMBALA CANT JN,UMB,01:53,01:56
24,LUDHIANA JN,LDH,02:25,02:45
25,PHAGWARA JN,PGW,05:25,05:24
26,JALANDHAR CANT,JRC,05:26,05:27
27,PATHANKOT CANTT,PTKC,04:38,04:37
28,KATHUA,KTHU,04:38,04:43
29,JAMMUTAVI,JAT,05:01,05:09
30,MARTYR CAPTAIN TUSHAR MAHAJAN,MCTM,04:51,04:55
31,SHRI MATA VAISHNO DEVI KATRA,SVDK,04:39,
02-Oct 11:29,,,,
