sr_no,station,station_code,avg_arr_delay,avg_dep_delay
Train No./Name,,,,
12480 SURYANAGARI EXP,,,,
Days of Run:Daily,Type:SUPERFAST,,,
Sr.,Station,Code,Avg. Arr. Delay,Avg. Dep. Delay
1,BANDRA TERMINUS,BDTS,,On Time
2,BORIVALI,BVI,00:13,00:17
3,VAPI,VAPI,00:11,00:11
4,SURAT,ST,On Time,00:01
5,VADODARA JN,BRC,00:16,00:18
6,AHMEDABAD JN,ADI,00:01,00:07
7,MAHESANA JN,MSH,00:16,00:17
8,PALANPUR JN,PNU,On Time,00:01
9,ABU ROAD,ABR,00:08,00:06
10,PINDWARA,PDWA,00:07,00:08
11,JAWAI BANDH,JWB,00:08,00:08
12,FALNA,FA,00:07,00:07
13,RANI,RANI,00:08,00:08
14,MARWAR JN,MJ,On Time,00:04
15,PALI MARWAR,PMY,00:04,00:05
16,LUNI JN,LUNI,00:15,00:19
17,JODHPUR JN,JU,On Time,
02-Oct 11:31,,,,
