sr_no,station,station_code,avg_arr_delay,avg_dep_delay
Train No./Name,,,,
12490 DDR BKN SF EXP,,,,
"Days of Run:Wed,Sun",Type:SUPERFAST,,,
Sr.,Station,Code,Avg. Arr. Delay,Avg. Dep. Delay
1,DADAR,DDR,,00:02
2,BORIVALI,BVI,00:13,00:13
3,VAPI,VAPI,00:05,00:05
4,SURAT,ST,On Time,00:04
5,VADODARA JN,BRC,00:06,00:07
6,ANAND JN,ANND,00:03,00:03
7,NADIAD JN,ND,00:01,On Time
8,AHMEDABAD JN,ADI,On Time,00:07
9,MAHESANA JN,MSH,00:09,00:11
10,PATAN,PTN,00:08,00:10
11,BHILDI JN.,BLDI,On Time,00:01
12,DHANERA,DQN,00:23,00:24
13,RANIWARA,RNV,00:28,00:27
14,MARWAR BHINMAL,MBNL,00:18,00:18
15,MODRAN,MON,00:19,00:20
16,JALOR,JOR,00:21,00:22
17,MOKALSAR,MKSR,00:22,00:22
18,SAMDHARI JN,SMR,00:25,00:25
19,JODHPUR JN,JU,00:25,00:34
20,MERTA ROAD JN,MTD,00:16,00:14
21,NAGAUR,NGO,00:10,00:11
22,BIKANER JN,BKN,On Time,
02-Oct 11:52,,,,
