sr_no,station,station_code,avg_arr_delay,avg_dep_delay
Train No./Name,,,,
12519 LTT AGTL AC EXP,,,,
Days of Run:Sun,Type:SUPERFAST,,,
Sr.,Station,Code,Avg. Arr. Delay,Avg. Dep. Delay
1,LOKMANYATILAK,LTT,,00:01
2,THANE,TNA,00:07,00:08
3,KALYAN JN,KYN,00:08,00:08
4,NASIK ROAD,NK,00:07,00:07
5,MANMAD JN,MMR,00:09,00:10
6,JALGAON JN,JL,00:14,00:14
7,BHUSAVAL JN,BSL,00:23,00:28
8,KHANDWA JUNCTION,KNW,00:10,00:09
9,ITARSI JN,ET,00:01,00:03
10,JABALPUR,JBP,On Time,00:06
11,KATNI,KTE,00:12,00:11
12,SATNA,STA,00:03,00:08
13,PRAYAGRAJ CHHEOKI,PCOI,00:14,00:25
14,MIRZAPUR,MZP,00:17,00:24
15,PT.DEEN DAYAL UPADHYAYA JN.,DDU,On Time,00:01
16,DANAPUR,DNR,00:19,00:21
17,PATLIPUTRA,PPTA,00:15,00:15
18,HAJIPUR JN,HJP,00:24,00:24
19,BARAUNI JN,BJU,00:25,00:23
20,BEGUSARAI,BGS,00:27,00:28
21,KHAGARIA JN.,KGG,00:33,00:34
22,NAUGACHIA,NNA,00:45,00:46
23,KATIHAR JN,KIR,00:02,00:03
24,KISHANGANJ,KNE,01:13,01:14
25,NEW JALPAIGURI,NJP,00:46,01:00
26,NEW COOCH BEHAR,NCB,00:45,00:50
27,NEW BONGAIGAON,NBQ,00:35,00:38
28,RANGIYA JN.,RNY,00:28,00:32
29,KAMAKHYA,KYQ,00:10,00:46
30,GUWAHATI,GHY,00:49,01:00
31,CHAPARMUKH JN,CPK,01:22,01:53
32,HOJAI,HJI,01:41,01:41
33,MANDERDISA,MYD,01:45,02:00
34,NEW HAFLONG,NHLG,01:37,01:35
35,BADARPUR JN.,BPB,01:01,01:03
36,DHARMANAGAR,DMR,00:42,00:42
37,AMBASSA,ABSA,00:27,00:31
38,AGARTALA,AGTL,00:32,
02-Oct 11:09,,,,
