sr_no,station,station_code,avg_arr_delay,avg_dep_delay
Train No./Name,,,,
12534 PUSHPAK EXPRESS,,,,
Days of Run:Daily,Type:SUPERFAST,,,
Sr.,Station,Code,Avg. Arr. Delay,Avg. Dep. Delay
1,CHHATRAPATI SHIVAJI MAHARAJ TERMINUS,CSMT,,00:13
2,KALYAN JN,KYN,00:26,00:30
3,IGATPURI,IGP,00:25,00:26
4,NASIK ROAD,NK,00:30,00:30
5,MANMAD JN,MMR,00:30,00:31
6,BHUSAVAL JN,BSL,00:20,00:24
7,KHANDWA JUNCTION,KNW,00:14,00:16
8,ITARSI JN,ET,00:26,00:26
9,RANI KAMALAPATI,RKMP,00:15,00:17
10,BHOPAL,BPL,00:17,00:18
11,LALITPUR,LAR,00:25,00:26
12,VIRANGANA LAKSHMIBAI JHANSI,VGLJ,00:28,00:30
13,ORAI,ORAI,00:37,00:38
14,KANPUR CENTRAL,CNB,00:12,00:15
15,UNNAO JN,ON,00:25,00:25
16,LUCKNOW,LJN,On Time,
02-Oct 11:19,,,,
