sr_no,station,station_code,avg_arr_delay,avg_dep_delay
Train No./Name,,,,
12546 LTT-RXL KARMBHUMI EXP,,,,
Days of Run:Sat,Type:SUPERFAST,,,
Sr.,Station,Code,Avg. Arr. Delay,Avg. Dep. Delay
1,LOKMANYATILAK,LTT,,00:21
2,KALYAN JN,KYN,00:43,00:45
3,MANMAD JN,MMR,On Time,00:09
4,BHUSAVAL JN,BSL,00:11,00:18
5,KHANDWA JUNCTION,KNW,00:13,00:11
6,ITARSI JN,ET,On Time,On Time
7,JABALPUR,JBP,On Time,00:09
8,KATNI,KTE,On Time,On Time
9,SATNA,STA,On Time,00:03
10,PRAYAGRAJ CHHEOKI,PCOI,00:10,00:15
11,PT.DEEN DAYAL UPADHYAYA JN.,DDU,On Time,On Time
12,PATNA JN,PNBE,00:43,00:56
13,BARAUNI JN,BJU,01:41,01:40
14,SAMASTIPUR JN,SPJ,01:03,01:07
15,DARBHANGA JN,DBG,01:06,01:10
16,KAMTAUL,KML,01:22,01:22
17,JANAKPUR ROAD,JNR,01:27,01:28
18,SITAMARHI,SMI,01:36,01:36
19,BAIRAGNIA,BGU,01:48,01:48
20,RAXAUL JN,RXL,02:00,
02-Oct 11:14,,,,
