sr_no,station,station_code,avg_arr_delay,avg_dep_delay
Train No./Name,,,,
12598 CSMT-GKP -ANTODAYA EXPRES,,,,
Days of Run:Wed,Type:SUPERFAST,,,
Sr.,Station,Code,Avg. Arr. Delay,Avg. Dep. Delay
1,CHHATRAPATI SHIVAJI MAHARAJ TERMINUS,CSMT,,01:45
2,KALYAN JN,KYN,02:00,02:02
3,BHUSAVAL JN,BSL,02:39,02:43
4,ITARSI JN,ET,01:31,01:31
5,BHOPAL,BPL,01:20,01:24
6,VIRANGANA LAKSHMIBAI JHANSI,VGLJ,01:40,01:40
7,ORAI,ORAI,02:04,02:07
8,KANPUR CENTRAL,CNB,00:49,00:52
9,LUCKNOW,LKO,02:21,02:24
10,GONDA JN,GD,02:20,02:23
11,BASTI,BST,02:49,02:49
12,KHALILABAD,KLD,02:46,02:46
13,GORAKHPUR JN,GKP,02:21,
02-Oct 11:21,,,,
