sr_no,station,station_code,avg_arr_delay,avg_dep_delay
Train No./Name,,,,
12619 MATSYAGANDHA EXP,,,,
Days of Run:Daily,Type:SUPERFAST,,,
Sr.,Station,Code,Avg. Arr. Delay,Avg. Dep. Delay
1,LOKMANYATILAK,LTT,,00:03
2,THANE,TNA,00:07,00:07
3,PANVEL,PNVL,00:12,00:13
4,MANGAON,MNI,00:27,00:28
5,KHED,KHED,01:10,01:17
6,CHIPLUN,CHI,01:21,01:24
7,RATNAGIRI,RN,01:38,01:48
8,KUDAL,KUDL,02:17,02:19
9,MADGAON JUNCTION,MAO,01:39,01:43
10,KARWAR,KAWR,01:44,01:45
11,ANKOLA,ANKL,01:47,01:48
12,GOKARNA ROAD,GOK,01:44,01:44
13,KUMTA,KT,01:43,01:43
14,HONNAVAR,HNA,01:40,01:44
15,MURDESHWAR,MRDW,01:40,01:43
16,BHATKAL,BTJL,01:44,01:46
17,KUNDAPURA,KUDA,01:33,01:34
18,BARKUR,BKJ,01:37,01:37
19,UDUPI,UD,01:41,01:42
20,MULKI,MULK,01:29,01:29
21,SURATHKAL,SL,01:31,01:31
22,MANGALORE CENTRAL,MAQ,00:39,
02-Oct 11:13,,,,
