sr_no,station,station_code,avg_arr_delay,avg_dep_delay
Train No./Name,,,,
12701 HUSSAINSAGAR EXP,,,,
Days of Run:Daily,Type:SUPERFAST,,,
Sr.,Station,Code,Avg. Arr. Delay,Avg. Dep. Delay
1,CHHATRAPATI SHIVAJI MAHARAJ TERMINUS,CSMT,,00:16
2,KALYAN JN,KYN,00:35,00:36
3,PUNE JN,PUNE,00:47,00:53
4,KURDUVADI JN.,KWV,00:34,00:36
5,SOLAPUR JN,SUR,00:34,00:36
6,GANAGAPUR ROAD,GUR,00:41,00:41
7,KALABURAGI,KLBG,00:31,00:35
8,SHAHABAD,SDB,00:22,00:29
9,WADI,WADI,On Time,00:21
10,CHITTAPUR,CT,00:24,00:25
11,SERAM,SEM,00:31,00:32
12,TANDUR,TDU,00:47,00:48
13,VIKARABAD JN,VKB,00:38,00:39
14,HYDERABAD,HYB,00:13,
02-Oct 11:25,,,,
