sr_no,station,station_code,avg_arr_delay,avg_dep_delay
Train No./Name,,,,
12809 HOWRAH MAIL,,,,
Days of Run:Daily,Type:SUPERFAST,,,
Sr.,Station,Code,Avg. Arr. Delay,Avg. Dep. Delay
1,CHHATRAPATI SHIVAJI MAHARAJ TERMINUS,CSMT,,00:10
2,DADAR,DR,00:36,00:36
3,THANE,TNA,00:43,00:44
4,KALYAN JN,KYN,00:48,00:50
5,KASARA,KSRA,00:57,01:02
6,IGATPURI,IGP,01:03,01:06
7,NASIK ROAD,NK,01:11,01:12
8,MANMAD JN,MMR,01:08,01:11
9,CHALISGAON JN,CSN,01:15,01:15
10,JALGAON JN,JL,01:29,01:30
11,BHUSAVAL JN,BSL,01:09,01:14
12,MALKAPUR,MKU,01:24,01:24
13,NANDURA,NN,01:23,01:24
14,JALAMB JN.,JM,01:23,01:24
15,SHEGAON,SEG,01:24,01:25
16,AKOLA JN.,AK,01:19,01:18
17,MURTAJAPUR JN.,MZR,01:20,01:24
18,BADNERA JN.,BD,00:52,00:54
19,DHAMANGAON,DMN,00:54,00:55
20,PULGAON JN,PLO,00:56,00:57
21,WARDHA JN,WR,00:59,01:00
22,NAGPUR,NGP,00:44,00:52
23,BHANDARA ROAD,BRD,00:44,00:47
24,TUMSAR ROAD,TMR,00:43,00:46
25,GONDIA JN,G,00:46,00:48
26,DONGARGARH,DGG,00:45,00:47
27,RAJ NANDGAON,RJN,00:49,00:50
28,DURG,DURG,00:34,00:40
29,RAIPUR JN,R,00:41,00:41
30,BHATAPARA,BYT,00:50,00:50
31,BILASPUR JN.,BSP,00:33,00:37
32,CHAMPA,CPH,00:40,00:41
33,SAKTI,SKT,00:46,00:46
34,KHARSIA,KHS,00:46,00:46
35,RAIGARH,RIG,00:59,00:59
36,BELPAHAR,BPH,01:16,01:16
37,BRAJRAJNAGAR,BRJN,01:24,01:24
38,JHARSUGUDA JN,JSG,01:46,01:45
39,ROURKELA,ROU,02:52,02:53
40,CHAKARADHARPUR,CKP,03:15,03:16
41,TATANAGAR JN,TATA,05:00,05:06
42,KHARAGPUR JN,KGP,05:18,05:20
43,SANTRAGACHI JN,SRC,05:58,05:58
44,HOWRAH JN,HWH,05:29,
02-Oct 11:24,,,,
