sr_no,station,station_code,avg_arr_delay,avg_dep_delay
Train No./Name,,,,
12811 HATIA EXPRESS,,,,
"Days of Run:Mon,Sun",Type:SUPERFAST,,,
Sr.,Station,Code,Avg. Arr. Delay,Avg. Dep. Delay
1,LOKMANYATILAK,LTT,,00:01
2,THANE,TNA,00:08,00:08
3,KALYAN JN,KYN,00:13,00:16
4,NASIK ROAD,NK,00:10,00:10
5,MANMAD JN,MMR,00:16,00:23
6,BHUSAVAL JN,BSL,00:21,00:27
7,AKOLA JN.,AK,00:23,00:22
8,BADNERA JN.,BD,00:09,00:09
9,WARDHA JN,WR,00:07,00:08
10,NAGPUR,NGP,On Time,00:01
11,GONDIA JN,G,00:12,00:15
12,DURG,DURG,On Time,On Time
13,RAIPUR JN,R,00:01,00:08
14,BILASPUR JN.,BSP,On Time,On Time
15,RAIGARH,RIG,00:16,00:17
16,JHARSUGUDA JN,JSG,00:36,00:38
17,ROURKELA,ROU,01:28,01:28
18,HATIA,HTE,01:07,
02-Oct 11:07,,,,
