sr_no,station,station_code,avg_arr_delay,avg_dep_delay
Train No./Name,,,,
12859 GITANJALI EXP,,,,
Days of Run:Daily,Type:SUPERFAST,,,
Sr.,Station,Code,Avg. Arr. Delay,Avg. Dep. Delay
1,CHHATRAPATI SHIVAJI MAHARAJ TERMINUS,CSMT,,00:07
2,DADAR,DR,00:19,00:20
3,KALYAN JN,KYN,00:23,00:26
4,IGATPURI,IGP,00:24,00:26
5,NASIK ROAD,NK,00:32,00:31
6,JALGAON JN,JL,00:56,00:58
7,BHUSAVAL JN,BSL,00:46,00:52
8,MALKAPUR,MKU,00:55,00:56
9,SHEGAON,SEG,00:54,00:54
10,AKOLA JN.,AK,00:49,00:49
11,BADNERA JN.,BD,00:37,00:39
12,WARDHA JN,WR,00:39,00:40
13,NAGPUR,NGP,00:16,00:26
14,BHANDARA ROAD,BRD,00:27,00:28
15,GONDIA JN,G,00:22,00:25
16,RAJ NANDGAON,RJN,00:26,00:27
17,DURG,DURG,00:16,00:21
18,RAIPUR JN,R,00:23,00:26
19,BILASPUR JN.,BSP,00:22,00:30
20,RAIGARH,RIG,00:51,00:52
21,JHARSUGUDA JN,JSG,01:01,01:01
22,ROURKELA,ROU,01:48,01:48
23,CHAKARADHARPUR,CKP,02:09,02:11
24,TATANAGAR JN,TATA,03:53,03:59
25,KHARAGPUR JN,KGP,05:04,05:04
26,SANTRAGACHI JN,SRC,05:36,05:37
27,HOWRAH JN,HWH,05:06,
02-Oct 11:18,,,,
