sr_no,station,station_code,avg_arr_delay,avg_dep_delay
Train No./Name,,,,
12869 CSMT HOWRAH EXP,,,,
Days of Run:Sun,Type:SUPERFAST,,,
Sr.,Station,Code,Avg. Arr. Delay,Avg. Dep. Delay
1,CHHATRAPATI SHIVAJI MAHARAJ TERMINUS,CSMT,,00:20
2,DADAR,DR,00:23,00:24
3,KALYAN JN,KYN,00:49,00:50
4,NASIK ROAD,NK,00:37,00:38
5,BHUSAVAL JN,BSL,00:31,00:37
6,AKOLA JN.,AK,00:42,00:40
7,BADNERA JN.,BD,00:15,00:15
8,NAGPUR,NGP,On Time,00:01
9,GONDIA JN,G,On Time,00:01
10,DURG,DURG,On Time,On Time
11,RAIPUR JN,R,On Time,00:01
12,BILASPUR JN.,BSP,On Time,00:01
13,JHARSUGUDA JN,JSG,00:19,00:23
14,ROURKELA,ROU,01:07,01:27
15,CHAKARADHARPUR,CKP,01:35,01:34
16,TATANAGAR JN,TATA,02:37,02:42
17,KHARAGPUR JN,KGP,02:38,02:45
18,SANTRAGACHI JN,SRC,03:52,03:54
19,HOWRAH JN,HWH,04:17,
02-Oct 11:20,,,,
