sr_no,station,station_code,avg_arr_delay,avg_dep_delay
Train No./Name,,,,
12879 LTT BBS EXPRESS,,,,
"Days of Run:Wed,Sat",Type:SUPERFAST,,,
Sr.,Station,Code,Avg. Arr. Delay,Avg. Dep. Delay
1,LOKMANYATILAK,LTT,,On Time
2,THANE,TNA,00:11,00:11
3,KALYAN JN,KYN,00:15,00:18
4,NASIK ROAD,NK,00:13,00:13
5,MANMAD JN,MMR,00:18,00:20
6,BHUSAVAL JN,BSL,00:09,00:15
7,AKOLA JN.,AK,00:10,00:12
8,NAGPUR,NGP,On Time,On Time
9,GONDIA JN,G,00:04,00:04
10,RAIPUR JN,R,On Time,00:08
11,BILASPUR JN.,BSP,00:10,00:08
12,CHAMPA,CPH,00:11,00:11
13,RAIGARH,RIG,00:21,00:25
14,BELPAHAR,BPH,00:58,00:58
15,JHARSUGUDA ROAD,JSGR,01:17,01:17
16,SAMBALPUR CITY,SBPY,00:54,01:01
17,ANGUL,ANGL,00:25,00:27
18,TALCHER ROAD,TLHD,00:45,00:46
19,ANGUL,ANGL,01:13,01:15
20,TALCHER ROAD,TLHD,01:22,01:23
21,DHENKANAL,DNKL,00:51,00:52
22,DHENKANAL,DNKL,01:27,01:27
23,CUTTACK,CTC,00:43,00:50
24,CUTTACK,CTC,01:10,01:15
25,BHUBANESWAR,BBS,01:14,
26,BHUBANESWAR,BBS,01:20,
02-Oct 11:07,,,,
