sr_no,station,station_code,avg_arr_delay,avg_dep_delay
Train No./Name,,,,
12903 GOLDEN TEMPLE,,,,
Days of Run:Daily,Type:SUPERFAST,,,
Sr.,Station,Code,Avg. Arr. Delay,Avg. Dep. Delay
1,MUMBAI CENTRAL,MMCT,,00:01
2,BORIVALI,BVI,00:16,00:17
3,SURAT,ST,00:06,00:09
4,VADODARA JN,BRC,00:12,00:11
5,GODHRA JN,GDA,00:09,00:10
6,DAHOD,DHD,00:15,00:15
7,MEGHNAGAR,MGN,00:15,00:17
8,RATLAM JN,RTM,00:05,00:10
9,NAGDA JN,NAD,00:05,00:06
10,SHAMGARH,SGZ,00:09,00:12
11,BHAWANI MANDI,BWM,00:12,00:13
12,RAMGANJ MANDI,RMA,00:18,00:18
13,KOTA JN,KOTA,00:12,00:13
14,SAWAI MADHOPUR,SWM,00:24,00:23
15,GANGAPUR CITY,GGC,00:20,00:20
16,SHRI MAHAVEERJI,SMVJ,00:20,00:20
17,HINDAUN CITY,HAN,00:17,00:17
18,BAYANA JN,BXN,00:15,00:16
19,BHARATPUR JN,BTE,00:09,00:10
20,MATHURA JN.,MTJ,00:08,00:14
21,FARIDABAD,FDB,00:04,00:06
22,HAZRAT NIZAMUDDIN JN,NZM,00:07,00:08
23,GHAZIABAD,GZB,00:17,00:18
24,MEERUT CITY,MTC,00:28,00:28
25,MEERUT CANT,MUT,00:30,00:30
26,SAKHOTI TANDA,SKF,00:29,00:29
27,MUZAFFARNAGAR,MOZ,00:34,00:34
28,SAHARANPUR JN.,SRE,00:10,00:13
29,YAMUNANAGAR JAGADHRI,YJUD,00:16,00:17
30,AMBALA CANT JN,UMB,00:15,00:20
31,LUDHIANA JN,LDH,00:25,00:28
32,JALANDHAR CITY,JUC,00:11,00:15
33,BEAS,BEAS,00:12,00:13
34,AMRITSAR JN,ASR,On Time,
02-Oct 11:06,,,,
