sr_no,station,station_code,avg_arr_delay,avg_dep_delay
Train No./Name,,,,
12901 GUJRAT MAIL,,,,
Days of Run:Daily,Type:SUPERFAST,,,
Sr.,Station,Code,Avg. Arr. Delay,Avg. Dep. Delay
1,DADAR,DDR,,00:08
2,BORIVALI,BVI,00:23,00:21
3,PALGHAR,PLG,00:20,00:20
4,VALSAD,BL,00:26,00:27
5,NAVSARI,NVS,00:29,00:29
6,SURAT,ST,00:17,00:19
7,BHARUCH JN,BH,00:17,00:20
8,VADODARA JN,BRC,00:23,00:25
9,ANAND JN,ANND,00:28,00:28
10,NADIAD JN,ND,00:31,00:31
11,MAHEMADAVAD KHEDA ROAD,MHD,00:25,00:24
12,AHMEDABAD JN,ADI,On Time,
02-Oct 11:52,,,,
