sr_no,station,station_code,avg_arr_delay,avg_dep_delay
Train No./Name,,,,
12921 ST FLYING RANI,,,,
Days of Run:Daily,Type:SUPERFAST,,,
Sr.,Station,Code,Avg. Arr. Delay,Avg. Dep. Delay
1,MUMBAI CENTRAL,MMCT,,On Time
2,ANDHERI,ADH,00:13,00:12
3,BORIVALI,BVI,00:15,00:17
4,PALGHAR,PLG,00:14,00:14
5,DAHANU ROAD,DRD,00:14,00:14
6,VAPI,VAPI,00:13,00:13
7,VALSAD,BL,00:04,00:05
8,BILIMORA JN,BIM,00:06,00:06
9,AMALSAD,AML,00:08,00:08
10,NAVSARI,NVS,00:04,00:08
11,MAROLI,MRL,00:11,00:13
12,SACHIN,SCH,00:14,00:15
13,UDHNA JN,UDN,00:14,00:19
14,SURAT,ST,00:07,
02-Oct 11:05,,,,
