sr_no,station,station_code,avg_arr_delay,avg_dep_delay
Train No./Name,,,,
12925 PASCHIM EXPRESS,,,,
Days of Run:Daily,Type:SUPERFAST,,,
Sr.,Station,Code,Avg. Arr. Delay,Avg. Dep. Delay
1,MUMBAI CENTRAL,MMCT,,00:04
2,BORIVALI,BVI,00:16,00:18
3,DAHANU ROAD,DRD,00:20,00:20
4,VAPI,VAPI,00:25,00:26
5,VALSAD,BL,00:37,00:37
6,NAVSARI,NVS,00:32,00:32
7,SURAT,ST,00:02,00:05
8,BHARUCH JN,BH,00:10,00:10
9,VADODARA JN,BRC,00:08,00:08
10,GODHRA JN,GDA,00:01,00:05
11,DAHOD,DHD,00:08,00:08
12,MEGHNAGAR,MGN,00:07,00:07
13,RATLAM JN,RTM,00:02,00:05
14,KHACHROD,KUH,00:06,00:08
15,NAGDA JN,NAD,On Time,On Time
16,SHAMGARH,SGZ,On Time,00:01
17,RAMGANJ MANDI,RMA,00:04,00:04
18,KOTA JN,KOTA,00:01,00:09
19,SAWAI MADHOPUR,SWM,00:20,00:21
20,GANGAPUR CITY,GGC,00:02,00:08
21,HINDAUN CITY,HAN,00:14,00:15
22,BAYANA JN,BXN,00:13,00:17
23,BHARATPUR JN,BTE,00:04,00:11
24,MATHURA JN.,MTJ,On Time,00:04
25,FARIDABAD,FDB,On Time,00:07
26,HAZRAT NIZAMUDDIN JN,NZM,00:17,00:17
27,NEW DELHI,NDLS,00:11,00:16
28,SUBZI MANDI,SZM,00:24,00:24
29,SONIPAT,SNP,00:29,00:33
30,PANIPAT JN,PNP,00:38,00:40
31,KARNAL,KUN,00:42,00:42
32,KURUKSHETRA JN,KKDE,00:43,00:43
33,AMBALA CANT JN,UMB,00:15,00:14
34,CHANDIGARH,CDG,00:13,00:14
35,SAHIBZADA AJIT SINGH NAGAR,SASN,00:19,00:19
36,LUDHIANA JN,LDH,00:10,00:10
37,PHAGWARA JN,PGW,00:13,00:22
38,JALANDHAR CANT,JRC,00:24,00:24
39,JALANDHAR CITY,JUC,00:24,00:23
40,BEAS,BEAS,00:20,00:22
41,AMRITSAR JN,ASR,00:16,
02-Oct 11:59,,,,
