sr_no,station,station_code,avg_arr_delay,avg_dep_delay
Train No./Name,,,,
12931 ADI DOUBLE DECKR,,,,
"Days of Run:Mon,Tue,Wed,Thu,Fri,Sat",Type:SUPERFAST,,,
Sr.,Station,Code,Avg. Arr. Delay,Avg. Dep. Delay
1,MUMBAI CENTRAL,MMCT,,On Time
2,BORIVALI,BVI,00:19,00:19
3,VAPI,VAPI,00:09,00:10
4,VALSAD,BL,00:10,00:11
5,NAVSARI,NVS,00:07,00:07
6,SURAT,ST,00:04,00:05
7,BHARUCH JN,BH,00:15,00:15
8,VADODARA JN,BRC,00:22,00:22
9,ANAND JN,ANND,00:17,00:18
10,NADIAD JN,ND,00:18,00:21
11,AHMEDABAD JN,ADI,On Time,
02-Oct 11:05,,,,
