sr_no,station,station_code,avg_arr_delay,avg_dep_delay
Train No./Name,,,,
12959 BDTS BHUJ EXP,,,,
Days of Run:Sat,Type:SUPERFAST,,,
Sr.,Station,Code,Avg. Arr. Delay,Avg. Dep. Delay
1,BANDRA TERMINUS,BDTS,,On Time
2,BORIVALI,BVI,00:12,00:14
3,SURAT,ST,00:01,00:01
4,VADODARA JN,BRC,00:08,00:09
5,ANAND JN,ANND,00:17,00:17
6,NADIAD JN,ND,00:16,00:15
7,AHMEDABAD JN,ADI,On Time,On Time
8,MAHESANA JN,MSH,On Time,On Time
9,PALANPUR JN,PNU,On Time,00:23
10,DISA,DISA,00:23,00:22
11,BHILDI JN.,BLDI,00:26,00:25
12,DIYODAR,DEOR,00:22,00:23
13,RADHANPUR,RDHP,00:23,00:24
14,ADESAR,AAR,00:31,00:31
15,SAMAKHIALI B G,SIOB,02:31,02:41
16,BHACHAU BG,BCOB,02:43,02:43
17,GANDHIDHAM BG,GIMB,02:25,02:30
18,BHUJ,BHUJ,02:22,
02-Oct 11:32,,,,
