sr_no,station,station_code,avg_arr_delay,avg_dep_delay
Train No./Name,,,,
12953 AK TEJAS RAJ EX,,,,
Days of Run:Daily,Type:RAJDHANI,,,
Sr.,Station,Code,Avg. Arr. Delay,Avg. Dep. Delay
1,MUMBAI CENTRAL,MMCT,,On Time
2,BORIVALI,BVI,00:09,00:10
3,VAPI,VAPI,00:04,00:05
4,VALSAD,BL,00:06,00:06
5,SURAT,ST,On Time,00:01
6,BHARUCH JN,BH,00:08,00:08
7,VADODARA JN,BRC,00:13,00:13
8,RATLAM JN,RTM,00:06,00:08
9,KOTA JN,KOTA,00:10,00:12
10,SAWAI MADHOPUR,SWM,00:17,00:17
11,MATHURA JN.,MTJ,00:05,00:10
12,HAZRAT NIZAMUDDIN JN,NZM,00:07,
02-Oct 11:05,,,,
