sr_no,station,station_code,avg_arr_delay,avg_dep_delay
Train No./Name,,,,
12955 BCT - JP EXP,,,,
Days of Run:Daily,Type:SUPERFAST,,,
Sr.,Station,Code,Avg. Arr. Delay,Avg. Dep. Delay
1,MUMBAI CENTRAL,MMCT,,00:01
2,BORIVALI,BVI,00:17,00:17
3,VAPI,VAPI,00:19,00:20
4,SURAT,ST,00:04,00:05
5,ANKLESHWAR JN,AKV,00:08,00:08
6,VADODARA JN,BRC,00:18,00:16
7,DAHOD,DHD,00:28,00:28
8,MEGHNAGAR,MGN,00:27,00:27
9,RATLAM JN,RTM,00:12,00:15
10,NAGDA JN,NAD,00:02,00:09
11,VIKRAMGARH ALOT,VMA,00:17,00:17
12,CHAU MAHLA,CMU,00:17,00:17
13,SUWASRA,SVA,00:20,00:20
14,SHAMGARH,SGZ,00:22,00:22
15,BHAWANI MANDI,BWM,00:22,00:22
16,RAMGANJ MANDI,RMA,00:28,00:28
17,KOTA JN,KOTA,00:23,00:24
18,SAWAI MADHOPUR,SWM,00:12,00:11
19,DURGAPURA,DPA,00:11,00:12
20,JAIPUR JN.,JP,On Time,
02-Oct 11:06,,,,
