sr_no,station,station_code,avg_arr_delay,avg_dep_delay
Train No./Name,,,,
12965 BDTS BHUJ SFAST,,,,
Days of Run:Tue,Type:SUPERFAST,,,
Sr.,Station,Code,Avg. Arr. Delay,Avg. Dep. Delay
1,BANDRA TERMINUS,BDTS,,On Time
2,BORIVALI,BVI,00:27,00:26
3,SURAT,ST,00:07,00:08
4,VADODARA JN,BRC,00:13,00:14
5,ANAND JN,ANND,00:15,00:15
6,NADIAD JN,ND,00:14,00:14
7,AHMEDABAD JN,ADI,00:03,00:02
8,MAHESANA JN,MSH,On Time,On Time
9,PALANPUR JN,PNU,On Time,00:26
10,DISA,DISA,00:27,00:27
11,BHILDI JN.,BLDI,00:29,00:29
12,DIYODAR,DEOR,00:28,00:28
13,RADHANPUR,RDHP,00:24,00:25
14,ADESAR,AAR,00:35,00:36
15,SAMAKHIALI B G,SIOB,00:22,00:22
16,BHACHAU BG,BCOB,00:24,00:23
17,GANDHIDHAM BG,GIMB,00:16,00:37
18,BHUJ,BHUJ,00:07,
02-Oct 11:31,,,,
