sr_no,station,station_code,avg_arr_delay,avg_dep_delay
Train No./Name,,,,
12961 AVANTIKA EXPRESS,,,,
Days of Run:Daily,Type:SUPERFAST,,,
Sr.,Station,Code,Avg. Arr. Delay,Avg. Dep. Delay
1,MUMBAI CENTRAL,MMCT,,00:01
2,BORIVALI,BVI,00:18,00:18
3,VAPI,VAPI,00:31,00:32
4,VALSAD,BL,00:35,00:36
5,NAVSARI,NVS,00:36,00:36
6,SURAT,ST,00:15,00:15
7,ANKLESHWAR JN,AKV,00:15,00:16
8,BHARUCH JN,BH,00:20,00:19
9,VADODARA JN,BRC,00:18,00:19
10,GODHRA JN,GDA,00:16,00:17
11,DAHOD,DHD,00:22,00:24
12,MEGHNAGAR,MGN,00:25,00:25
13,THANDLA RD,THDR,00:24,00:24
14,BAMNIA,BMI,00:16,00:17
15,RATLAM JN,RTM,00:18,00:19
16,KHACHROD,KUH,00:25,00:25
17,NAGDA JN,NAD,00:22,00:22
18,UJJAIN JN,UJN,00:13,00:15
19,DEWAS,DWX,00:17,00:17
20,INDORE JN,INDB,On Time,
02-Oct 11:06,,,,
