sr_no,station,station_code,avg_arr_delay,avg_dep_delay
Train No./Name,,,,
12971 BDTS BVC SF EXP,,,,
Days of Run:Daily,Type:SUPERFAST,,,
Sr.,Station,Code,Avg. Arr. Delay,Avg. Dep. Delay
1,BANDRA TERMINUS,BDTS,,On Time
2,ANDHERI,ADH,00:13,00:14
3,BORIVALI,BVI,00:19,00:19
4,VAPI,VAPI,00:13,00:14
5,VALSAD,BL,00:17,00:17
6,NAVSARI,NVS,00:16,00:16
7,SURAT,ST,00:04,00:05
8,VADODARA JN,BRC,00:13,00:14
9,NADIAD JN,ND,00:14,00:13
10,AHMEDABAD JN,ADI,00:04,00:09
11,VIRAMGAM JN,VG,00:14,00:14
12,LIMBDI,LM,00:04,00:06
13,RANPUR,RUR,00:07,00:08
14,BOTAD JN,BTD,00:10,00:12
15,DHOLA JN,DLJ,00:20,00:21
16,SONGADH,SGD,00:20,00:20
17,SIHOR GUJARAT,SOJN,00:20,00:21
18,BHAVANAGAR PARA,BVP,00:19,00:20
19,BHAVNAGAR TERMINUS,BVC,On Time,
02-Oct 11:48,,,,
