sr_no,station,station_code,avg_arr_delay,avg_dep_delay
Train No./Name,,,,
12979 BDTS JAIPUR SF,,,,
"Days of Run:Tue,Thu,Sat",Type:SUPERFAST,,,
Sr.,Station,Code,Avg. Arr. Delay,Avg. Dep. Delay
1,BANDRA TERMINUS,BDTS,,00:03
2,ANDHERI,ADH,00:10,00:11
3,BORIVALI,BVI,00:17,00:18
4,PALGHAR,PLG,00:08,00:08
5,VAPI,VAPI,00:09,00:08
6,VALSAD,BL,00:07,00:05
7,NAVSARI,NVS,00:06,00:06
8,SURAT,ST,00:02,00:02
9,VADODARA JN,BRC,00:03,00:03
10,GODHRA JN,GDA,00:18,00:18
11,DAHOD,DHD,00:21,00:22
12,MEGHNAGAR,MGN,00:22,00:21
13,RATLAM JN,RTM,00:08,00:08
14,NAGDA JN,NAD,On Time,On Time
15,KOTA JN,KOTA,00:04,00:08
16,SAWAI MADHOPUR,SWM,On Time,00:04
17,DURGAPURA,DPA,00:02,00:24
18,JAIPUR JN.,JP,On Time,
02-Oct 11:47,,,,
