sr_no,station,station_code,avg_arr_delay,avg_dep_delay
Train No./Name,,,,
12989 DDR AJMER SF EXP,,,,
"Days of Run:Mon,Thu,Sat",Type:SUPERFAST,,,
Sr.,Station,Code,Avg. Arr. Delay,Avg. Dep. Delay
1,DADAR,DDR,,00:02
2,BORIVALI,BVI,00:14,00:15
3,VALSAD,BL,00:09,00:07
4,NAVSARI,NVS,00:02,00:03
5,SURAT,ST,00:02,00:05
6,BHARUCH JN,BH,00:23,00:24
7,VADODARA JN,BRC,00:09,00:14
8,ANAND JN,ANND,00:06,00:06
9,NADIAD JN,ND,00:04,00:04
10,AHMEDABAD JN,ADI,00:06,00:07
11,MAHESANA JN,MSH,00:12,00:13
12,UNJHA,UJA,00:19,00:19
13,PALANPUR JN,PNU,On Time,On Time
14,ABU ROAD,ABR,On Time,00:01
15,PINDWARA,PDWA,On Time,On Time
16,JAWAI BANDH,JWB,On Time,On Time
17,FALNA,FA,On Time,On Time
18,RANI,RANI,On Time,On Time
19,MARWAR JN,MJ,On Time,On Time
20,SOJAT ROAD,SOD,On Time,On Time
21,BEAWAR,BER,On Time,On Time
22,AJMER JN,AII,On Time,
02-Oct 11:52,,,,
