sr_no,station,station_code,avg_arr_delay,avg_dep_delay
Train No./Name,,,,
12997 BARMER HUMSAFAR,,,,
Days of Run:Wed,Type:SUPERFAST,,,
Sr.,Station,Code,Avg. Arr. Delay,Avg. Dep. Delay
1,BANDRA TERMINUS,BDTS,,On Time
2,VAPI,VAPI,00:01,00:01
3,VALSAD,BL,00:07,00:08
4,SURAT,ST,00:03,00:03
5,ANKLESHWAR JN,AKV,00:08,00:08
6,VADODARA JN,BRC,00:08,00:11
7,ANAND JN,ANND,00:25,00:25
8,NADIAD JN,ND,00:25,00:25
9,AHMEDABAD JN,ADI,00:14,00:13
10,MAHESANA JN,MSH,00:06,00:09
11,PATAN,PTN,00:07,00:08
12,BHILDI JN.,BLDI,On Time,On Time
13,RANIWARA,RNV,00:11,00:10
14,MARWAR BHINMAL,MBNL,00:08,00:10
15,MODRAN,MON,00:10,00:10
16,JALOR,JOR,00:15,00:15
17,MOKALSAR,MKSR,00:16,00:14
18,SAMDHARI JN,SMR,On Time,00:22
19,BALOTRA JN.,BLT,00:17,00:13
20,BAYTU,BUT,00:16,00:16
21,BARMER,BME,On Time,
02-Oct 11:51,,,,
