sr_no,station,station_code,avg_arr_delay,avg_dep_delay
Train No./Name,,,,
12995 BDTS AII SF EXP,,,,
"Days of Run:Wed,Fri,Sun",Type:SUPERFAST,,,
Sr.,Station,Code,Avg. Arr. Delay,Avg. Dep. Delay
1,BANDRA TERMINUS,BDTS,,00:01
2,BORIVALI,BVI,00:02,00:05
3,PALGHAR,PLG,00:05,00:05
4,VAPI,VAPI,On Time,00:02
5,VALSAD,BL,00:03,00:04
6,SURAT,ST,00:04,00:05
7,BHARUCH JN,BH,00:10,00:10
8,VADODARA JN,BRC,00:17,00:19
9,GODHRA JN,GDA,00:17,00:17
10,DAHOD,DHD,00:25,00:26
11,RATLAM JN,RTM,00:15,00:14
12,MANDASOR,MDS,00:31,00:29
13,NIMACH,NMH,00:09,00:09
14,NIMBAHERA,NBH,On Time,00:04
15,CHITTAURGARH JN.,COR,On Time,On Time
16,BHILWARA,BHL,On Time,On Time
17,BIJAINAGAR,BJNR,00:12,00:12
18,NASIRABAD,NSD,00:13,00:12
19,AJMER JN,AII,On Time,
02-Oct 11:47,,,,
