sr_no,station,station_code,avg_arr_delay,avg_dep_delay
Train No./Name,,,,
13202 LTT PATNA EXP,,,,
Days of Run:Daily,Type:MAIL EXPRESS,,,
Sr.,Station,Code,Avg. Arr. Delay,Avg. Dep. Delay
1,LOKMANYATILAK,LTT,,00:01
2,KALYAN JN,KYN,00:08,00:10
3,KASARA,KSRA,00:08,00:14
4,DEVLALI,DVL,00:18,00:18
5,NASIK ROAD,NK,00:17,00:18
6,NIPHAD,NR,00:19,00:19
7,MANMAD JN,MMR,00:31,00:36
8,NANDGAON,NGN,00:39,00:41
9,CHALISGAON JN,CSN,00:41,00:41
10,JALGAON JN,JL,00:36,00:37
11,BHUSAVAL JN,BSL,00:22,00:29
12,RAVER,RV,00:30,00:30
13,BURHANPUR,BAU,00:31,00:31
14,NEPANAGAR,NPNR,00:29,00:30
15,KHANDWA JUNCTION,KNW,00:05,00:06
16,TALVADYA,TLV,00:02,00:05
17,CHHANERA,CAER,00:05,00:07
18,KHIRKIYA,KKN,00:02,00:04
19,HARDA,HD,00:17,00:19
20,TIMARNI,TBN,00:24,00:28
21,BANAPURA,BPF,00:38,00:39
22,ITARSI JN,ET,On Time,00:05
23,SOHAGPUR,SGP,00:04,00:07
24,PIPARIYA,PPI,00:05,00:07
25,BANKHEDI,BKH,00:11,00:11
26,SALICHAUKA ROAD,SCKR,00:16,00:16
27,GADARWARA,GAR,00:21,00:21
28,KARELI,KY,00:19,00:19
29,NARSINGHPUR,NU,00:21,00:21
30,SRIDHAM,SRID,00:21,00:21
31,MADAN MAHAL,MML,00:16,00:17
32,JABALPUR,JBP,00:20,00:25
33,SIHORA ROAD,SHR,00:16,00:17
34,KATNI,KTE,00:19,00:21
35,MAIHAR,MYR,00:19,00:20
36,SATNA,STA,On Time,00:03
37,JAITWAR,JTW,00:11,00:11
38,MAJHAGAWAN,MJG,00:15,00:16
39,MANIKPUR JN,MKP,On Time,00:02
40,DABHAURA,DBR,00:03,00:05
41,SHANKARGARH,SRJ,00:17,00:18
42,PRAYAGRAJ CHHEOKI,PCOI,00:19,00:22
43,MANDA ROAD,MNF,00:38,00:39
44,VINDHYACHAL,BDL,00:32,00:33
45,MIRZAPUR,MZP,00:32,00:31
46,CHUNAR,CAR,00:07,00:12
47,PT.DEEN DAYAL UPADHYAYA JN.,DDU,On Time,00:01
48,ZAMANIA,ZNA,00:03,00:03
49,DILDARNAGAR JN,DLN,00:04,00:04
50,GAHMAR,GMR,00:11,00:13
51,BUXAR,BXR,On Time,00:05
52,RAGHUNATHPUR,RPR,00:17,00:18
53,BIHIYA,BEA,00:21,00:23
54,ARA,ARA,00:23,00:24
55,BIHTA,BTA,00:30,00:35
56,SADISOPUR,SDE,00:36,00:35
57,DANAPUR,DNR,00:42,00:43
58,PATNA JN,PNBE,On Time,
02-Oct 11:58,,,,
