sr_no,station,station_code,avg_arr_delay,avg_dep_delay
Train No./Name,,,,
14313 BAREILLY EXP,,,,
Days of Run:Mon,Type:MAIL EXPRESS,,,
Sr.,Station,Code,Avg. Arr. Delay,Avg. Dep. Delay
1,LOKMANYATILAK,LTT,,00:02
2,KALYAN JN,KYN,00:16,00:16
3,NASIK ROAD,NK,00:14,00:13
4,MANMAD JN,MMR,00:11,00:11
5,JALGAON JN,JL,00:13,00:14
6,BHUSAVAL JN,BSL,00:01,00:07
7,BURHANPUR,BAU,00:28,00:28
8,KHANDWA JUNCTION,KNW,00:12,00:13
9,HARDA,HD,00:07,00:08
10,ITARSI JN,ET,00:17,00:19
11,RANI KAMALAPATI,RKMP,00:07,00:09
12,BHOPAL,BPL,00:06,00:13
13,BINA JN,BINA,00:01,00:09
14,VIRANGANA LAKSHMIBAI JHANSI,VGLJ,On Time,00:01
15,GWALIOR,GWL,00:04,00:06
16,MORENA,MRA,00:15,00:14
17,AGRA CANTT,AGC,00:09,00:25
18,AGRA FORT,AF,00:21,00:21
19,ETMADPUR,ETUE,00:17,00:17
20,ALIGARH JN,ALJN,On Time,00:12
21,BABRALA,BBA,On Time,00:01
22,CHANDAUSI JN,CH,00:12,00:17
23,DABTARA,DUB,On Time,00:02
24,AONLA,AO,On Time,00:02
25,BAREILLY(NR),BE,On Time,
02-Oct 11:10,,,,
