sr_no,station,station_code,avg_arr_delay,avg_dep_delay
Train No./Name,,,,
14708 RANAKPUR EXP,,,,
Days of Run:Daily,Type:MAIL EXPRESS,,,
Sr.,Station,Code,Avg. Arr. Delay,Avg. Dep. Delay
1,DADAR,DDR,,00:01
2,BORIVALI,BVI,00:19,00:17
3,PALGHAR,PLG,00:11,00:08
4,VAPI,VAPI,00:02,00:02
5,VALSAD,BL,00:06,00:04
6,NAVSARI,NVS,00:13,00:13
7,SURAT,ST,On Time,00:01
8,BHARUCH JN,BH,00:13,00:15
9,VADODARA JN,BRC,00:16,00:22
10,ANAND JN,ANND,00:30,00:30
11,NADIAD JN,ND,00:32,00:32
12,AHMEDABAD JN,ADI,On Time,00:02
13,SABARMATI BG,SBIB,00:10,00:15
14,KALOL,KLL,00:12,00:14
15,MAHESANA JN,MSH,00:11,00:13
16,PALANPUR JN,PNU,On Time,00:01
17,ABU ROAD,ABR,On Time,On Time
18,PINDWARA,PDWA,00:01,00:02
19,JAWAI BANDH,JWB,On Time,00:03
20,FALNA,FA,00:01,00:02
21,RANI,RANI,00:01,00:01
22,SOMESAR,SOS,00:03,00:03
23,MARWAR JN,MJ,On Time,On Time
24,PALI MARWAR,PMY,On Time,On Time
25,LUNI JN,LUNI,00:19,00:22
26,JODHPUR JN,JU,00:24,00:26
27,RAIKA BAGH,RKB,00:25,00:25
28,GOTAN,GOTN,00:27,00:27
29,MERTA ROAD JN,MTD,00:27,00:25
30,MARWAR MUNDWA,MDW,00:30,00:30
31,NAGAUR,NGO,00:31,00:29
32,NOKHA,NOK,00:35,00:36
33,DESHNOK,DSO,00:31,00:31
34,BIKANER JN,BKN,On Time,00:06
35,LALGARH JN,LGH,On Time,
02-Oct 11:52,,,,
