sr_no,station,station_code,avg_arr_delay,avg_dep_delay
Train No./Name,,,,
14702 ARAVALI EXP,,,,
Days of Run:Daily,Type:MAIL EXPRESS,,,
Sr.,Station,Code,Avg. Arr. Delay,Avg. Dep. Delay
1,BANDRA TERMINUS,BDTS,,00:01
2,ANDHERI,ADH,00:12,00:10
3,BORIVALI,BVI,00:14,00:18
4,DAHANU ROAD,DRD,00:11,00:11
5,VAPI,VAPI,00:21,00:21
6,NAVSARI,NVS,00:17,00:18
7,SURAT,ST,00:07,00:08
8,BHARUCH JN,BH,00:12,00:12
9,VADODARA JN,BRC,00:08,00:09
10,ANAND JN,ANND,00:07,00:07
11,NADIAD JN,ND,00:07,00:07
12,AHMEDABAD JN,ADI,On Time,00:03
13,SABARMATI BG,SBIB,00:09,00:10
14,KALOL,KLL,00:12,00:12
15,MAHESANA JN,MSH,00:11,00:10
16,UNJHA,UJA,00:22,00:25
17,SIDDHPUR,SID,00:24,00:24
18,CHHAPI,CHP,00:21,00:20
19,PALANPUR JN,PNU,00:04,00:03
20,ABU ROAD,ABR,On Time,On Time
21,SWARUPGANJ,SRPJ,On Time,On Time
22,PINDWARA,PDWA,00:01,00:01
23,NANA,NANA,On Time,00:01
24,JAWAI BANDH,JWB,On Time,On Time
25,FALNA,FA,On Time,On Time
26,RANI,RANI,On Time,On Time
27,SOMESAR,SOS,00:01,00:01
28,MARWAR JN,MJ,On Time,00:01
29,SOJAT ROAD,SOD,00:02,00:03
30,BEAWAR,BER,00:02,00:03
31,AJMER JN,AII,On Time,00:02
32,KISHANGARH,KSG,00:05,00:05
33,NARAINA,NRI,00:08,00:07
34,PHULERA,FL,00:11,00:17
35,ASALPURJOBNER,JOB,00:13,00:17
36,JAIPUR JN.,JP,On Time,00:07
37,DAHAR KA BALAJI,DKBJ,00:05,00:06
38,CHOMUN SAMOD,COM,00:09,00:09
39,GOVINDGARH MALIKPUR,GND,00:11,00:11
40,RINGAS JN,RGS,00:03,00:11
41,PALSANA,PLSN,00:13,00:13
42,SIKAR JN,SIKR,00:21,00:28
43,LACHHMAN GARH SIKAR,LNH,00:25,00:25
44,FATEHPUR-SHEKHAWATI,FPS,00:25,00:24
45,BISSAU,BUB,00:08,00:10
46,CHURU,CUR,On Time,00:04
47,SADULPUR JN,SDLP,00:06,00:05
48,TAHSIL BHADRA,TSD,00:15,00:16
49,NOHAR,NHR,00:16,00:15
50,ELLENABAD,ENB,00:15,00:15
51,HANUMANGARHTOWN,HMO,00:15,00:15
52,HANUMANGARH JN,HMH,On Time,00:05
53,SADULSHAHR,SDS,00:12,00:13
54,SHRI GANGANAGAR,SGNR,On Time,
02-Oct 11:49,,,,
