sr_no,station,station_code,avg_arr_delay,avg_dep_delay
Train No./Name,,,,
14808 DADAR JU EXP,,,,
"Days of Run:Mon,Wed,Sat",Type:MAIL EXPRESS,,,
Sr.,Station,Code,Avg. Arr. Delay,Avg. Dep. Delay
1,DADAR,DDR,,00:02
2,BORIVALI,BVI,00:18,00:16
3,VAPI,VAPI,00:16,00:17
4,SURAT,ST,On Time,00:06
5,BHARUCH JN,BH,00:05,00:06
6,VADODARA JN,BRC,On Time,00:05
7,AHMEDABAD JN,ADI,On Time,00:03
8,SABARMATI BG,SBIB,00:08,00:12
9,MAHESANA JN,MSH,00:12,00:27
10,PATAN,PTN,00:04,00:06
11,BHILDI JN.,BLDI,On Time,On Time
12,DHANERA,DQN,On Time,On Time
13,RANIWARA,RNV,00:05,00:05
14,MARWAR BHINMAL,MBNL,00:06,00:13
15,MODRAN,MON,00:08,00:08
16,JALOR,JOR,00:14,00:13
17,MOKALSAR,MKSR,00:17,00:17
18,SAMDHARI JN,SMR,00:22,00:22
19,BHAGAT KI KOTHI,BGKT,00:07,00:12
20,JODHPUR JN,JU,00:02,
02-Oct 11:51,,,,
