sr_no,station,station_code,avg_arr_delay,avg_dep_delay
Train No./Name,,,,
15017 LTT GKP EXPRESS,,,,
Days of Run:Daily,Type:MAIL EXPRESS,,,
Sr.,Station,Code,Avg. Arr. Delay,Avg. Dep. Delay
1,LOKMANYATILAK,LTT,,00:16
2,THANE,TNA,00:19,00:21
3,KALYAN JN,KYN,00:28,00:31
4,IGATPURI,IGP,00:41,00:42
5,NASIK ROAD,NK,00:38,00:41
6,LASALGAON,LS,00:39,00:39
7,MANMAD JN,MMR,00:25,00:27
8,NANDGAON,NGN,00:33,00:35
9,CHALISGAON JN,CSN,00:44,00:44
10,PACHORA JN,PC,00:44,00:45
11,JALGAON JN,JL,00:48,00:50
12,BHUSAVAL JN,BSL,00:31,00:38
13,RAVER,RV,01:02,01:07
14,BURHANPUR,BAU,01:14,01:14
15,NEPANAGAR,NPNR,01:07,01:10
16,KHANDWA JUNCTION,KNW,00:40,00:42
17,TALVADYA,TLV,00:31,00:46
18,CHHANERA,CAER,00:49,00:55
19,KHIRKIYA,KKN,00:38,00:38
20,HARDA,HD,00:48,00:49
21,TIMARNI,TBN,01:00,01:04
22,BANAPURA,BPF,00:26,00:32
23,ITARSI JN,ET,00:10,00:14
24,SOHAGPUR,SGP,00:22,00:22
25,PIPARIYA,PPI,00:20,00:21
26,GADARWARA,GAR,00:29,00:28
27,KARELI,KY,00:33,00:32
28,NARSINGHPUR,NU,00:31,00:31
29,SRIDHAM,SRID,00:31,00:32
30,MADAN MAHAL,MML,00:17,00:20
31,JABALPUR,JBP,00:23,00:25
32,SIHORA ROAD,SHR,00:24,00:26
33,KATNI,KTE,00:29,00:31
34,MAIHAR,MYR,00:42,00:42
35,SATNA,STA,00:26,00:28
36,JAITWAR,JTW,00:37,00:37
37,MANIKPUR JN,MKP,00:02,00:20
38,DABHAURA,DBR,00:20,00:22
39,SHANKARGARH,SRJ,00:33,00:40
40,AUNRIHAR JN.,ARJ,02:36,02:37
41,SADAT,SDT,02:39,02:39
42,JAKHANIAN,JKN,02:39,02:41
43,DULLAHAPUR,DLR,02:40,02:43
44,MAU JN,MAU,02:39,02:42
45,INDARA JN,IAA,02:45,02:46
46,BELTHARA ROAD,BLTR,02:38,02:48
47,LAR ROAD,LRD,02:49,02:49
48,SALEMPUR JN,SRU,02:49,02:50
49,BHATNI JN,BTT,02:52,03:05
50,DEORIA SADAR,DEOS,03:08,03:06
51,CHAURI CHAURA,CC,03:08,03:09
52,GORAKHPUR JN,GKP,03:48,
02-Oct 11:09,,,,
