sr_no,station,station_code,avg_arr_delay,avg_dep_delay
Train No./Name,,,,
15066 PNVL GKP EXPRESS,,,,
"Days of Run:Mon,Tue,Wed,Fri,Sat",Type:MAIL EXPRESS,,,
Sr.,Station,Code,Avg. Arr. Delay,Avg. Dep. Delay
1,PANVEL,PNVL,,02:48
2,KALYAN JN,KYN,03:21,03:28
3,NASIK ROAD,NK,03:12,03:17
4,BHUSAVAL JN,BSL,03:01,03:06
5,KHANDWA JUNCTION,KNW,02:47,02:46
6,HARDA,HD,02:55,02:56
7,ITARSI JN,ET,02:47,02:47
8,RANI KAMALAPATI,RKMP,02:55,02:56
9,VIDISHA,BHS,03:11,03:11
10,VIRANGANA LAKSHMIBAI JHANSI,VGLJ,03:20,03:24
11,ORAI,ORAI,03:37,03:39
12,POKHRAYAN,PHN,03:51,03:52
13,KANPUR CENTRAL,CNB,03:31,03:33
14,LUCKNOW,LKO,04:20,04:29
15,BARABANKI JN,BBK,04:22,04:21
16,GONDA JN,GD,03:42,03:50
17,BALRAMPUR,BLP,03:55,03:55
18,TULSIPUR,TLR,03:57,03:57
19,BARHNI,BNY,03:57,03:57
20,SHOHRATGARH,SOT,03:59,04:01
21,SIDDHARTH NAGAR,SDDN,03:53,03:57
22,ANAND NAGAR,ANDN,03:49,03:46
23,GORAKHPUR JN,GKP,03:33,
02-Oct 11:55,,,,
