sr_no,station,station_code,avg_arr_delay,avg_dep_delay
Train No./Name,,,,
15068 BDTS GKP EXP,,,,
Days of Run:Fri,Type:MAIL EXPRESS,,,
Sr.,Station,Code,Avg. Arr. Delay,Avg. Dep. Delay
1,BANDRA TERMINUS,BDTS,,On Time
2,BORIVALI,BVI,00:16,00:14
3,VAPI,VAPI,00:09,00:12
4,BHESTAN,BHET,00:24,00:38
5,NANDURBAR,NDB,On Time,00:01
6,JALGAON JN,JL,On Time,On Time
7,BHUSAVAL JN,BSL,On Time,00:01
8,KHANDWA JUNCTION,KNW,00:04,00:04
9,HARDA,HD,00:10,00:10
10,ITARSI JN,ET,00:12,00:13
11,RANI KAMALAPATI,RKMP,00:10,00:15
12,VIDISHA,BHS,01:03,01:03
13,VIRANGANA LAKSHMIBAI JHANSI,VGLJ,00:15,00:16
14,ORAI,ORAI,00:26,00:28
15,POKHRAYAN,PHN,00:34,00:36
16,KANPUR CENTRAL,CNB,On Time,00:18
17,LUCKNOW,LKO,00:38,00:40
18,BARABANKI JN,BBK,00:19,00:19
19,GONDA JN,GD,00:23,00:38
20,BALRAMPUR,BLP,00:35,00:35
21,KAUWAPUR,KPE,00:28,00:28
22,TULSIPUR,TLR,00:27,00:28
23,GAINSARI JN,GIR,00:28,00:29
24,PACHPERWA,PPW,00:27,00:27
25,BARHNI,BNY,00:18,00:18
26,SHOHRATGARH,SOT,00:11,00:11
27,SIDDHARTH NAGAR,SDDN,00:13,00:14
28,ANAND NAGAR,ANDN,On Time,00:01
29,GORAKHPUR JN,GKP,On Time,
02-Oct 11:26,,,,
