sr_no,station,station_code,avg_arr_delay,avg_dep_delay
Train No./Name,,,,
15102 LTT CPR ANTYODAY EXP,,,,
Days of Run:Thu,Type:MAIL EXPRESS,,,
Sr.,Station,Code,Avg. Arr. Delay,Avg. Dep. Delay
1,LOKMANYATILAK,LTT,,00:03
2,KALYAN JN,KYN,00:33,00:36
3,NASIK ROAD,NK,00:19,00:21
4,MANMAD JN,MMR,00:08,00:08
5,BHUSAVAL JN,BSL,On Time,00:05
6,KHANDWA JUNCTION,KNW,00:01,On Time
7,ITARSI JN,ET,On Time,00:02
8,BHOPAL,BPL,On Time,00:01
9,VIRANGANA LAKSHMIBAI JHANSI,VGLJ,00:30,00:37
10,ORAI,ORAI,00:53,00:56
11,GOVINDPURI,GOY,00:24,00:27
12,FATEHPUR,FTP,00:28,00:32
13,PRAYAGRAJ JN,PRYJ,00:23,00:51
14,MAA BELHA DEVI DHAM PRATAPGARH JUNCTION,MBDP,02:22,02:39
15,SULTANPUR,SLN,02:48,02:48
16,AYODHYA CANTT,AYC,02:21,02:28
17,AYODHYA DHAM JN,AY,02:12,02:18
18,MANKAPUR JN,MUR,02:18,02:26
19,BASTI,BST,02:35,02:35
20,GORAKHPUR JN,GKP,02:31,02:34
21,DEORIA SADAR,DEOS,02:31,02:32
22,BHATNI JN,BTT,02:28,02:29
23,SIWAN JN,SV,02:23,02:21
24,CHHAPRA,CPR,02:34,
02-Oct 11:14,,,,
