sr_no,station,station_code,avg_arr_delay,avg_dep_delay
Train No./Name,,,,
15182 LTT MAU EXPRESS,,,,
Days of Run:Mon,Type:MAIL EXPRESS,,,
Sr.,Station,Code,Avg. Arr. Delay,Avg. Dep. Delay
1,LOKMANYATILAK,LTT,,00:01
2,KALYAN JN,KYN,00:27,00:29
3,NASIK ROAD,NK,00:43,00:42
4,JALGAON JN,JL,00:32,00:33
5,BHUSAVAL JN,BSL,00:48,00:53
6,HARDA,HD,00:40,00:40
7,ITARSI JN,ET,00:17,00:19
8,JABALPUR,JBP,00:29,00:29
9,KATNI,KTE,00:28,00:29
10,SATNA,STA,00:24,00:30
11,MANIKPUR JN,MKP,On Time,00:01
12,PRAYAGRAJ JN,PRYJ,On Time,00:04
02-Oct 11:11,,,,
