sr_no,station,station_code,avg_arr_delay,avg_dep_delay
Train No./Name,,,,
15268 LTT-RXL ANTYODAY EXP,,,,
Days of Run:Mon,Type:MAIL EXPRESS,,,
Sr.,Station,Code,Avg. Arr. Delay,Avg. Dep. Delay
1,LOKMANYATILAK,LTT,,01:41
2,KALYAN JN,KYN,01:58,01:58
3,NASIK ROAD,NK,01:27,01:27
4,BHUSAVAL JN,BSL,00:56,00:59
5,KHANDWA JUNCTION,KNW,00:29,00:27
6,PIPARIYA,PPI,00:16,00:17
7,JABALPUR,JBP,00:24,00:34
8,KATNI,KTE,00:10,00:11
9,SATNA,STA,00:22,00:29
10,AUNRIHAR JN.,ARJ,03:16,03:13
11,GHAZIPUR CITY,GCT,03:13,03:12
02-Oct 11:45,,,,
