sr_no,station,station_code,avg_arr_delay,avg_dep_delay
Train No./Name,,,,
15548 LTT-RXL ANTYODAY EXPRESS,,,,
Days of Run:Wed,Type:SUPERFAST,,,
Sr.,Station,Code,Avg. Arr. Delay,Avg. Dep. Delay
1,KALYAN JN,KYN,00:06,00:07
2,MANMAD JN,MMR,00:22,00:24
3,BHUSAVAL JN,BSL,00:25,00:29
4,KHANDWA JUNCTION,KNW,00:07,00:08
5,ITARSI JN,ET,00:03,00:03
6,JABALPUR,JBP,00:26,00:34
7,KATNI,KTE,00:25,00:25
8,SATNA,STA,00:12,00:13
9,PRAYAGRAJ CHHEOKI,PCOI,On Time,00:02
10,MIRZAPUR,MZP,00:19,00:20
11,PT.DEEN DAYAL UPADHYAYA JN.,DDU,On Time,00:01
12,PATLIPUTRA,PPTA,00:03,00:01
13,HAJIPUR JN,HJP,On Time,On Time
14,MUZAFFARPUR JN,MFP,On Time,00:04
15,SITAMARHI,SMI,On Time,00:10
16,BAIRAGNIA,BGU,00:09,00:12
17,RAXAUL JN,RXL,00:15,
02-Oct 11:10,,,,
