sr_no,station,station_code,avg_arr_delay,avg_dep_delay
Train No./Name,,,,
15647 LTT GHY EXPRES,,,,
Days of Run:Fri,Type:MAIL EXPRESS,,,
Sr.,Station,Code,Avg. Arr. Delay,Avg. Dep. Delay
1,LOKMANYATILAK,LTT,,00:03
2,KALYAN JN,KYN,00:21,00:21
3,NASIK ROAD,NK,00:27,00:25
4,MANMAD JN,MMR,00:25,00:24
5,BHUSAVAL JN,BSL,00:11,00:15
6,BURHANPUR,BAU,00:24,00:23
7,KHANDWA JUNCTION,KNW,00:06,00:09
8,HARDA,HD,00:20,00:20
9,ITARSI JN,ET,On Time,00:05
10,PIPARIYA,PPI,00:10,00:11
11,JABALPUR,JBP,00:15,00:17
12,KATNI,KTE,00:31,00:30
13,SATNA,STA,00:27,00:27
14,PRAYAGRAJ CHHEOKI,PCOI,On Time,On Time
15,MIRZAPUR,MZP,On Time,On Time
16,PT.DEEN DAYAL UPADHYAYA JN.,DDU,On Time,00:01
17,DILDARNAGAR JN,DLN,On Time,On Time
18,BUXAR,BXR,On Time,On Time
19,DUMRAON,DURE,00:03,00:03
20,ARA,ARA,On Time,On Time
21,DANAPUR,DNR,On Time,00:02
22,PATNA JN,PNBE,On Time,On Time
23,PATNA SAHEB,PNC,00:05,00:06
24,FATUHA,FUT,00:13,00:14
25,KHUSROPUR,KOO,00:16,00:26
26,BAKHTIYARPUR JN,BKP,00:25,00:26
27,BARH,BARH,00:28,00:29
28,MOKAMA,MKA,00:26,00:25
29,HATHIDAH JN,HTZ,00:27,00:27
30,BARHIYA,BRYA,00:32,00:31
31,LUCKEESARAI JN,LKR,00:48,00:48
32,KIUL JN,KIUL,00:05,00:04
33,ABHAIPUR,AHA,On Time,00:01
34,JAMALPUR JN,JMP,00:06,00:07
35,BARIARPUR,BUP,00:14,00:14
36,SULTANGANJ,SGG,00:11,00:12
37,BHAGALPUR,BGP,00:01,On Time
38,KAHALGAON,CLG,00:02,00:04
39,SAHIBGANJ JN,SBG,On Time,00:07
40,BARHARWA JN,BHW,On Time,On Time
41,NEW FARAKKA JN,NFK,00:06,00:06
42,MALDA TOWN,MLDT,On Time,On Time
43,KISHANGANJ,KNE,00:29,00:27
44,NEW JALPAIGURI,NJP,00:39,00:50
45,DHUPGURI,DQG,00:43,00:41
46,NEW COOCH BEHAR,NCB,01:05,01:07
47,NEW ALIPURDUAR,NOQ,01:04,01:09
48,NEW BONGAIGAON,NBQ,00:53,00:53
49,BARPETA ROAD,BPRD,00:58,00:57
50,RANGIYA JN.,RNY,00:44,01:03
51,KAMAKHYA,KYQ,00:21,00:19
52,GUWAHATI,GHY,00:04,
02-Oct 11:10,,,,
