sr_no,station,station_code,avg_arr_delay,avg_dep_delay
Train No./Name,,,,
15945 LTT DIBRUGARH EX,,,,
"Days of Run:Wed,Sat",Type:MAIL EXPRESS,,,
Sr.,Station,Code,Avg. Arr. Delay,Avg. Dep. Delay
1,LOKMANYATILAK,LTT,,00:01
2,KALYAN JN,KYN,00:17,00:17
3,NASIK ROAD,NK,00:10,00:10
4,MANMAD JN,MMR,00:10,00:10
5,BHUSAVAL JN,BSL,On Time,00:04
6,BURHANPUR,BAU,00:09,00:08
7,KHANDWA JUNCTION,KNW,00:03,00:06
8,HARDA,HD,00:08,00:08
9,ITARSI JN,ET,On Time,00:03
10,JABALPUR,JBP,00:11,00:12
11,KATNI,KTE,00:31,00:30
12,SATNA,STA,00:30,00:32
13,PRAYAGRAJ CHHEOKI,PCOI,On Time,00:08
14,MIRZAPUR,MZP,00:05,00:10
15,PT.DEEN DAYAL UPADHYAYA JN.,DDU,On Time,00:02
16,DILDARNAGAR JN,DLN,On Time,On Time
17,BUXAR,BXR,On Time,On Time
18,DUMRAON,DURE,00:02,00:02
19,ARA,ARA,On Time,00:03
20,DANAPUR,DNR,00:13,00:26
21,PATNA JN,PNBE,00:06,00:18
22,PATNA SAHEB,PNC,00:22,00:24
23,BAKHTIYARPUR JN,BKP,00:33,00:32
24,BARH,BARH,00:35,00:35
25,MOKAMA,MKA,00:29,00:28
26,NEW BARAUNI JN.,NBJU,On Time,00:01
27,BEGUSARAI,BGS,00:07,00:07
28,KHAGARIA JN.,KGG,On Time,00:11
29,MANSI JN,MNE,00:11,00:15
30,THANA BIHPUR JN,THB,00:25,00:26
31,NAUGACHIA,NNA,00:25,00:25
32,KATIHAR JN,KIR,01:06,01:16
33,BARSOI JN,BOE,01:41,01:43
34,KISHANGANJ,KNE,02:14,02:12
35,NEW JALPAIGURI,NJP,02:26,02:31
36,DHUPGURI,DQG,02:07,02:06
37,NEW COOCH BEHAR,NCB,02:02,02:04
38,NEW ALIPURDUAR,NOQ,02:10,02:09
39,KOKRAJHAR,KOJ,02:20,02:20
40,NEW BONGAIGAON,NBQ,01:49,01:53
41,BARPETA ROAD,BPRD,01:56,01:55
42,RANGIYA JN.,RNY,02:03,02:22
43,KAMAKHYA,KYQ,01:51,01:59
44,GUWAHATI,GHY,01:52,01:52
45,HOJAI,HJI,02:00,02:00
46,LUMDING JN,LMG,01:46,01:51
47,DIPHU,DPU,01:57,02:03
48,DIMAPUR,DMV,02:10,02:17
49,FURKATING JN,FKG,01:48,01:49
50,MARIANI JN,MXN,01:58,02:00
51,SIMALUGURI JN,SLGR,02:24,02:25
52,NEW TINSUKIA,NTSK,02:22,02:23
53,DIBRUGARH,DBRG,01:38,
02-Oct 11:10,,,,
