sr_no,station,station_code,avg_arr_delay,avg_dep_delay
Train No./Name,,,,
16339 NAGARCOIL EXP,,,,
"Days of Run:Tue,Wed,Thu,Sat",Type:MAIL EXPRESS,,,
Sr.,Station,Code,Avg. Arr. Delay,Avg. Dep. Delay
1,CHHATRAPATI SHIVAJI MAHARAJ TERMINUS,CSMT,,00:06
2,DADAR,DR,00:27,00:28
3,THANE,TNA,00:41,00:41
4,KALYAN JN,KYN,00:55,00:58
5,KARJAT,KJT,00:51,00:55
6,PUNE JN,PUNE,01:09,01:09
7,DAUND JN,DD,01:39,01:37
8,KURDUVADI JN.,KWV,01:40,01:41
9,SOLAPUR JN,SUR,01:53,01:54
10,KALABURAGI,KLBG,01:35,01:34
11,SHAHABAD,SDB,01:35,01:38
12,WADI,WADI,01:05,01:09
13,YADGIR,YG,01:09,01:10
14,RAICHUR,RC,01:03,01:04
15,MANTHRALAYAM RD,MALM,01:07,01:08
16,ADONI,AD,01:11,01:14
17,GUNTAKAL JN,GTL,01:09,01:14
18,ANANTAPUR,ATP,00:55,00:56
19,DHARMAVARAM JN,DMM,00:41,00:48
20,KADIRI,KRY,00:42,00:44
21,MADANAPALLE RD,MPL,00:36,00:41
22,PILER,PIL,00:44,00:48
23,PAKALA JN,PAK,00:10,01:07
24,CHITTOOR,CTO,01:12,01:11
25,KATPADI JN,KPD,00:40,01:07
26,TIRUPATTUR JN,TPT,00:37,00:39
27,SAMALPATTI,SLY,00:45,00:46
28,SALEM JN,SA,00:32,00:48
29,NAMAKKAL,NMKL,00:45,00:47
30,KARUR,KRR,00:10,00:26
31,DINDIGUL JN,DG,On Time,00:22
32,KODAIKANAL ROAD,KQN,00:24,00:24
33,MADURAI JN,MDU,00:37,00:41
34,VIRUDUNAGAR JN,VPT,00:33,00:34
35,SATUR,SRT,00:32,00:32
36,KOVILPATTI,CVP,00:32,00:33
37,TIRUNELVELI JN,TEN,On Time,00:01
38,NANGUNERI,NNN,00:06,00:08
39,VALLIYUR,VLY,00:10,00:10
40,NAGERCOIL JUNCTION,NCJ,On Time,
02-Oct 11:46,,,,
