sr_no,station,station_code,avg_arr_delay,avg_dep_delay
Train No./Name,,,,
16331 TRIVANDRAM EXP,,,,
Days of Run:Sun,Type:MAIL EXPRESS,,,
Sr.,Station,Code,Avg. Arr. Delay,Avg. Dep. Delay
1,CHHATRAPATI SHIVAJI MAHARAJ TERMINUS,CSMT,,00:04
2,DADAR,DR,00:11,00:12
3,THANE,TNA,00:13,00:13
4,KALYAN JN,KYN,00:20,00:22
5,KARJAT,KJT,00:08,00:09
6,LONAVALA,LNL,00:20,00:21
7,PUNE JN,PUNE,00:24,00:27
8,DAUND JN,DD,00:26,00:24
9,KURDUVADI JN.,KWV,00:27,00:27
10,SOLAPUR JN,SUR,00:39,00:40
11,KALABURAGI,KLBG,00:25,00:25
12,SHAHABAD,SDB,00:30,00:30
13,WADI,WADI,On Time,On Time
14,YADGIR,YG,00:05,00:07
15,RAICHUR,RC,00:17,00:18
16,MANTHRALAYAM RD,MALM,00:22,00:23
17,ADONI,AD,00:26,00:29
18,GUNTAKAL JN,GTL,00:30,00:43
19,ANANTAPUR,ATP,00:17,00:18
20,DHARMAVARAM JN,DMM,On Time,On Time
21,HINDUPUR,HUP,00:13,00:14
22,BANGARAPET,BWT,00:36,00:42
23,TIRUPATTUR JN,TPT,00:21,00:22
24,SALEM JN,SA,00:20,00:26
25,ERODE JN,ED,00:25,00:27
26,TIRUPPUR,TUP,00:22,00:22
27,COIMBATORE JN,CBE,00:15,00:16
28,PODANUR JN,PTJ,00:13,00:14
29,PALAKKAD JN,PGT,00:08,00:15
30,OTTAPPALAM,OTP,00:09,00:10
31,THRISUR,TCR,00:08,00:07
32,ALUVA,AWY,00:09,00:09
33,ERNAKULAM JN,ERS,00:12,00:20
34,CHERTHALA,SRTL,00:19,00:20
35,ALAPPUZHA,ALLP,00:36,00:36
36,AMBALAPPUZHA,AMPA,00:41,00:42
37,HARIPAD,HAD,00:37,00:38
38,KAYANKULAM JN,KYJ,00:36,00:36
39,KOLLAM JN,QLN,00:37,00:42
40,VARKALA,VAK,00:49,00:49
41,THIRUVANANTHAPURAM CENTRAL,TVC,00:10,
02-Oct 11:24,,,,
