sr_no,station,station_code,avg_arr_delay,avg_dep_delay
Train No./Name,,,,
16345 NETRAVATI EXP,,,,
Days of Run:Daily,Type:MAIL EXPRESS,,,
Sr.,Station,Code,Avg. Arr. Delay,Avg. Dep. Delay
1,LOKMANYATILAK,LTT,,On Time
2,THANE,TNA,00:06,00:07
3,PANVEL,PNVL,00:05,00:06
4,ROHA,ROHA,00:01,00:03
5,KHED,KHED,00:21,00:34
6,CHIPLUN,CHI,00:34,00:45
7,SANGAMESHWAR ROAD,SGR,01:08,01:28
8,RATNAGIRI,RN,01:12,01:23
9,KUDAL,KUDL,01:43,01:43
10,THIVIM,THVM,01:57,02:03
11,KARMALI,KRMI,01:59,02:07
12,MADGAON JUNCTION,MAO,01:18,01:29
13,CANACONA,CNO,01:41,01:42
14,KARWAR,KAWR,01:38,01:42
15,KUMTA,KT,01:37,01:38
16,MURDESHWAR,MRDW,01:38,01:39
17,BHATKAL,BTJL,01:35,01:35
18,KUNDAPURA,KUDA,01:37,01:38
19,UDUPI,UD,01:44,01:44
20,SURATHKAL,SL,01:09,01:09
21,MANGALORE JUNCTION,MAJN,00:59,01:06
22,KASARAGOD,KGQ,01:07,01:08
23,KANHANGAD,KZE,01:08,01:12
24,NILESHWAR,NLE,01:12,01:13
25,CHARVATTUR,CHV,01:11,01:12
26,PAYYANUR,PAY,01:12,01:15
27,KANNAPURAM,KPQ,01:13,01:13
28,KANNUR,CAN,01:00,01:02
29,THALASSERY,TLY,01:04,01:06
30,VADAKARA,BDJ,01:00,01:01
31,KOZHIKKODE,CLT,01:05,01:09
32,PARPANANGADI,PGI,01:08,01:09
33,TIRUR,TIR,01:04,01:06
34,KUTTIPPURAM,KTU,01:00,01:01
35,SHORANUR JN,SRR,00:25,00:52
36,THRISUR,TCR,00:59,00:59
37,ALUVA,AWY,01:00,01:02
38,ERNAKULAM JN,ERS,01:08,01:15
39,CHERTHALA,SRTL,01:14,01:18
40,ALAPPUZHA,ALLP,01:27,01:32
41,AMBALAPPUZHA,AMPA,01:35,01:36
42,HARIPAD,HAD,01:34,01:35
43,KAYANKULAM JN,KYJ,01:19,01:19
44,KARUNAGAPPALLI,KPY,01:12,01:12
45,KOLLAM JN,QLN,01:03,01:04
46,VARKALA,VAK,01:05,01:06
47,THIRUVANANTHAPURAM CENTRAL,TVC,00:25,
02-Oct 11:11,,,,
