sr_no,station,station_code,avg_arr_delay,avg_dep_delay
Train No./Name,,,,
16351 NAGARCOIL EXP,,,,
"Days of Run:Mon,Fri",Type:MAIL EXPRESS,,,
Sr.,Station,Code,Avg. Arr. Delay,Avg. Dep. Delay
1,CHHATRAPATI SHIVAJI MAHARAJ TERMINUS,CSMT,,00:02
2,DADAR,DR,00:05,00:05
3,THANE,TNA,00:09,00:09
4,KALYAN JN,KYN,00:27,00:29
5,KARJAT,KJT,00:13,00:12
6,LONAVALA,LNL,00:23,00:24
7,PUNE JN,PUNE,00:34,00:37
8,DAUND JN,DD,00:38,00:36
9,KURDUVADI JN.,KWV,00:39,00:38
10,SOLAPUR JN,SUR,00:48,00:49
11,KALABURAGI,KLBG,00:30,00:30
12,SHAHABAD,SDB,00:31,00:31
13,WADI,WADI,On Time,00:02
14,YADGIR,YG,On Time,On Time
15,RAICHUR,RC,00:13,00:14
16,MANTHRALAYAM RD,MALM,00:13,00:22
17,ADONI,AD,00:26,00:28
18,GUNTAKAL JN,GTL,00:28,00:30
19,TADIPATRI,TU,00:30,00:31
20,YERRAGUNTLA,YA,00:22,00:23
21,CUDDAPAH,HX,00:19,00:20
22,RENIGUNTA JN,RU,On Time,00:01
23,TIRUTTANI,TRT,On Time,00:01
24,ARAKKONAM,AJJ,On Time,00:01
25,KANCHIPURAM,CJ,00:03,00:03
26,CHENGALPATTU,CGL,00:08,00:08
27,MELMARUVATHUR,MLMR,00:18,00:18
28,TINDIVANAM,TMV,00:10,00:19
29,VILLUPURAM JN,VM,00:09,00:11
30,VRIDDHACHALAM JN,VRI,00:17,00:18
31,ARIYALUR,ALU,00:14,00:16
32,SRIRANGAM,SRGM,00:15,00:15
33,TIRUCHCHIRAPPALLI JN.,TPJ,On Time,On Time
34,DINDIGUL JN,DG,00:04,00:06
35,MADURAI JN,MDU,00:11,00:15
36,VIRUDUNAGAR JN,VPT,00:12,00:13
37,SATUR,SRT,00:11,00:11
38,KOVILPATTI,CVP,00:12,00:12
39,TIRUNELVELI JN,TEN,On Time,00:01
40,NANGUNERI,NNN,00:01,00:03
41,VALLIYUR,VLY,00:03,00:03
42,NAGERCOIL JUNCTION,NCJ,On Time,
02-Oct 11:24,,,,
