sr_no,station,station_code,avg_arr_delay,avg_dep_delay
Train No./Name,,,,
17057 DEVAGIRI EXPRESS,,,,
Days of Run:Daily,Type:MAIL EXPRESS,,,
Sr.,Station,Code,Avg. Arr. Delay,Avg. Dep. Delay
1,CHHATRAPATI SHIVAJI MAHARAJ TERMINUS,CSMT,,00:34
2,DADAR,DR,00:41,00:42
3,THANE,TNA,00:42,00:43
4,KALYAN JN,KYN,00:47,00:48
5,KASARA,KSRA,00:47,00:51
6,IGATPURI,IGP,00:52,00:52
7,NASIK ROAD,NK,00:55,00:57
8,MANMAD JN,MMR,00:50,00:55
9,ROTEGAON,RGO,01:21,01:22
10,LASUR,LSR,01:28,01:30
11,AURANGABAD,AWB,01:25,01:30
12,JALNA,J,01:42,01:44
13,PARTUR,PTU,01:51,01:52
14,SELU,SELU,01:37,01:38
15,MANWATH ROAD,MVO,01:31,01:32
16,PARBHANI JN,PBN,01:16,01:19
17,PURNA JN,PAU,01:08,01:12
18,NANDED,NED,01:12,01:14
19,MUDKHED,MUE,01:09,01:10
20,UMRI,UMRI,01:14,01:16
21,DHARMABAD,DAB,01:18,01:19
22,BASAR,BSX,01:22,01:22
23,NIZAMABAD JN.,NZB,01:22,01:27
24,KAMAREDDI,KMC,01:26,01:27
25,AKANAPET,AKE,01:21,01:24
26,MIRZAPALLI,MZL,01:25,01:25
27,BOLARUM,BMO,01:37,01:40
28,SECUNDERABAD JN,SC,01:00,01:02
29,LINGAMPALLI,LPI,00:40,
02-Oct 11:25,,,,
