sr_no,station,station_code,avg_arr_delay,avg_dep_delay
Train No./Name,,,,
17222 LTT COA EXPRESS,,,,
"Days of Run:Thu,Sun",Type:MAIL EXPRESS,,,
Sr.,Station,Code,Avg. Arr. Delay,Avg. Dep. Delay
1,LOKMANYATILAK,LTT,,On Time
2,KALYAN JN,KYN,00:09,00:10
3,LONAVALA,LNL,00:22,00:23
4,PUNE JN,PUNE,00:23,00:27
5,SOLAPUR JN,SUR,00:12,00:14
6,KALABURAGI,KLBG,00:14,00:18
7,WADI,WADI,On Time,00:03
8,TANDUR,TDU,00:25,00:27
9,LINGAMPALLI,LPI,00:44,00:45
10,SECUNDERABAD JN,SC,00:40,00:40
11,NALGONDA,NLDA,01:25,01:25
12,MIRYALAGUDA,MRGA,01:31,01:31
13,NADIKODE,NDKD,01:32,01:37
14,SATTENAPALLE,SAP,02:01,02:07
15,GUNTUR JN,GNT,01:11,01:12
16,MANGALAGIRI,MAG,01:11,01:11
17,VIJAYAWADA JN,BZA,On Time,00:10
18,ELURU,EE,00:15,00:16
19,TADEPALLIGUDEM,TDD,00:15,00:16
20,RAJAMUNDRY,RJY,00:21,00:28
21,SAMALKOT JN,SLO,00:24,00:25
22,KAKINADA TOWN,CCT,00:17,00:22
23,KAKINADA PORT,COA,On Time,
02-Oct 11:11,,,,
