sr_no,station,station_code,avg_arr_delay,avg_dep_delay
Train No./Name,,,,
17318 DR HUBBALLI EXP,,,,
Days of Run:Daily,Type:MAIL EXPRESS,,,
Sr.,Station,Code,Avg. Arr. Delay,Avg. Dep. Delay
1,DADAR,DR,,On Time
2,THANE,TNA,00:31,00:31
3,PANVEL,PNVL,00:27,00:28
4,LONAVALA,LNL,00:13,00:17
5,PUNE JN,PUNE,00:37,00:40
6,SATARA,STR,00:29,00:29
7,KARAD,KRD,00:20,00:24
8,KIRLOSKARVADI,KOV,00:28,00:28
9,SANGLI,SLI,00:24,00:24
10,MIRAJ JN.,MRJ,On Time,00:07
11,KUDACHI,KUD,00:14,00:15
12,RAYBAG,RBG,00:19,00:20
13,CHIKODI ROAD,CKR,00:17,00:18
14,GHATPRABHA,GPB,00:17,00:17
15,BELAGAVI,BGM,On Time,00:05
16,LONDA JN,LD,00:10,00:10
17,ALNAVAR JN,LWR,00:05,00:08
18,DHARWAR,DWR,00:03,00:07
19,SSS HUBBALLI JN,UBL,On Time,
02-Oct 11:53,,,,
