sr_no,station,station_code,avg_arr_delay,avg_dep_delay
Train No./Name,,,,
17411 MAHALAXMI EXP,,,,
Days of Run:Daily,Type:MAIL EXPRESS,,,
Sr.,Station,Code,Avg. Arr. Delay,Avg. Dep. Delay
1,CHHATRAPATI SHIVAJI MAHARAJ TERMINUS,CSMT,,00:03
2,DADAR,DR,00:06,00:06
3,THANE,TNA,00:33,00:33
4,KALYAN JN,KYN,00:36,00:39
5,KARJAT,KJT,00:34,00:33
6,PUNE JN,PUNE,00:46,00:53
7,SATARA,STR,00:48,00:48
8,KARAD,KRD,01:05,01:06
9,TAKARI,TKR,01:16,01:17
10,KIRLOSKARVADI,KOV,01:14,01:14
11,SANGLI,SLI,01:11,01:10
12,MIRAJ JN.,MRJ,01:07,01:09
13,JAYASINGPUR,JSP,01:09,01:09
14,HATKANANGALE,HTK,01:09,01:09
15,KOLHAPUR,KOP,00:29,
02-Oct 11:24,,,,
