sr_no,station,station_code,avg_arr_delay,avg_dep_delay
Train No./Name,,,,
17617 TAPOVAN EXPRESS,,,,
Days of Run:Daily,Type:MAIL EXPRESS,,,
Sr.,Station,Code,Avg. Arr. Delay,Avg. Dep. Delay
1,CHHATRAPATI SHIVAJI MAHARAJ TERMINUS,CSMT,,00:03
2,DADAR,DR,00:10,00:10
3,THANE,TNA,00:10,00:10
4,KALYAN JN,KYN,00:10,00:12
5,KASARA,KSRA,00:10,00:15
6,IGATPURI,IGP,00:01,00:02
7,DEVLALI,DVL,00:23,00:24
8,NASIK ROAD,NK,00:27,00:27
9,NIPHAD,NR,00:16,00:16
10,LASALGAON,LS,00:15,00:16
11,MANMAD JN,MMR,On Time,00:02
12,ROTEGAON,RGO,On Time,00:06
13,LASUR,LSR,00:14,00:16
14,AURANGABAD,AWB,00:13,00:20
15,JALNA,J,00:20,00:22
16,PARTUR,PTU,00:16,00:17
17,SELU,SELU,00:17,00:18
18,MANWATH ROAD,MVO,00:21,00:21
19,PARBHANI JN,PBN,00:08,00:12
20,PURNA JN,PAU,00:16,00:17
21,NANDED,NED,On Time,
02-Oct 11:17,,,,
