sr_no,station,station_code,avg_arr_delay,avg_dep_delay
Train No./Name,,,,
17612 RAJYA RANI EXP,,,,
Days of Run:Daily,Type:MAIL EXPRESS,,,
Sr.,Station,Code,Avg. Arr. Delay,Avg. Dep. Delay
1,CHHATRAPATI SHIVAJI MAHARAJ TERMINUS,CSMT,,00:07
2,KALYAN JN,KYN,00:26,00:25
3,KASARA,KSRA,00:22,00:27
4,IGATPURI,IGP,00:24,00:23
5,NASIK ROAD,NK,00:27,00:27
6,MANMAD JN,MMR,00:23,00:35
7,ROTEGAON,RGO,00:27,00:33
8,LASUR,LSR,00:40,00:41
9,AURANGABAD,AWB,00:34,00:36
10,JALNA,J,00:22,00:35
11,PARTUR,PTU,00:34,00:38
12,SELU,SELU,00:19,00:20
13,MANWATH ROAD,MVO,00:18,00:19
14,PARBHANI JN,PBN,00:16,00:17
15,PURNA JN,PAU,00:08,00:14
16,NANDED,NED,On Time,
02-Oct 11:23,,,,
