sr_no,station,station_code,avg_arr_delay,avg_dep_delay
Train No./Name,,,,
17613 PNVL NED EXPRESS,,,,
Days of Run:Daily,Type:MAIL EXPRESS,,,
Sr.,Station,Code,Avg. Arr. Delay,Avg. Dep. Delay
1,PANVEL,PNVL,,00:05
2,KARJAT,KJT,00:04,00:15
3,LONAVALA,LNL,00:29,00:31
4,TALEGAON,TGN,00:36,00:37
5,CHINCHVAD,CCH,00:35,00:38
6,PUNE JN,PUNE,00:25,00:29
7,DAUND JN,DD,00:28,00:27
8,KURDUVADI JN.,KWV,00:19,00:20
9,BARSI TOWN,BTW,00:28,00:35
10,USMANABAD,UMD,00:12,00:13
11,LATUR,LUR,On Time,00:03
12,LATUR ROAD,LTRR,On Time,00:13
13,PARLI VAIJNATH,PRLI,On Time,00:05
14,GANGAKHER,GNH,00:25,00:26
15,PARBHANI JN,PBN,00:27,00:29
16,PURNA JN,PAU,00:21,00:25
17,NANDED,NED,On Time,
02-Oct 11:55,,,,
