sr_no,station,station_code,avg_arr_delay,avg_dep_delay
Train No./Name,,,,
18029 LTT SHALIMAR EXP,,,,
Days of Run:Daily,Type:MAIL EXPRESS,,,
Sr.,Station,Code,Avg. Arr. Delay,Avg. Dep. Delay
1,LOKMANYATILAK,LTT,,00:22
2,THANE,TNA,00:42,00:42
3,KALYAN JN,KYN,00:49,00:51
4,KASARA,KSRA,01:08,01:13
5,IGATPURI,IGP,01:07,01:08
6,NASIK ROAD,NK,01:10,01:10
7,MANMAD JN,MMR,01:04,01:05
8,CHALISGAON JN,CSN,01:13,01:13
9,PACHORA JN,PC,01:24,01:24
10,JALGAON JN,JL,01:23,01:23
11,BHUSAVAL JN,BSL,01:18,01:24
12,VARANGAON,VNA,01:28,01:30
13,BODWAD,BDWD,01:27,01:29
14,MALKAPUR,MKU,01:30,01:31
15,NANDURA,NN,01:33,01:33
16,SHEGAON,SEG,01:25,01:26
17,AKOLA JN.,AK,00:46,00:52
18,MURTAJAPUR JN.,MZR,01:07,01:09
19,BADNERA JN.,BD,00:54,00:54
20,CHANDUR,CND,00:54,00:54
21,DHAMANGAON,DMN,00:58,00:59
22,PULGAON JN,PLO,01:02,01:04
23,WARDHA JN,WR,00:59,01:00
24,AJNI,AJNI,01:15,01:16
25,NAGPUR,NGP,00:35,00:46
26,NETAJI SUBHASH CHANDRA BOSE ITWARI JN.,NITR,00:44,00:47
27,KAMPTEE,KP,01:02,01:05
28,BHANDARA ROAD,BRD,01:11,01:11
29,TUMSAR ROAD,TMR,01:05,01:05
30,TIRORA,TRO,01:10,01:10
31,GONDIA JN,G,01:06,01:02
32,AMGAON,AGN,01:05,01:04
33,SALEKASA,SKS,00:56,00:56
34,DONGARGARH,DGG,00:52,00:54
35,RAJ NANDGAON,RJN,00:58,00:58
36,DURG,DURG,00:39,00:48
37,BHILAINAGAR,BQR,00:50,00:49
38,BHILAI,BIA,00:50,00:50
39,RAIPUR JN,R,00:43,00:46
40,TILDA,TLD,01:03,01:03
41,BHATAPARA,BYT,00:57,00:57
42,BILASPUR JN.,BSP,00:36,00:39
43,AKALTARA,AKT,00:45,00:45
44,JANJGIR NAILA,NIA,00:45,00:45
45,CHAMPA,CPH,00:41,00:39
46,SAKTI,SKT,00:45,00:44
47,KHARSIA,KHS,00:45,00:45
48,RAIGARH,RIG,00:48,00:48
49,BELPAHAR,BPH,00:44,00:44
50,BRAJRAJNAGAR,BRJN,00:45,00:47
51,JHARSUGUDA JN,JSG,01:06,01:08
52,BAMRA,BMB,01:02,01:02
53,RAJ GANGPUR,GP,01:29,01:30
54,ROURKELA,ROU,01:50,01:54
55,MANOHARPUR,MOU,02:16,02:18
56,GOILKERA,GOL,02:19,02:19
57,CHAKARADHARPUR,CKP,02:17,02:16
58,SINI JN,SINI,03:07,03:07
59,TATANAGAR JN,TATA,03:35,03:43
60,GHATSILA,GTS,03:40,03:41
61,CHAKULIA,CKU,03:56,03:57
62,JHARGRAM,JGM,04:03,04:06
63,KHARAGPUR JN,KGP,04:57,05:03
64,PANSKURA,PKU,05:16,05:16
65,MECHEDA,MCA,05:15,05:17
66,ULUBARIA,ULB,05:28,05:28
67,SANTRAGACHI JN,SRC,05:47,06:16
68,SHALIMAR,SHM,06:11,
02-Oct 11:16,,,,
