sr_no,station,station_code,avg_arr_delay,avg_dep_delay
Train No./Name,,,,
18520 LTT VSKP EXPRESS,,,,
Days of Run:Daily,Type:MAIL EXPRESS,,,
Sr.,Station,Code,Avg. Arr. Delay,Avg. Dep. Delay
1,LOKMANYATILAK,LTT,,01:07
2,KALYAN JN,KYN,01:18,01:20
3,LONAVALA,LNL,01:19,01:20
4,PUNE JN,PUNE,01:30,01:33
5,SOLAPUR JN,SUR,01:45,01:47
6,KALABURAGI,KLBG,01:47,01:48
7,WADI,WADI,01:25,01:24
8,TANDUR,TDU,01:02,01:07
9,VIKARABAD JN,VKB,01:27,01:29
10,LINGAMPALLI,LPI,01:45,01:46
11,SECUNDERABAD JN,SC,01:25,01:33
12,MAULA ALI,MLY,01:35,01:40
13,VIJAYAWADA JN,BZA,03:28,03:25
14,GUDIVADA JN,GDV,03:19,03:23
15,KAIKOLUR,KKLR,03:21,03:24
16,AKIVIDU,AKVD,03:28,03:26
17,TANUKU,TNKU,03:17,03:17
18,RAJAMUNDRY,RJY,02:58,03:08
19,SAMALKOT JN,SLO,03:10,03:14
20,PITHAPURAM,PAP,02:33,02:35
21,DUVVADA,DVD,03:07,03:09
22,VISAKHAPATNAM,VSKP,03:21,
02-Oct 11:09,,,,
