sr_no,station,station_code,avg_arr_delay,avg_dep_delay
Train No./Name,,,,
18610 LTT RANCHI EXP,,,,
Days of Run:Fri,Type:MAIL EXPRESS,,,
Sr.,Station,Code,Avg. Arr. Delay,Avg. Dep. Delay
1,KALYAN JN,KYN,08:54,08:55
2,NASIK ROAD,NK,08:15,08:15
3,MANMAD JN,MMR,07:54,07:55
4,BHUSAVAL JN,BSL,08:28,08:33
5,KHANDWA JUNCTION,KNW,08:17,08:18
6,ITARSI JN,ET,08:06,08:06
7,PIPARIYA,PPI,08:02,08:03
8,NARSINGHPUR,NU,08:12,08:12
9,JABALPUR,JBP,08:09,08:10
10,KATNI,KTE,07:59,08:00
11,SATNA,STA,07:50,07:49
12,PT.DEEN DAYAL UPADHYAYA JN.,DDU,06:07,06:08
13,BHABUA ROAD,BBU,06:14,06:14
14,SASARAM,SSM,06:25,06:26
15,DEHRI ON SONE,DOS,06:29,06:29
16,ANUGRAHA N ROAD,AUBR,06:30,06:32
17,GAYA JN,GAYA,06:52,06:57
18,KODERMA,KQR,07:00,07:00
19,HAZARIBAGH RD,HZD,07:10,07:10
20,NSC BOSE J GOMO,GMO,07:01,07:05
21,CHANDRAPURA,CRP,06:57,06:56
22,BOKARO STEEL CITY,BKSC,06:45,06:41
23,MURI JN,MURI,06:41,06:41
24,RANCHI,RNC,06:21,
02-Oct 11:14,,,,
