sr_no,station,station_code,avg_arr_delay,avg_dep_delay
Train No./Name,,,,
19009 BARMER HUMSAFAR,,,,
Days of Run:Fri,Type:MAIL EXPRESS,,,
Sr.,Station,Code,Avg. Arr. Delay,Avg. Dep. Delay
1,BANDRA TERMINUS,BDTS,,On Time
2,BORIVALI,BVI,00:20,00:18
3,VAPI,VAPI,00:22,00:19
4,VALSAD,BL,00:20,00:21
5,SURAT,ST,00:07,00:08
6,ANKLESHWAR JN,AKV,00:08,00:08
7,VADODARA JN,BRC,00:04,00:05
8,ANAND JN,ANND,On Time,On Time
9,NADIAD JN,ND,On Time,On Time
10,AHMEDABAD JN,ADI,On Time,00:04
11,MAHESANA JN,MSH,00:03,00:05
12,PATAN,PTN,00:04,00:05
13,BHILDI JN.,BLDI,On Time,On Time
14,RANIWARA,RNV,00:10,00:10
15,MARWAR BHINMAL,MBNL,00:24,00:24
16,MODRAN,MON,00:25,00:25
17,JALOR,JOR,00:27,00:49
18,MOKALSAR,MKSR,00:51,00:51
19,SAMDHARI JN,SMR,00:27,00:45
20,BALOTRA JN.,BLT,00:42,00:42
21,BAYTU,BUT,00:41,00:44
22,BARMER,BME,00:08,
02-Oct 11:49,,,,
