sr_no,station,station_code,avg_arr_delay,avg_dep_delay
Train No./Name,,,,
19003 KHANDESH EXP,,,,
"Days of Run:Tue,Thu,Sun",Type:MAIL EXPRESS,,,
Sr.,Station,Code,Avg. Arr. Delay,Avg. Dep. Delay
1,DADAR,DDR,,On Time
2,BORIVALI,BVI,00:16,00:16
3,VIRAR,VR,00:03,00:03
4,PALGHAR,PLG,00:12,00:15
5,VAPI,VAPI,00:19,00:19
6,VALSAD,BL,00:32,00:37
7,NAVSARI,NVS,00:34,00:34
8,BHESTAN,BHET,00:29,00:32
9,CHALTHAN,CHM,00:15,00:21
10,BARDOLI,BIY,00:24,00:23
11,VYARA,VYA,00:28,00:29
12,NAVAPUR,NWU,00:27,00:27
13,NANDURBAR,NDB,00:11,00:16
14,DONDAICHA,DDE,00:14,00:15
15,SINDKHEDA,SNK,00:20,00:25
16,NARDANA,NDN,00:31,00:32
17,AMALNER,AN,00:23,00:25
18,DHARANGAON,DXG,On Time,On Time
19,JALGAON JN,JL,On Time,00:02
20,BHUSAVAL JN,BSL,On Time,
02-Oct 11:57,,,,
