sr_no,station,station_code,avg_arr_delay,avg_dep_delay
Train No./Name,,,,
19015 SAURASHTRA EXP,,,,
Days of Run:Daily,Type:MAIL EXPRESS,,,
Sr.,Station,Code,Avg. Arr. Delay,Avg. Dep. Delay
1,DADAR,DDR,,On Time
2,BORIVALI,BVI,00:18,00:22
3,VASAI ROAD,BSR,00:17,00:17
4,VIRAR,VR,00:14,00:14
5,SAPHALE,SAH,00:12,00:11
6,PALGHAR,PLG,00:11,00:11
7,BOISAR,BOR,00:12,00:11
8,DAHANU ROAD,DRD,00:12,00:12
9,GHOLVAD,GVD,00:12,00:11
10,UMBARGAM ROAD,UBR,00:12,00:12
11,SANJAN,SJN,00:13,00:14
12,BHILAD,BLD,00:15,00:15
13,VAPI,VAPI,00:16,00:15
14,UDVADA,UVD,00:15,00:15
15,PARDI,PAD,00:15,00:17
16,VALSAD,BL,00:18,00:18
17,BILIMORA JN,BIM,00:19,00:19
18,AMALSAD,AML,00:12,00:13
19,NAVSARI,NVS,00:13,00:13
20,MAROLI,MRL,00:09,00:13
21,UDHNA JN,UDN,00:09,00:13
22,SURAT,ST,00:10,00:13
23,SAYAN,SYN,00:15,00:15
24,KIM,KIM,00:18,00:17
25,KOSAMBA JN,KSB,00:20,00:21
26,PANOLI,PAO,00:21,00:26
27,ANKLESHWAR JN,AKV,00:22,00:23
28,BHARUCH JN,BH,00:30,00:29
29,NABIPUR,NIU,00:23,00:23
30,PALEJ,PLJ,00:22,00:24
31,MIYAGAM KARJAN,MYG,00:29,00:29
32,ITOLA,ITA,00:32,00:32
33,VISHVAMITRI JN.,VS,00:24,00:28
34,VADODARA JN,BRC,00:29,00:31
35,VASAD JN,VDA,00:35,00:35
36,ANAND JN,ANND,00:34,00:34
37,KANJARI BORIYAVI,KBRV,00:34,00:35
38,NADIAD JN,ND,00:36,00:37
39,MAHEMADAVAD KHEDA ROAD,MHD,00:31,00:32
40,BAREJADI,BJD,00:34,00:34
41,AHMEDABAD JN,ADI,00:26,00:27
42,SABARMATI JN,SBT,00:27,00:27
43,CHANDLODIYA,CLDY,00:33,00:34
44,SANAND,SAU,00:27,00:27
45,VIRAMGAM JN,VG,00:23,00:25
46,SURENDRANAGAR,SUNR,00:21,00:23
47,THAN JN,THAN,00:34,00:34
48,WANKANER JN,WKR,00:36,00:36
49,RAJKOT,RJT,00:16,00:18
50,HAPA,HAPA,00:40,00:42
51,JAMNAGAR,JAM,00:44,00:47
52,LALPUR JAM,LPJ,00:25,00:26
53,BHANVAD,BNVD,00:27,00:28
54,WANSJALIYA,WSJ,00:30,00:31
55,RANAVAV,RWO,00:33,00:33
56,PORBANDAR,PBR,00:13,
02-Oct 11:52,,,,
