sr_no,station,station_code,avg_arr_delay,avg_dep_delay
Train No./Name,,,,
19019 BDTS HW EXP,,,,
Days of Run:Daily,Type:MAIL EXPRESS,,,
Sr.,Station,Code,Avg. Arr. Delay,Avg. Dep. Delay
1,BANDRA TERMINUS,BDTS,,On Time
2,BORIVALI,BVI,00:10,00:16
3,VASAI ROAD,BSR,00:14,00:14
4,PALGHAR,PLG,00:15,00:12
5,DAHANU ROAD,DRD,00:12,00:12
6,VAPI,VAPI,00:18,00:20
7,VALSAD,BL,00:22,00:23
8,BILIMORA JN,BIM,00:26,00:26
9,NAVSARI,NVS,00:24,00:24
10,SURAT,ST,00:14,00:15
11,KOSAMBA JN,KSB,00:16,00:16
12,ANKLESHWAR JN,AKV,00:18,00:18
13,BHARUCH JN,BH,00:17,00:17
14,MIYAGAM KARJAN,MYG,00:16,00:15
15,VADODARA JN,BRC,00:11,00:10
16,SAMLAYA JN,SMLA,00:19,00:18
17,DEROL,DRL,00:16,00:15
18,GODHRA JN,GDA,00:16,00:14
19,SANT ROAD,SAT,00:18,00:19
20,PIPLOD JN,PPD,00:21,00:21
21,LIMKHEDA,LMK,00:22,00:23
22,MANGAL MAHUDI,MAM,00:25,00:25
23,DAHOD,DHD,00:25,00:26
24,BORDI,BIO,00:20,00:21
25,ANAS,ANAS,00:20,00:21
26,MEGHNAGAR,MGN,00:21,00:21
27,THANDLA RD,THDR,00:20,00:21
28,PANCH PIPLIA,PCN,00:19,00:19
29,BAMNIA,BMI,00:19,00:19
30,BHAIRONGARH,BOG,00:18,00:20
31,BILDI,BILD,00:23,00:24
32,MORWANI,MRN,00:25,00:25
33,RATLAM JN,RTM,00:08,00:09
34,BANGROD,BOD,00:09,00:10
35,RUNKHERA,RNH,00:11,00:10
36,KHACHROD,KUH,00:13,00:13
37,NAGDA JN,NAD,On Time,00:04
38,MAHIDPUR ROAD,MEP,00:08,00:19
39,VIKRAMGARH ALOT,VMA,00:12,00:13
40,CHAU MAHLA,CMU,00:15,00:19
41,SUWASRA,SVA,00:18,00:19
42,SHAMGARH,SGZ,00:19,00:19
43,GAROT,GOH,00:19,00:19
44,BHAWANI MANDI,BWM,00:18,00:16
45,JHALAWAR ROAD,JHW,00:20,00:21
46,RAMGANJ MANDI,RMA,00:12,00:12
47,MORAK,MKX,00:12,00:12
48,DARA,DARA,00:11,00:11
49,DAKANIYA TALAV,DKNT,00:06,00:05
50,KOTA JN,KOTA,00:09,00:11
51,KESHORAI PATAN,KPTN,00:14,00:33
52,KAPREN,KPZ,00:37,00:48
53,LAKHERI,LKE,00:49,00:52
54,INDARGARH,IDG,00:54,00:56
55,SAWAI MADHOPUR,SWM,00:30,00:28
56,MALARNA,MLZ,00:33,00:33
57,NARAYANPUR TATWARA,NNW,00:35,00:35
58,GANGAPUR CITY,GGC,00:34,00:29
59,SHRI MAHAVEERJI,SMVJ,00:29,00:29
60,HINDAUN CITY,HAN,00:32,00:30
61,FATEH SINGHPURA,FSP,00:29,00:29
62,BAYANA JN,BXN,00:25,00:26
63,BHARATPUR JN,BTE,00:06,00:06
64,MATHURA JN.,MTJ,On Time,00:01
65,KOSI KALAN,KSV,00:12,00:12
66,FARIDABAD,FDB,00:03,00:06
67,HAZRAT NIZAMUDDIN JN,NZM,00:20,00:25
68,GHAZIABAD,GZB,00:39,00:40
69,MEERUT CITY,MTC,00:54,00:53
70,MUZAFFARNAGAR,MOZ,00:54,00:54
71,TAPRI,TPZ,00:41,00:41
72,ROORKEE,RK,00:33,00:33
73,JWALAPUR,JWP,00:25,00:26
74,HARIDWAR JN,HW,00:22,
02-Oct 11:26,,,,
