sr_no,station,station_code,avg_arr_delay,avg_dep_delay
Train No./Name,,,,
19027 JAT VIVEK EXP,,,,
Days of Run:Sat,Type:MAIL EXPRESS,,,
Sr.,Station,Code,Avg. Arr. Delay,Avg. Dep. Delay
1,BANDRA TERMINUS,BDTS,,00:02
2,BORIVALI,BVI,00:09,00:16
3,VAPI,VAPI,00:24,00:25
4,SURAT,ST,00:11,00:11
5,VADODARA JN,BRC,00:17,00:18
6,ANAND JN,ANND,00:17,00:17
7,NADIAD JN,ND,00:16,00:16
8,AHMEDABAD JN,ADI,00:05,00:03
9,MAHESANA JN,MSH,00:14,00:15
10,PALANPUR JN,PNU,On Time,On Time
11,ABU ROAD,ABR,On Time,On Time
12,FALNA,FA,On Time,On Time
13,MARWAR JN,MJ,On Time,On Time
14,PALI MARWAR,PMY,00:19,00:17
15,LUNI JN,LUNI,00:28,00:28
16,JODHPUR JN,JU,00:24,00:28
17,GOTAN,GOTN,00:32,00:32
18,MERTA ROAD JN,MTD,00:20,00:22
19,DEGANA JN,DNA,On Time,00:02
20,DIDWANA,DIA,00:13,00:14
21,LADNUN,LAU,00:13,00:22
22,SUJANGARH,SUJH,00:13,00:13
23,RATANGARH JN,RTGH,On Time,On Time
24,CHURU,CUR,On Time,00:08
25,SADULPUR JN,SDLP,00:03,00:02
26,HISAR,HSR,On Time,00:09
27,BARWALA,BXC,On Time,00:01
28,DHURI JN,DUI,On Time,00:03
29,LUDHIANA JN,LDH,00:03,00:01
30,JALANDHAR CANT,JRC,00:12,00:21
31,PATHANKOT CANTT,PTKC,00:09,00:08
32,KATHUA,KTHU,00:12,00:13
33,JAMMUTAVI,JAT,00:05,
02-Oct 11:30,,,,
