sr_no,station,station_code,avg_arr_delay,avg_dep_delay
Train No./Name,,,,
19037 AVADH EXP,,,,
Days of Run:Daily,Type:MAIL EXPRESS,,,
Sr.,Station,Code,Avg. Arr. Delay,Avg. Dep. Delay
1,BANDRA TERMINUS,BDTS,,00:05
2,ANDHERI,ADH,00:14,00:15
3,BORIVALI,BVI,00:18,00:19
4,BOISAR,BOR,00:18,00:18
5,VAPI,VAPI,00:22,00:23
6,VALSAD,BL,00:30,00:30
7,SURAT,ST,00:09,00:10
8,ANKLESHWAR JN,AKV,00:11,00:12
9,VADODARA JN,BRC,00:24,00:23
10,DEROL,DRL,00:28,00:27
11,GODHRA JN,GDA,00:22,00:21
12,DAHOD,DHD,00:27,00:28
13,MEGHNAGAR,MGN,00:28,00:28
14,BAMNIA,BMI,00:27,00:27
15,RATLAM JN,RTM,00:14,00:16
16,KHACHROD,KUH,00:20,00:20
17,NAGDA JN,NAD,00:02,00:05
18,MAHIDPUR ROAD,MEP,00:09,00:09
19,VIKRAMGARH ALOT,VMA,00:12,00:12
20,CHAU MAHLA,CMU,00:11,00:13
21,SUWASRA,SVA,00:15,00:15
22,SHAMGARH,SGZ,00:14,00:14
23,GAROT,GOH,00:15,00:15
24,BHAWANI MANDI,BWM,00:18,00:18
25,JHALAWAR ROAD,JHW,00:23,00:23
26,RAMGANJ MANDI,RMA,00:22,00:22
27,MORAK,MKX,00:24,00:30
28,DAKANIYA TALAV,DKNT,00:30,00:31
29,KOTA JN,KOTA,00:33,00:35
30,LAKHERI,LKE,00:44,00:44
31,SAWAI MADHOPUR,SWM,00:25,00:25
32,GANGAPUR CITY,GGC,00:21,00:24
33,SHRI MAHAVEERJI,SMVJ,00:22,00:22
34,HINDAUN CITY,HAN,00:19,00:20
35,BAYANA JN,BXN,On Time,00:11
36,RUPBAS,RBS,00:33,00:37
37,FATEHPUR SIKRI,FTS,00:39,00:40
38,KIRAOLI,KLB,00:41,00:41
39,IDGAH AGRA JN,IDH,00:37,00:50
40,AGRA FORT,AF,00:37,00:43
41,TUNDLA JN,TDL,On Time,00:07
42,FIROZABAD,FZD,00:07,00:08
43,SHIKOHABAD JN,SKB,00:09,00:10
44,ETAWAH JN,ETW,00:22,00:21
45,BHARTHANA,BNT,00:25,00:27
46,PHAPHUND,PHD,00:28,00:37
47,KANPUR CENTRAL,CNB,On Time,On Time
48,UNNAO JN,ON,On Time,00:03
49,HARAUNI,HRN,00:06,00:08
50,AISHBAGH,ASH,On Time,00:03
51,LUCKNOW CITY,LC,00:07,00:07
52,BADSHAHNAGAR,BNZ,00:07,00:07
53,GOMATI NAGAR,GTNR,00:10,00:10
54,BARABANKI JN,BBK,00:08,00:07
55,BURHWAL JN,BUW,00:11,00:16
56,JARWAL ROAD,JLD,00:18,00:29
57,COLONELGANJ,CLJ,00:31,00:32
58,GONDA JN,GD,00:19,00:22
59,MANKAPUR JN,MUR,00:33,00:37
60,MASKANWA,MSW,00:28,00:30
61,S NARAYAN CHHAPIA,SNC,00:30,00:34
62,BABHNAN,BV,00:39,00:42
63,GAUR,GAUR,00:45,00:45
64,BASTI,BST,00:51,00:51
65,KHALILABAD,KLD,00:55,00:56
66,MAGHAR,MHH,00:42,00:45
67,SAHJANWA,SWA,00:37,00:37
68,GORAKHPUR JN,GKP,00:09,00:15
69,PIPRAICH,PPC,00:17,00:37
70,KAPTANGANJ JN,CPJ,00:45,00:56
71,SISWA BAZAR,SBZ,00:35,00:49
72,KHADA,KZA,00:34,00:37
73,PANIYA HAWA,PNYA,00:38,00:45
74,BAGAHA,BUG,00:45,00:48
75,HARINAGAR,HIR,00:53,00:55
76,NARKATIAGANJ JN,NKE,00:25,00:41
77,BETTIAH,BTH,01:03,01:04
78,SAGAULI JN,SGL,00:56,00:57
79,BAPUDM MOTIHARI,BMKI,01:00,01:03
80,PIPRA,PPA,01:12,01:12
81,CHAKIA,CAA,01:17,01:19
82,MEHSI,MAI,01:19,01:23
83,MOTIPUR,MTR,00:59,01:10
84,MUZAFFARPUR JN,MFP,00:28,00:32
85,SAMASTIPUR JN,SPJ,00:42,00:41
86,BARAUNI JN,BJU,00:25,
02-Oct 11:50,,,,
