sr_no,station,station_code,avg_arr_delay,avg_dep_delay
Train No./Name,,,,
19091 BDTS - GKP HUMSAFAR,,,,
Days of Run:Mon,Type:MAIL EXPRESS,,,
Sr.,Station,Code,Avg. Arr. Delay,Avg. Dep. Delay
1,BANDRA TERMINUS,BDTS,,00:01
2,BORIVALI,BVI,00:24,00:24
3,VAPI,VAPI,00:07,00:08
4,SURAT,ST,00:03,00:03
5,VADODARA JN,BRC,00:07,00:14
6,DAHOD,DHD,00:02,00:03
7,RATLAM JN,RTM,On Time,On Time
8,NAGDA JN,NAD,00:02,00:06
9,UJJAIN JN,UJN,00:01,00:05
10,SHUJALPUR,SJP,00:18,00:19
11,SANT HIRDARAM NAGAR,SHRN,On Time,00:01
12,VIDISHA,BHS,On Time,00:01
13,BINA JN,BINA,On Time,On Time
14,SAUGOR,SGO,00:20,00:19
15,DAMOH,DMO,00:22,00:25
16,KATNI MURWARA,KMZ,00:21,00:22
17,MAIHAR,MYR,00:21,00:22
18,SATNA,STA,00:20,00:19
19,PRAYAGRAJ CHHEOKI,PCOI,On Time,00:10
20,VARANASI,BSB,On Time,On Time
21,MAU JN,MAU,00:22,00:21
22,BHATNI JN,BTT,00:18,00:18
23,DEORIA SADAR,DEOS,00:38,00:35
24,GORAKHPUR JN,GKP,On Time,
02-Oct 11:27,,,,
