sr_no,station,station_code,avg_arr_delay,avg_dep_delay
Train No./Name,,,,
19203 BDTS VRL EXP,,,,
Days of Run:Sat,Type:MAIL EXPRESS,,,
Sr.,Station,Code,Avg. Arr. Delay,Avg. Dep. Delay
1,BANDRA TERMINUS,BDTS,,On Time
2,BORIVALI,BVI,00:07,00:12
3,VAPI,VAPI,00:16,00:16
4,SURAT,ST,00:04,00:06
5,ANKLESHWAR JN,AKV,00:08,00:08
6,VADODARA JN,BRC,00:10,00:16
7,ANAND JN,ANND,00:15,00:15
8,NADIAD JN,ND,00:17,00:17
9,AHMEDABAD JN,ADI,On Time,00:12
10,SARKHEJ,SEJ,00:02,00:01
11,DHANDHUKA,DCK,On Time,On Time
12,BOTAD JN,BTD,On Time,00:17
13,DHOLA JN,DLJ,00:14,00:24
14,DHASA JN,DAS,00:28,00:28
15,LATHI,LAT,00:30,00:30
16,KHIJADIYA JN,KJV,00:30,00:30
17,CHITAL,CTL,00:26,00:26
18,LUNIDHAR,LDU,00:26,00:26
19,KUNKAVAV JN,KKV,00:27,00:27
20,KHAKHARIA,KKK,00:28,00:28
21,VADIYA DEVLI,VDV,00:29,00:28
22,JETALSAR JN,JLR,00:10,00:06
23,JUNAGADH JN,JND,00:11,00:11
24,VERAVAL,VRL,00:02,
02-Oct 11:49,,,,
