sr_no,station,station_code,avg_arr_delay,avg_dep_delay
Train No./Name,,,,
19217 SAURASHTRA JANTA,,,,
Days of Run:Daily,Type:MAIL EXPRESS,,,
Sr.,Station,Code,Avg. Arr. Delay,Avg. Dep. Delay
1,BANDRA TERMINUS,BDTS,,On Time
2,BORIVALI,BVI,00:17,00:18
3,PALGHAR,PLG,00:09,00:11
4,DAHANU ROAD,DRD,00:11,00:10
5,VAPI,VAPI,00:09,00:09
6,VALSAD,BL,00:09,00:11
7,BILIMORA JN,BIM,00:11,00:12
8,NAVSARI,NVS,00:11,00:11
9,SURAT,ST,00:01,00:04
10,KOSAMBA JN,KSB,00:07,00:06
11,ANKLESHWAR JN,AKV,On Time,00:03
12,BHARUCH JN,BH,00:04,00:06
13,VADODARA JN,BRC,00:08,00:12
14,ANAND JN,ANND,00:08,00:08
15,NADIAD JN,ND,00:07,00:07
16,MAHEMADAVAD KHEDA ROAD,MHD,00:06,00:06
17,AHMEDABAD JN,ADI,00:02,00:04
18,CHANDLODIYA,CLDY,00:04,00:05
19,VIRAMGAM JN,VG,On Time,00:04
20,LAKHTAR,LTR,00:13,00:13
21,SURENDRANAGAR,SUNR,On Time,00:02
22,MULI ROAD,MOL,00:21,00:21
23,THAN JN,THAN,00:25,00:25
24,WANKANER JN,WKR,00:24,00:24
25,RAJKOT,RJT,00:22,00:11
26,BHAKTI NAGAR,BKNG,00:05,00:08
27,GONDAL,GDL,00:13,00:14
28,VIRPUR,VRR,00:16,00:18
29,JETALSAR JN,JLR,00:24,00:22
30,JUNAGADH JN,JND,00:19,00:20
31,KESHOD,KSD,00:22,00:31
32,MALIYA HATINA,MLHA,00:23,00:25
33,VERAVAL,VRL,On Time,
02-Oct 11:31,,,,
