sr_no,station,station_code,avg_arr_delay,avg_dep_delay
Train No./Name,,,,
19417 MMCT ADI EXPRESS,,,,
Days of Run:Daily,Type:MAIL EXPRESS,,,
Sr.,Station,Code,Avg. Arr. Delay,Avg. Dep. Delay
1,BORIVALI,BVI,,00:02
2,VASAI ROAD,BSR,00:15,00:14
3,VIRAR,VR,00:14,00:14
4,VAITARNA,VTN,00:12,00:12
5,SAPHALE,SAH,00:11,00:11
6,KELVA ROAD,KLV,00:07,00:13
7,PALGHAR,PLG,00:15,00:16
8,BOISAR,BOR,00:18,00:21
9,VANGAON,VGN,00:03,00:18
10,DAHANU ROAD,DRD,00:13,00:16
11,GHOLVAD,GVD,00:12,00:19
12,UMBARGAM ROAD,UBR,On Time,00:06
13,SANJAN,SJN,On Time,00:07
14,BHILAD,BLD,On Time,00:14
15,VAPI,VAPI,00:09,00:10
16,UDVADA,UVD,00:08,00:07
17,PARDI,PAD,00:06,00:06
18,ATUL,ATUL,00:06,00:07
19,VALSAD,BL,00:04,00:06
20,DUNGRI,DGI,On Time,00:08
21,BILIMORA JN,BIM,00:08,00:15
22,AMALSAD,AML,00:13,00:14
23,VEDCHHA,VDH,On Time,00:11
24,NAVSARI,NVS,00:13,00:14
25,MAROLI,MRL,00:08,00:10
26,SACHIN,SCH,00:08,00:09
27,BHESTAN,BHET,00:02,00:03
28,UDHNA JN,UDN,00:06,00:08
29,SURAT,ST,00:02,00:04
30,UTRAN,URN,00:03,00:04
31,KOSAD,KSE,00:03,00:03
32,GOTHANGAM,GTX,On Time,00:12
33,SAYAN,SYN,00:05,00:11
34,KIM,KIM,00:11,00:15
35,KOSAMBA JN,KSB,00:16,00:15
36,PANOLI,PAO,00:17,00:20
37,ANKLESHWAR JN,AKV,00:18,00:17
38,BHARUCH JN,BH,00:20,00:19
39,NABIPUR,NIU,00:19,00:20
40,VAREDIYA,VRE,00:20,00:20
41,VADODARA JN,BRC,00:11,00:12
42,ANAND JN,ANND,00:14,00:11
43,NADIAD JN,ND,00:16,00:15
44,MAHEMADAVAD KHEDA ROAD,MHD,00:07,00:07
45,AHMEDABAD JN,ADI,On Time,
02-Oct 11:55,,,,
