sr_no,station,station_code,avg_arr_delay,avg_dep_delay
Train No./Name,,,,
19425 MMCT NDB EXP,,,,
Days of Run:Daily,Type:MAIL EXPRESS,,,
Sr.,Station,Code,Avg. Arr. Delay,Avg. Dep. Delay
1,BORIVALI,BVI,,00:02
2,BHAYANDAR,BYR,00:09,00:09
3,VASAI ROAD,BSR,00:09,00:09
4,VIRAR,VR,00:10,00:19
5,SAPHALE,SAH,00:21,00:20
6,KELVA ROAD,KLV,00:12,00:22
7,PALGHAR,PLG,00:24,00:25
8,BOISAR,BOR,00:21,00:23
9,VANGAON,VGN,00:25,00:30
10,DAHANU ROAD,DRD,00:29,00:28
11,GHOLVAD,GVD,00:20,00:29
12,UMBARGAM ROAD,UBR,00:09,00:15
13,SANJAN,SJN,00:14,00:18
14,BHILAD,BLD,00:18,00:31
15,VAPI,VAPI,00:34,00:34
16,UDVADA,UVD,00:24,00:23
17,PARDI,PAD,00:13,00:14
18,VALSAD,BL,00:25,00:25
19,DUNGRI,DGI,00:32,00:33
20,BILIMORA JN,BIM,00:29,00:29
21,AMALSAD,AML,00:29,00:29
22,VEDCHHA,VDH,00:27,00:30
23,NAVSARI,NVS,00:30,00:30
24,MAROLI,MRL,00:30,00:29
25,SACHIN,SCH,00:23,00:23
26,BHESTAN,BHET,00:17,00:24
27,CHALTHAN,CHM,On Time,00:04
28,GANGADHRA,GGAR,00:09,00:10
29,BARDOLI,BIY,00:14,00:13
30,MADHI,MID,00:09,00:09
31,VYARA,VYA,00:07,00:08
32,KIKAKUI ROAD,KKRD,00:08,00:08
33,UKAI SONGADH,USD,00:03,00:04
34,LAKKAD KOT,LKKD,00:06,00:06
35,BHADBHUNJA,BBAI,00:05,00:05
36,NAVAPUR,NWU,00:06,00:06
37,KOLDA,KFF,00:04,00:04
38,CHINCHPADA,CPD,00:02,00:04
39,KHATGAON,KHTG,00:02,00:03
40,KHANDBAARA,KBH,00:03,00:03
41,DHEKVAD,DWD,00:03,00:03
42,NANDURBAR,NDB,On Time,
02-Oct 11:55,,,,
