sr_no,station,station_code,avg_arr_delay,avg_dep_delay
Train No./Name,,,,
20103 LTT GKP SF EXP,,,,
Days of Run:Daily,Type:SUPERFAST,,,
Sr.,Station,Code,Avg. Arr. Delay,Avg. Dep. Delay
1,LOKMANYATILAK,LTT,,00:13
2,IGATPURI,IGP,00:10,00:13
3,BHUSAVAL JN,BSL,00:13,00:19
4,KHANDWA JUNCTION,KNW,00:08,00:08
5,ITARSI JN,ET,00:20,00:21
6,BHOPAL,BPL,00:14,00:18
7,VIRANGANA LAKSHMIBAI JHANSI,VGLJ,00:41,00:43
8,ORAI,ORAI,00:59,01:00
9,POKHRAYAN,PHN,01:12,01:12
10,KANPUR CENTRAL,CNB,On Time,00:05
11,AISHBAGH,ASH,On Time,On Time
12,BADSHAHNAGAR,BNZ,On Time,On Time
13,GONDA JN,GD,00:01,00:04
14,MASKANWA,MSW,00:12,00:13
15,BABHNAN,BV,00:22,00:25
16,BASTI,BST,00:28,00:29
17,KHALILABAD,KLD,00:29,00:31
18,GORAKHPUR JN,GKP,00:06,
02-Oct 11:08,,,,
