sr_no,station,station_code,avg_arr_delay,avg_dep_delay
Train No./Name,,,,
20111 KONKAN KANYA EXP,,,,
Days of Run:Daily,Type:SUPERFAST,,,
Sr.,Station,Code,Avg. Arr. Delay,Avg. Dep. Delay
1,CHHATRAPATI SHIVAJI MAHARAJ TERMINUS,CSMT,,00:49
2,DADAR,DR,00:25,00:25
3,THANE,TNA,00:24,00:25
4,PANVEL,PNVL,01:07,01:06
5,KHED,KHED,01:22,01:22
6,CHIPLUN,CHI,01:23,01:26
7,SANGAMESHWAR ROAD,SGR,01:22,01:27
8,RATNAGIRI,RN,01:16,01:21
9,VILAVADE,VID,01:39,01:45
10,RAJAPUR ROAD,RAJP,01:53,01:53
11,VAIBHAVWADI ROAD,VBW,01:58,01:58
12,KANKAVLI,KKW,02:01,02:03
13,SINDHUDURG,SNDD,02:06,02:06
14,KUDAL,KUDL,02:06,02:06
15,SAWANTWADI ROAD,SWV,02:06,02:07
16,PERNEM,PERN,01:40,01:42
17,THIVIM,THVM,01:26,01:29
18,KARMALI,KRMI,01:30,01:31
19,MADGAON JUNCTION,MAO,01:01,
02-Oct 11:26,,,,
