sr_no,station,station_code,avg_arr_delay,avg_dep_delay
Train No./Name,,,,
20484 DDR BGKT SF EXP,,,,
"Days of Run:Tue,Fri",Type:SUPERFAST,,,
Sr.,Station,Code,Avg. Arr. Delay,Avg. Dep. Delay
1,DADAR,DDR,,00:01
2,BORIVALI,BVI,00:11,00:11
3,PALGHAR,PLG,00:10,00:09
4,VAPI,VAPI,00:06,00:09
5,SURAT,ST,On Time,00:01
6,BHARUCH JN,BH,00:21,00:21
7,VADODARA JN,BRC,00:18,00:25
8,AHMEDABAD JN,ADI,00:05,00:08
9,MAHESANA JN,MSH,00:17,00:23
10,PATAN,PTN,00:23,00:23
11,BHILDI JN.,BLDI,On Time,On Time
12,RANIWARA,RNV,00:15,00:15
13,MARWAR BHINMAL,MBNL,00:11,00:14
14,MODRAN,MON,00:14,00:14
15,JALOR,JOR,00:13,00:13
16,MOKALSAR,MKSR,00:14,00:14
17,SAMDHARI JN,SMR,00:13,00:14
18,BHAGAT KI KOTHI,BGKT,00:04,
02-Oct 11:52,,,,
