sr_no,station,station_code,avg_arr_delay,avg_dep_delay
Train No./Name,,,,
20907 SAYAJINAGRI EXP,,,,
Days of Run:Daily,Type:SUPERFAST,,,
Sr.,Station,Code,Avg. Arr. Delay,Avg. Dep. Delay
1,DADAR,DDR,,On Time
2,BORIVALI,BVI,00:15,00:14
3,DAHANU ROAD,DRD,00:07,00:07
4,VAPI,VAPI,00:06,00:07
5,VALSAD,BL,00:07,00:08
6,BILIMORA JN,BIM,00:07,00:11
7,NAVSARI,NVS,00:05,00:06
8,SURAT,ST,00:03,00:04
9,KOSAMBA JN,KSB,00:05,00:05
10,ANKLESHWAR JN,AKV,00:07,00:08
11,BHARUCH JN,BH,00:12,00:14
12,PALEJ,PLJ,00:11,00:13
13,MIYAGAM KARJAN,MYG,00:13,00:13
14,VISHVAMITRI JN.,VS,00:11,00:11
15,VADODARA JN,BRC,00:09,00:09
16,ANAND JN,ANND,00:12,00:12
17,NADIAD JN,ND,00:12,00:12
18,AHMEDABAD JN,ADI,00:10,00:15
19,VIRAMGAM JN,VG,00:19,00:20
20,DHRANGADHRA,DHG,00:19,00:20
21,HALVAD,HVD,00:16,00:16
22,SAMAKHIALI B G,SIOB,On Time,00:02
23,BHACHAU BG,BCOB,00:07,00:07
24,GANDHIDHAM BG,GIMB,On Time,00:04
25,ADIPUR,AI,00:10,00:21
26,ANJAR,AJE,00:25,00:24
27,BHUJ,BHUJ,00:07,
02-Oct 11:52,,,,
