sr_no,station,station_code,avg_arr_delay,avg_dep_delay
Train No./Name,,,,
20921 BDTS LJN SF EXP,,,,
Days of Run:Sat,Type:SUPERFAST,,,
Sr.,Station,Code,Avg. Arr. Delay,Avg. Dep. Delay
1,BANDRA TERMINUS,BDTS,,On Time
2,BORIVALI,BVI,00:12,00:16
3,BOISAR,BOR,00:27,00:28
4,VAPI,VAPI,00:25,00:25
5,SURAT,ST,00:11,00:14
6,BHARUCH JN,BH,00:37,00:37
7,VADODARA JN,BRC,00:34,00:32
8,GODHRA JN,GDA,00:41,00:40
9,DAHOD,DHD,00:39,00:39
10,RATLAM JN,RTM,00:23,00:18
11,BHAWANI MANDI,BWM,00:10,00:10
12,KOTA JN,KOTA,00:07,00:11
13,SAWAI MADHOPUR,SWM,00:21,00:21
14,BHARATPUR JN,BTE,00:05,00:03
15,MATHURA JN.,MTJ,On Time,00:01
16,HATHRAS CITY,HTC,On Time,On Time
17,KASGANJ,KSJ,00:07,00:07
18,FARRUKHABAD,FBD,On Time,On Time
19,KANNAUJ,KJN,00:01,00:02
20,KANPUR ANWRGANJ,CPA,On Time,On Time
21,KANPUR CENTRAL,CNB,On Time,00:01
22,LUCKNOW,LJN,00:09,
02-Oct 11:47,,,,
