sr_no,station,station_code,avg_arr_delay,avg_dep_delay
Train No./Name,,,,
20943 BGKT HAMSAFAR,,,,
Days of Run:Thu,Type:SUPERFAST,,,
Sr.,Station,Code,Avg. Arr. Delay,Avg. Dep. Delay
1,BANDRA TERMINUS,BDTS,,On Time
2,BORIVALI,BVI,00:05,00:11
3,VAPI,VAPI,00:12,00:12
4,SURAT,ST,00:43,00:43
5,VADODARA JN,BRC,01:06,01:07
6,AHMEDABAD JN,ADI,00:27,00:26
7,PALANPUR JN,PNU,On Time,On Time
8,ABU ROAD,ABR,On Time,On Time
9,JAWAI BANDH,JWB,00:03,00:04
10,PALI MARWAR,PMY,00:13,00:11
11,BHAGAT KI KOTHI,BGKT,00:08,
02-Oct 11:49,,,,
