sr_no,station,station_code,avg_arr_delay,avg_dep_delay
Train No./Name,,,,
20941 BDTS GCT SF EXP,,,,
"Days of Run:Fri,Sun",Type:SUPERFAST,,,
Sr.,Station,Code,Avg. Arr. Delay,Avg. Dep. Delay
1,BANDRA TERMINUS,BDTS,,00:01
2,BORIVALI,BVI,00:05,00:05
3,VAPI,VAPI,00:02,00:05
4,VALSAD,BL,00:05,00:05
5,SURAT,ST,00:09,00:09
6,BHARUCH JN,BH,00:18,00:18
7,VADODARA JN,BRC,00:22,00:20
8,RATLAM JN,RTM,00:22,00:27
9,SHAMGARH,SGZ,00:25,00:27
10,RAMGANJ MANDI,RMA,00:35,00:35
11,KOTA JN,KOTA,00:26,00:27
12,SAWAI MADHOPUR,SWM,00:35,00:34
13,GANGAPUR CITY,GGC,00:34,00:35
14,SHRI MAHAVEERJI,SMVJ,00:38,00:37
15,HINDAUN CITY,HAN,00:35,00:35
16,BAYANA JN,BXN,00:17,00:19
17,AGRA CANTT,AGC,00:46,00:54
18,SHAMSHABAD TOWN,SSDT,01:00,01:01
19,ETAWAH JN,ETW,00:38,00:39
20,KANPUR CENTRAL,CNB,00:40,00:44
21,PRAYAGRAJ JN,PRYJ,00:17,00:24
22,JANGHAI JN,JNH,00:48,00:50
23,MARIAHU,MAY,00:38,00:39
24,JAUNPUR JN,JNU,00:33,00:31
25,KIRAKAT,KCT,00:08,00:08
26,DODHI,DHE,00:42,00:42
27,AUNRIHAR JN.,ARJ,00:35,00:35
28,GHAZIPUR CITY,GCT,00:19,
02-Oct 11:50,,,,
