sr_no,station,station_code,avg_arr_delay,avg_dep_delay
Train No./Name,,,,
22103 LTT AYODHYA EXP,,,,
Days of Run:Mon,Type:SUPERFAST,,,
Sr.,Station,Code,Avg. Arr. Delay,Avg. Dep. Delay
1,LOKMANYATILAK,LTT,,00:02
2,KALYAN JN,KYN,00:10,00:17
3,NASIK ROAD,NK,00:24,00:24
4,JALGAON JN,JL,00:35,00:36
5,BHUSAVAL JN,BSL,00:27,00:34
6,ITARSI JN,ET,On Time,On Time
7,JABALPUR,JBP,On Time,On Time
8,KATNI,KTE,00:02,00:04
9,SATNA,STA,On Time,00:03
10,MANIKPUR JN,MKP,00:04,00:05
11,PRAYAGRAJ JN,PRYJ,00:30,00:37
12,JANGHAI JN,JNH,00:59,00:59
13,MARIAHU,MAY,00:50,00:50
14,AYODHYA CANTT,AYC,00:15,
02-Oct 11:12,,,,
