sr_no,station,station_code,avg_arr_delay,avg_dep_delay
Train No./Name,,,,
22107 CSMT LATUR EXP,,,,
"Days of Run:Mon,Tue,Thu,Sun",Type:SUPERFAST,,,
Sr.,Station,Code,Avg. Arr. Delay,Avg. Dep. Delay
1,CHHATRAPATI SHIVAJI MAHARAJ TERMINUS,CSMT,,On Time
2,DADAR,DR,00:06,00:06
3,THANE,TNA,00:14,00:15
4,KALYAN JN,KYN,00:15,00:17
5,KARJAT,KJT,00:20,00:24
6,PUNE JN,PUNE,00:28,00:31
7,DAUND JN,DD,00:33,00:33
8,KURDUVADI JN.,KWV,00:33,00:35
9,BARSI TOWN,BTW,00:28,00:29
10,USMANABAD,UMD,00:26,00:27
11,LATUR,LUR,On Time,
02-Oct 11:24,,,,
