sr_no,station,station_code,avg_arr_delay,avg_dep_delay
Train No./Name,,,,
22109 LTT BPQ EXPRESS,,,,
Days of Run:Tue,Type:SUPERFAST,,,
Sr.,Station,Code,Avg. Arr. Delay,Avg. Dep. Delay
1,THANE,TNA,00:06,00:06
2,KALYAN JN,KYN,00:24,00:31
3,IGATPURI,IGP,00:38,00:43
4,NASIK ROAD,NK,00:49,00:49
5,BHUSAVAL JN,BSL,01:00,01:05
6,MALKAPUR,MKU,01:07,01:09
7,AKOLA JN.,AK,00:54,00:55
8,BADNERA JN.,BD,00:58,01:01
9,DHAMANGAON,DMN,00:47,00:48
10,PULGAON JN,PLO,00:52,00:53
11,WARDHA JN,WR,00:54,00:54
12,HINGANGHAT,HGT,00:59,01:00
02-Oct 11:45,,,,
