sr_no,station,station_code,avg_arr_delay,avg_dep_delay
Train No./Name,,,,
22101 LTT MADURAI EXP,,,,
Days of Run:Wed,Type:SUPERFAST,,,
Sr.,Station,Code,Avg. Arr. Delay,Avg. Dep. Delay
1,LOKMANYATILAK,LTT,,00:01
2,THANE,TNA,00:02,00:03
3,KALYAN JN,KYN,00:07,00:07
4,KARJAT,KJT,00:25,00:31
5,PUNE JN,PUNE,00:59,01:26
6,DAUND JN,DD,01:27,01:25
7,SOLAPUR JN,SUR,01:37,01:40
8,KALABURAGI,KLBG,02:03,02:02
9,SHAHABAD,SDB,01:59,01:59
10,WADI,WADI,01:46,01:49
11,RAICHUR,RC,01:59,02:00
12,MANTHRALAYAM RD,MALM,01:57,01:56
13,ADONI,AD,02:01,02:03
14,GUNTAKAL JN,GTL,01:53,01:54
15,GOOTY,GY,02:00,02:01
16,CUDDAPAH,HX,01:28,01:28
17,RAZAMPETA,RJP,01:27,01:27
18,RENIGUNTA JN,RU,00:54,00:59
19,TIRUTTANI,TRT,01:02,01:01
20,KANCHIPURAM,CJ,00:52,00:52
21,CHENGALPATTU,CGL,00:39,00:39
22,VILLUPURAM JN,VM,00:26,00:30
23,VRIDDHACHALAM JN,VRI,00:35,00:35
24,TIRUCHCHIRAPPALLI JN.,TPJ,00:15,00:24
25,DINDIGUL JN,DG,00:08,00:09
26,MADURAI JN,MDU,On Time,
02-Oct 11:12,,,,
