sr_no,station,station_code,avg_arr_delay,avg_dep_delay
Train No./Name,,,,
22113 LTT KCVL SF EXP,,,,
"Days of Run:Tue,Sat",Type:SUPERFAST,,,
Sr.,Station,Code,Avg. Arr. Delay,Avg. Dep. Delay
1,LOKMANYATILAK,LTT,,00:01
2,THANE,TNA,00:45,00:45
3,PANVEL,PNVL,00:43,00:45
4,KHED,KHED,01:13,01:13
5,CHIPLUN,CHI,01:26,01:28
6,RATNAGIRI,RN,01:30,01:40
7,SINDHUDURG,SNDD,02:05,02:05
8,PERNEM,PERN,02:06,02:07
9,MADGAON JUNCTION,MAO,02:37,02:36
10,KARWAR,KAWR,02:41,02:41
11,BHATKAL,BTJL,02:52,02:51
12,KUNDAPURA,KUDA,02:38,02:39
13,UDUPI,UD,02:17,02:17
14,MANGALORE JUNCTION,MAJN,02:03,02:11
15,KASARAGOD,KGQ,02:08,02:09
16,KANNUR,CAN,01:53,01:54
17,THALASSERY,TLY,01:51,01:52
18,KOZHIKKODE,CLT,01:41,01:42
19,TIRUR,TIR,01:38,01:40
20,SHORANUR JN,SRR,01:18,01:23
21,THRISUR,TCR,01:19,01:19
22,ERNAKULAM TOWN,ERN,01:17,01:18
23,KOTTAYAM,KTYM,01:43,01:46
24,TIRUVALLA,TRVL,01:41,01:43
25,CHENGANNUR,CNGR,01:44,01:44
26,KAYANKULAM JN,KYJ,01:38,01:39
27,KOLLAM JN,QLN,01:41,01:42
28,KOCHUVELI,KCVL,00:47,
02-Oct 11:15,,,,
