sr_no,station,station_code,avg_arr_delay,avg_dep_delay
Train No./Name,,,,
22121 LTT LKO AC EXP,,,,
Days of Run:Sat,Type:SUPERFAST,,,
Sr.,Station,Code,Avg. Arr. Delay,Avg. Dep. Delay
1,LOKMANYATILAK,LTT,,On Time
2,THANE,TNA,On Time,00:01
3,KALYAN JN,KYN,00:07,00:07
4,NASIK ROAD,NK,On Time,00:01
5,JALGAON JN,JL,00:21,00:22
6,BHUSAVAL JN,BSL,00:15,00:26
7,RANI KAMALAPATI,RKMP,On Time,On Time
8,VIRANGANA LAKSHMIBAI JHANSI,VGLJ,00:05,00:07
9,ORAI,ORAI,00:17,00:16
10,KANPUR CENTRAL,CNB,On Time,00:05
11,LUCKNOW,LKO,On Time,
02-Oct 11:12,,,,
