sr_no,station,station_code,avg_arr_delay,avg_dep_delay
Train No./Name,,,,
22129 TULSI EXPRESS,,,,
"Days of Run:Tue,Sun",Type:SUPERFAST,,,
Sr.,Station,Code,Avg. Arr. Delay,Avg. Dep. Delay
1,LOKMANYATILAK,LTT,,On Time
2,THANE,TNA,00:09,00:09
3,KALYAN JN,KYN,00:14,00:15
4,IGATPURI,IGP,00:40,00:43
5,NASIK ROAD,NK,00:16,00:15
6,MANMAD JN,MMR,00:03,00:07
7,BHUSAVAL JN,BSL,00:12,00:15
8,BURHANPUR,BAU,00:12,00:14
9,KHANDWA JUNCTION,KNW,On Time,00:03
10,HARDA,HD,00:17,00:17
11,TIMARNI,TBN,00:19,00:19
12,ITARSI JN,ET,00:03,00:04
13,RANI KAMALAPATI,RKMP,00:08,00:09
14,BHOPAL,BPL,00:08,00:15
15,BINA JN,BINA,00:07,00:08
16,LALITPUR,LAR,00:30,00:31
17,VIRANGANA LAKSHMIBAI JHANSI,VGLJ,00:24,00:42
18,NIVARI,NEW,00:57,00:58
19,MAU RANIPUR,MRPR,01:06,01:07
20,HARPALPUR,HPP,01:07,01:08
21,MAHOBA,MBA,00:53,00:54
22,BANDA JN,BNDA,00:59,01:01
23,ATARRA,ATE,01:15,01:16
24,CHITRAKOT,CKTD,01:16,01:17
25,MANIKPUR JN,MKP,On Time,On Time
26,PRAYAGRAJ JN,PRYJ,00:01,00:03
27,PRAYAG,PRG,00:02,00:02
28,MAA BELHA DEVI DHAM PRATAPGARH JUNCTION,MBDP,00:05,00:07
29,SULTANPUR,SLN,00:30,00:43
30,AYODHYA CANTT,AYC,00:27,
02-Oct 11:08,,,,
