sr_no,station,station_code,avg_arr_delay,avg_dep_delay
Train No./Name,,,,
22143 CSMT BIDAR EXP,,,,
"Days of Run:Wed,Fri,Sat",Type:SUPERFAST,,,
Sr.,Station,Code,Avg. Arr. Delay,Avg. Dep. Delay
1,CHHATRAPATI SHIVAJI MAHARAJ TERMINUS,CSMT,,01:03
2,DADAR,DR,01:07,01:07
3,THANE,TNA,01:17,01:17
4,KALYAN JN,KYN,01:21,01:24
5,KARJAT,KJT,01:29,01:32
6,PUNE JN,PUNE,01:31,01:32
7,DAUND JN,DD,01:36,01:37
8,KURDUVADI JN.,KWV,01:40,01:41
9,BARSI TOWN,BTW,01:31,01:33
10,USMANABAD,UMD,01:32,01:33
11,LATUR,LUR,00:45,01:00
12,LATUR ROAD,LTRR,00:49,00:56
13,UDGIR,UDGR,01:27,01:29
14,BHALKI,BHLK,01:38,01:38
15,BIDAR,BIDR,00:43,
02-Oct 11:24,,,,
