sr_no,station,station_code,avg_arr_delay,avg_dep_delay
Train No./Name,,,,
22159 CSMT CHENNAI EXP,,,,
Days of Run:Daily,Type:SUPERFAST,,,
Sr.,Station,Code,Avg. Arr. Delay,Avg. Dep. Delay
1,CHHATRAPATI SHIVAJI MAHARAJ TERMINUS,CSMT,,00:34
2,DADAR,DR,00:41,00:40
3,THANE,TNA,00:38,00:39
4,KALYAN JN,KYN,00:42,00:44
5,KARJAT,KJT,00:23,00:24
6,LONAVALA,LNL,00:47,00:49
7,KHADKI,KK,01:03,01:03
8,PUNE JN,PUNE,00:55,00:58
9,DAUND JN,DD,01:09,01:07
10,KURDUVADI JN.,KWV,01:07,01:09
11,SOLAPUR JN,SUR,01:18,01:21
12,KALABURAGI,KLBG,01:26,01:26
13,WADI,WADI,00:54,00:59
14,YADGIR,YG,01:06,01:07
15,RAICHUR,RC,01:18,01:20
16,MANTHRALAYAM RD,MALM,01:16,01:17
17,ADONI,AD,01:17,01:20
18,GUNTAKAL JN,GTL,01:23,01:31
19,GOOTY,GY,01:20,01:23
20,TADIPATRI,TU,01:17,01:17
21,YERRAGUNTLA,YA,01:05,01:06
22,CUDDAPAH,HX,01:07,01:08
23,RAZAMPETA,RJP,00:56,00:58
24,RENIGUNTA JN,RU,00:39,00:48
25,PUTTUR,PUT,00:54,00:54
26,TIRUTTANI,TRT,00:46,00:48
27,ARAKKONAM,AJJ,00:40,00:49
28,TIRUVALLUR,TRL,00:46,00:47
29,PERAMBUR,PER,00:53,00:53
30,PURATCHI THALAIVAR DR. MGR CTL CHENNAI,MAS,00:30,
02-Oct 11:20,,,,
