sr_no,station,station_code,avg_arr_delay,avg_dep_delay
Train No./Name,,,,
22157 CSMT MS SF MAIL,,,,
Days of Run:Daily,Type:SUPERFAST,,,
Sr.,Station,Code,Avg. Arr. Delay,Avg. Dep. Delay
1,CHHATRAPATI SHIVAJI MAHARAJ TERMINUS,CSMT,,00:33
2,DADAR,DR,00:39,00:39
3,KALYAN JN,KYN,00:43,00:44
4,LONAVALA,LNL,00:40,00:42
5,KHADKI,KK,00:53,00:53
6,PUNE JN,PUNE,00:45,00:51
7,DAUND JN,DD,00:57,00:57
8,JEUR,JEUR,00:22,00:22
9,KURDUVADI JN.,KWV,01:01,01:01
10,SOLAPUR JN,SUR,00:55,00:59
11,AKALKOT ROAD,AKOR,01:00,01:00
12,DUDHANI,DUD,01:02,01:02
13,GANAGAPUR ROAD,GUR,01:03,01:03
14,KALABURAGI,KLBG,00:55,00:56
15,SHAHABAD,SDB,00:49,00:50
16,WADI,WADI,00:43,00:45
17,NALWAR,NW,00:47,00:47
18,YADGIR,YG,00:08,00:09
19,SAIDAPUR,SADP,00:55,00:56
20,KRISHNA,KSN,00:57,01:04
21,RAICHUR,RC,00:44,00:46
22,MATMARI,MTU,00:45,00:46
23,MANTHRALAYAM RD,MALM,00:43,00:45
24,KOSGI,KO,00:49,00:50
25,ADONI,AD,00:51,00:52
26,GUNTAKAL JN,GTL,00:50,00:58
27,GOOTY,GY,00:52,00:56
28,TADIPATRI,TU,00:47,00:48
29,YERRAGUNTLA,YA,00:39,00:41
30,CUDDAPAH,HX,00:39,00:42
31,RENIGUNTA JN,RU,00:38,00:43
32,ARAKKONAM,AJJ,00:45,00:49
33,PERAMBUR,PER,00:57,00:57
34,CHENNAI EGMORE,MS,00:46,
02-Oct 11:26,,,,
