sr_no,station,station_code,avg_arr_delay,avg_dep_delay
Train No./Name,,,,
22179 LTT CHENNAI EXP,,,,
Days of Run:Mon,Type:SUPERFAST,,,
Sr.,Station,Code,Avg. Arr. Delay,Avg. Dep. Delay
1,LOKMANYATILAK,LTT,,On Time
2,KALYAN JN,KYN,00:20,00:20
3,PUNE JN,PUNE,00:30,00:47
4,SOLAPUR JN,SUR,00:22,00:26
5,KALABURAGI,KLBG,00:26,00:25
6,WADI,WADI,On Time,On Time
7,YADGIR,YG,00:09,00:10
8,RAICHUR,RC,00:26,00:27
9,MANTHRALAYAM RD,MALM,00:25,00:26
10,GUNTAKAL JN,GTL,00:40,00:42
11,GOOTY,GY,00:37,00:39
12,YERRAGUNTLA,YA,00:19,00:20
13,CUDDAPAH,HX,00:20,00:22
14,RENIGUNTA JN,RU,On Time,00:03
15,ARAKKONAM,AJJ,00:09,00:10
16,PERAMBUR,PER,00:10,00:10
17,PURATCHI THALAIVAR DR. MGR CTL CHENNAI,MAS,On Time,
02-Oct 11:12,,,,
