sr_no,station,station_code,avg_arr_delay,avg_dep_delay
Train No./Name,,,,
22177 MAHANAGARI EXP,,,,
Days of Run:Daily,Type:SUPERFAST,,,
Sr.,Station,Code,Avg. Arr. Delay,Avg. Dep. Delay
1,CHHATRAPATI SHIVAJI MAHARAJ TERMINUS,CSMT,,00:35
2,DADAR,DR,00:50,00:50
3,THANE,TNA,00:50,00:49
4,KALYAN JN,KYN,00:39,00:40
5,IGATPURI,IGP,00:42,00:43
6,NASIK ROAD,NK,00:49,00:48
7,MANMAD JN,MMR,00:53,00:56
8,NANDGAON,NGN,01:03,01:04
9,CHALISGAON JN,CSN,01:07,01:08
10,PACHORA JN,PC,01:08,01:10
11,JALGAON JN,JL,01:17,01:18
12,BHUSAVAL JN,BSL,01:02,01:10
13,BURHANPUR,BAU,01:05,01:06
14,KHANDWA JUNCTION,KNW,00:36,00:40
15,ITARSI JN,ET,00:33,00:36
16,PIPARIYA,PPI,00:39,00:40
17,NARSINGHPUR,NU,00:51,00:54
18,SRIDHAM,SRID,00:51,00:52
19,MADAN MAHAL,MML,00:52,00:54
20,JABALPUR,JBP,00:41,00:43
21,KATNI,KTE,00:54,00:55
22,MAIHAR,MYR,01:05,01:08
23,SATNA,STA,01:06,01:07
24,MANIKPUR JN,MKP,00:16,00:18
25,PRAYAGRAJ CHHEOKI,PCOI,00:33,00:48
26,VINDHYACHAL,BDL,00:36,00:49
27,MIRZAPUR,MZP,00:30,01:10
28,CHUNAR,CAR,00:40,00:43
29,KASHI,KEI,00:14,00:21
30,VARANASI,BSB,00:17,
02-Oct 11:17,,,,
