sr_no,station,station_code,avg_arr_delay,avg_dep_delay
Train No./Name,,,,
22183 SAKET EXPRESS,,,,
"Days of Run:Wed,Sat",Type:SUPERFAST,,,
Sr.,Station,Code,Avg. Arr. Delay,Avg. Dep. Delay
1,LOKMANYATILAK,LTT,,00:04
2,THANE,TNA,00:08,00:08
3,KALYAN JN,KYN,00:21,00:21
4,IGATPURI,IGP,00:49,00:49
5,NASIK ROAD,NK,00:33,00:31
6,MANMAD JN,MMR,00:20,00:18
7,BHUSAVAL JN,BSL,00:36,00:40
8,BURHANPUR,BAU,00:45,00:45
9,KHANDWA JUNCTION,KNW,00:28,00:29
10,ITARSI JN,ET,On Time,00:07
11,PIPARIYA,PPI,00:16,00:18
12,NARSINGHPUR,NU,00:39,00:39
13,JABALPUR,JBP,00:26,00:27
14,KATNI,KTE,00:27,00:26
15,SATNA,STA,00:24,00:22
16,MANIKPUR JN,MKP,On Time,00:01
17,PRAYAGRAJ JN,PRYJ,00:03,00:01
18,MAA BELHA DEVI DHAM PRATAPGARH JUNCTION,MBDP,On Time,00:06
19,SULTANPUR,SLN,00:20,00:23
20,AYODHYA CANTT,AYC,On Time,
02-Oct 11:09,,,,
