sr_no,station,station_code,avg_arr_delay,avg_dep_delay
Train No./Name,,,,
22196 BDTS JHANSI WEEKLY SUF,,,,
"Days of Run:Tue,Wed",Type:SUPERFAST,,,
Sr.,Station,Code,Avg. Arr. Delay,Avg. Dep. Delay
1,BANDRA TERMINUS,BDTS,,On Time
2,BORIVALI,BVI,00:12,00:12
3,VAPI,VAPI,00:20,00:21
4,SURAT,ST,00:14,00:14
5,BHARUCH JN,BH,00:22,00:21
6,VADODARA JN,BRC,00:06,00:09
7,GODHRA JN,GDA,00:04,00:06
8,DAHOD,DHD,00:12,00:13
9,RATLAM JN,RTM,00:05,00:07
10,NAGDA JN,NAD,On Time,00:01
11,UJJAIN JN,UJN,On Time,00:02
12,MAKSI JUNCTION,MKC,On Time,On Time
13,SHAJAPUR,SFY,On Time,On Time
14,BIYAVRA RAJGARH,BRRG,On Time,00:01
15,CHACHURA BINAGANI,CBK,00:07,00:06
16,RUTHIYAI JUNCTION,RTA,On Time,00:12
17,GUNA,GUNA,00:05,00:20
18,SHIVPURI,SVPI,00:43,00:45
19,GWALIOR,GWL,On Time,00:05
20,DABRA,DBA,00:12,00:12
21,DATIA,DAA,00:06,00:07
22,VIRANGANA LAKSHMIBAI JHANSI,VGLJ,00:02,
02-Oct 11:27,,,,
