sr_no,station,station_code,avg_arr_delay,avg_dep_delay
Train No./Name,,,,
22221 NZM RAJDHANI,,,,
Days of Run:Daily,Type:RAJDHANI,,,
Sr.,Station,Code,Avg. Arr. Delay,Avg. Dep. Delay
1,CHHATRAPATI SHIVAJI MAHARAJ TERMINUS,CSMT,,On Time
2,KALYAN JN,KYN,00:08,00:08
3,NASIK ROAD,NK,00:21,00:22
4,JALGAON JN,JL,00:14,00:18
5,BHOPAL,BPL,00:01,00:07
6,VIRANGANA LAKSHMIBAI JHANSI,VGLJ,00:05,00:07
7,GWALIOR,GWL,00:13,00:14
8,AGRA CANTT,AGC,00:15,00:16
9,HAZRAT NIZAMUDDIN JN,NZM,00:13,
02-Oct 11:22,,,,
