sr_no,station,station_code,avg_arr_delay,avg_dep_delay
Train No./Name,,,,
22312 LTT GODDA EXP,,,,
Days of Run:Thu,Type:SUPERFAST,,,
Sr.,Station,Code,Avg. Arr. Delay,Avg. Dep. Delay
1,LOKMANYATILAK,LTT,,00:23
2,KALYAN JN,KYN,00:44,00:44
3,IGATPURI,IGP,00:40,00:41
4,NASIK ROAD,NK,00:40,00:37
5,MANMAD JN,MMR,00:39,00:37
6,BHUSAVAL JN,BSL,01:19,01:25
7,BURHANPUR,BAU,01:34,01:34
8,KHANDWA JUNCTION,KNW,01:29,01:29
9,HARDA,HD,01:42,01:41
10,ITARSI JN,ET,01:31,01:30
11,PIPARIYA,PPI,01:31,01:31
12,JABALPUR,JBP,01:14,01:25
13,KATNI,KTE,01:50,01:49
14,SATNA,STA,01:44,01:43
15,PRAYAGRAJ CHHEOKI,PCOI,01:19,01:21
16,MIRZAPUR,MZP,01:01,00:59
17,PT.DEEN DAYAL UPADHYAYA JN.,DDU,00:11,00:14
18,DILDARNAGAR JN,DLN,On Time,00:01
19,BUXAR,BXR,On Time,On Time
20,DUMRAON,DURE,00:05,00:07
21,ARA,ARA,On Time,On Time
22,DANAPUR,DNR,On Time,On Time
23,PATNA JN,PNBE,On Time,On Time
24,PATNA SAHEB,PNC,00:03,00:04
25,FATUHA,FUT,00:07,00:07
26,KHUSROPUR,KOO,00:08,00:16
27,BAKHTIYARPUR JN,BKP,00:18,00:19
28,BARH,BARH,00:18,00:18
29,MOKAMA,MKA,00:11,00:13
30,KIUL JN,KIUL,On Time,On Time
31,KAJRA,KJH,00:03,00:03
32,ABHAIPUR,AHA,00:10,00:11
33,JAMALPUR JN,JMP,00:02,00:05
34,BARIARPUR,BUP,00:20,00:20
35,SULTANGANJ,SGG,00:17,00:20
36,BHAGALPUR,BGP,00:23,00:45
37,BARAHAT,BHLE,00:53,00:53
38,MANDAR HILL,MDLE,00:52,00:51
39,HANSDIHA,HSDA,00:54,00:56
40,PRAYAHAT HALT,PYHT,00:54,00:54
41,GODDA,GODA,00:55,
02-Oct 11:10,,,,
