sr_no,station,station_code,avg_arr_delay,avg_dep_delay
Train No./Name,,,,
22444 BDTS KANPUR SUP,,,,
Days of Run:Fri,Type:SUPERFAST,,,
Sr.,Station,Code,Avg. Arr. Delay,Avg. Dep. Delay
1,BANDRA TERMINUS,BDTS,,On Time
2,BORIVALI,BVI,00:11,00:10
3,VAPI,VAPI,00:04,00:05
4,SURAT,ST,00:09,00:09
5,BHARUCH JN,BH,00:18,00:18
6,VADODARA JN,BRC,00:13,00:08
7,GODHRA JN,GDA,On Time,00:06
8,RATLAM JN,RTM,On Time,On Time
9,NAGDA JN,NAD,On Time,On Time
10,KOTA JN,KOTA,00:02,00:03
11,SAWAI MADHOPUR,SWM,00:22,00:24
12,BHARATPUR JN,BTE,00:11,00:09
13,MATHURA JN.,MTJ,On Time,On Time
14,MATHURA CANT,MRT,On Time,00:01
15,HATHRAS CITY,HTC,00:02,00:02
16,KASGANJ,KSJ,00:07,00:04
17,FARRUKHABAD,FBD,On Time,On Time
18,FATEHGARH,FGR,On Time,On Time
19,KANNAUJ,KJN,On Time,On Time
20,BILHAUR,BLU,00:08,00:09
21,KANPUR ANWRGANJ,CPA,On Time,On Time
22,KANPUR CENTRAL,CNB,On Time,
02-Oct 11:27,,,,
