sr_no,station,station_code,avg_arr_delay,avg_dep_delay
Train No./Name,,,,
22451 BDTS CDG SF EXP,,,,
"Days of Run:Mon,Thu",Type:SUPERFAST,,,
Sr.,Station,Code,Avg. Arr. Delay,Avg. Dep. Delay
1,BANDRA TERMINUS,BDTS,,00:01
2,BORIVALI,BVI,00:15,00:18
3,SURAT,ST,00:07,00:08
4,BHARUCH JN,BH,00:10,00:10
5,VADODARA JN,BRC,00:09,00:11
6,ANAND JN,ANND,00:18,00:18
7,AHMEDABAD JN,ADI,On Time,00:01
8,MAHESANA JN,MSH,00:14,00:14
9,PALANPUR JN,PNU,On Time,On Time
10,ABU ROAD,ABR,00:01,On Time
11,FALNA,FA,On Time,On Time
12,MARWAR JN,MJ,On Time,On Time
13,AJMER JN,AII,On Time,00:01
14,KISHANGARH,KSG,00:01,00:01
15,PHULERA,FL,On Time,00:03
16,RENWAL,RNW,00:06,00:06
17,RINGAS JN,RGS,On Time,00:02
18,SHRI MADHOPUR,SMPR,00:06,00:06
19,NIM KA THANA,NMK,00:08,00:08
20,NARNAUL,NNL,00:07,00:07
21,REWARI JN.,RE,On Time,00:02
22,GURGAON,GGN,On Time,00:02
23,DELHI CANTT,DEC,On Time,00:07
24,PANIPAT JN,PNP,00:37,00:38
25,KARNAL,KUN,00:40,00:40
26,AMBALA CANT JN,UMB,00:03,00:04
27,CHANDIGARH,CDG,00:15,
02-Oct 11:30,,,,
