sr_no,station,station_code,avg_arr_delay,avg_dep_delay
Train No./Name,,,,
22474 BDTS BKN SF EXP,,,,
Days of Run:Tue,Type:SUPERFAST,,,
Sr.,Station,Code,Avg. Arr. Delay,Avg. Dep. Delay
1,BANDRA TERMINUS,BDTS,,On Time
2,BORIVALI,BVI,00:16,00:16
3,VALSAD,BL,00:08,00:09
4,NAVSARI,NVS,00:07,00:07
5,SURAT,ST,00:07,00:08
6,BHARUCH JN,BH,00:19,00:19
7,VADODARA JN,BRC,00:17,00:17
8,ANAND JN,ANND,00:28,00:29
9,NADIAD JN,ND,00:19,00:19
10,AHMEDABAD JN,ADI,00:13,00:25
11,MAHESANA JN,MSH,00:29,00:37
12,UNJHA,UJA,00:48,00:48
13,PALANPUR JN,PNU,On Time,00:11
02-Oct 11:32,,,,
