sr_no,station,station_code,avg_arr_delay,avg_dep_delay
Train No./Name,,,,
22538 KUSHINAGAR EXP,,,,
Days of Run:Daily,Type:SUPERFAST,,,
Sr.,Station,Code,Avg. Arr. Delay,Avg. Dep. Delay
1,LOKMANYATILAK,LTT,,00:21
2,THANE,TNA,00:25,00:29
3,KALYAN JN,KYN,00:37,00:39
4,NASIK ROAD,NK,00:37,00:38
5,MANMAD JN,MMR,00:46,00:46
6,NANDGAON,NGN,00:45,00:46
7,CHALISGAON JN,CSN,00:40,00:41
8,PACHORA JN,PC,00:49,00:49
9,JALGAON JN,JL,00:43,00:45
10,BHUSAVAL JN,BSL,00:39,00:45
11,RAVER,RV,00:53,00:54
12,BURHANPUR,BAU,00:58,00:58
13,NEPANAGAR,NPNR,00:53,00:54
14,KHANDWA JUNCTION,KNW,00:25,00:28
15,KHIRKIYA,KKN,00:33,00:38
16,HARDA,HD,00:49,00:50
17,TIMARNI,TBN,00:54,00:53
18,ITARSI JN,ET,00:49,00:49
19,NARMADAPURAM,NDPM,00:52,00:53
20,MANDI DIP,MDDP,00:53,00:54
21,RANI KAMALAPATI,RKMP,00:50,00:54
22,BHOPAL,BPL,00:59,01:02
23,VIDISHA,BHS,01:01,01:02
24,GANJ BASODA,BAQ,00:51,00:53
25,BINA JN,BINA,00:31,00:40
26,LALITPUR,LAR,00:59,01:00
27,BABINA,BAB,01:10,01:14
28,VIRANGANA LAKSHMIBAI JHANSI,VGLJ,01:06,01:10
29,AIT,AIT,01:13,01:13
30,ORAI,ORAI,01:16,01:17
31,KALPI,KPI,01:23,01:24
32,POKHRAYAN,PHN,01:25,01:26
33,KANPUR CENTRAL,CNB,00:22,00:29
34,UNNAO JN,ON,00:35,00:35
35,AISHBAGH,ASH,00:52,00:55
36,BADSHAHNAGAR,BNZ,00:58,00:59
37,BARABANKI JN,BBK,01:12,01:14
38,GONDA JN,GD,01:24,01:26
39,MANKAPUR JN,MUR,01:27,01:31
40,MASKANWA,MSW,01:31,01:37
41,BABHNAN,BV,01:47,01:50
42,BASTI,BST,01:53,01:53
43,KHALILABAD,KLD,01:55,01:55
44,GORAKHPUR JN,GKP,01:16,
02-Oct 11:43,,,,
