sr_no,station,station_code,avg_arr_delay,avg_dep_delay
Train No./Name,,,,
22629 DADAR TEN EXP,,,,
Days of Run:Thu,Type:SUPERFAST,,,
Sr.,Station,Code,Avg. Arr. Delay,Avg. Dep. Delay
1,PANVEL,PNVL,On Time,00:01
2,CHIPLUN,CHI,00:06,00:07
3,RATNAGIRI,RN,00:16,00:18
4,KANKAVLI,KKW,00:20,00:21
5,THIVIM,THVM,00:23,00:23
6,MADGAON JUNCTION,MAO,00:08,00:17
7,KARWAR,KAWR,00:30,00:31
8,HONNAVAR,HNA,00:37,00:37
9,UDUPI,UD,00:21,00:23
10,MANGALORE JUNCTION,MAJN,00:30,00:36
11,KASARAGOD,KGQ,00:36,00:37
12,KANNUR,CAN,00:21,00:39
13,KOZHIKKODE,CLT,00:34,00:36
14,SHORANUR JN,SRR,00:13,00:48
15,PALAKKAD JN,PGT,00:30,00:46
16,COIMBATORE JN,CBE,00:23,00:30
17,TIRUPPUR,TUP,00:35,00:35
18,ERODE JN,ED,00:54,00:57
19,KARUR,KRR,00:14,00:15
20,DINDIGUL JN,DG,On Time,00:17
21,MADURAI JN,MDU,00:09,00:15
22,VIRUDUNAGAR JN,VPT,00:13,00:13
23,KOVILPATTI,CVP,00:11,00:11
24,TIRUNELVELI JN,TEN,On Time,
02-Oct 11:53,,,,
