sr_no,station,station_code,avg_arr_delay,avg_dep_delay
Train No./Name,,,,
22732 HYDERABAD EXP,,,,
Days of Run:Daily,Type:SUPERFAST,,,
Sr.,Station,Code,Avg. Arr. Delay,Avg. Dep. Delay
1,CHHATRAPATI SHIVAJI MAHARAJ TERMINUS,CSMT,,00:01
2,DADAR,DR,00:11,00:11
3,KALYAN JN,KYN,00:19,00:21
4,LONAVALA,LNL,00:29,00:31
5,PUNE JN,PUNE,00:17,00:27
6,URULI,URI,00:30,00:30
7,KEDGAON,KDG,00:31,00:31
8,DAUND JN,DD,00:30,00:35
9,JEUR,JEUR,00:35,00:38
10,KEM,KEM,00:37,00:38
11,KURDUVADI JN.,KWV,00:36,00:36
12,SOLAPUR JN,SUR,00:26,00:28
13,DUDHANI,DUD,00:31,00:31
14,KALABURAGI,KLBG,00:21,00:22
15,WADI,WADI,00:08,00:15
16,CHITTAPUR,CT,00:23,00:24
17,SERAM,SEM,00:32,00:32
18,TANDUR,TDU,00:47,00:48
19,VIKARABAD JN,VKB,00:48,00:49
20,LINGAMPALLI,LPI,00:49,00:50
21,HYDERABAD,HYB,On Time,
02-Oct 11:21,,,,
