sr_no,station,station_code,avg_arr_delay,avg_dep_delay
Train No./Name,,,,
22848 LTT VSKP EXPRESS,,,,
Days of Run:Tue,Type:SUPERFAST,,,
Sr.,Station,Code,Avg. Arr. Delay,Avg. Dep. Delay
1,LOKMANYATILAK,LTT,,00:03
2,KALYAN JN,KYN,00:11,00:16
3,NASIK ROAD,NK,00:15,00:16
4,MANMAD JN,MMR,00:27,00:27
5,BHUSAVAL JN,BSL,00:28,00:32
6,AKOLA JN.,AK,00:41,00:42
7,BADNERA JN.,BD,00:18,00:18
8,WARDHA JN,WR,00:26,00:25
9,NAGPUR,NGP,00:09,00:13
10,GONDIA JN,G,00:23,00:24
11,DURG,DURG,On Time,On Time
12,RAIPUR JN,R,00:05,00:06
13,MAHASAMUND,MSMD,On Time,On Time
14,BAGBAHRA,BGBR,00:09,00:09
15,KHARIAR ROAD,KRAR,00:15,00:15
16,KANTABANJI,KBJ,00:18,00:20
17,TITLAGARH,TIG,00:27,00:24
18,KESINGA,KSNG,00:21,00:21
19,MUNIGUDA,MNGD,01:04,01:05
20,RAYAGADA,RGDA,00:05,00:08
21,PARVATIPURAM,PVP,00:09,00:08
22,BOBBILI,VBL,00:07,00:07
23,VIZIANAGRAM JN,VZM,00:15,00:13
24,VISAKHAPATNAM,VSKP,00:02,
02-Oct 11:07,,,,
