sr_no,station,station_code,avg_arr_delay,avg_dep_delay
Train No./Name,,,,
22865 LTT PURI EXPRESS,,,,
Days of Run:Thu,Type:SUPERFAST,,,
Sr.,Station,Code,Avg. Arr. Delay,Avg. Dep. Delay
1,LOKMANYATILAK,LTT,,04:26
2,THANE,TNA,04:24,04:33
3,MANMAD JN,MMR,05:02,05:03
4,BHUSAVAL JN,BSL,05:23,05:27
5,WARDHA JN,WR,05:20,05:22
6,NAGPUR,NGP,04:43,04:49
7,RAIPUR JN,R,04:05,04:07
8,BILASPUR JN.,BSP,04:14,04:09
9,RAIGARH,RIG,04:09,04:10
10,BRAJRAJNAGAR,BRJN,04:38,04:39
11,JHARSUGUDA ROAD,JSGR,04:44,04:44
12,ANGUL,ANGL,04:04,04:07
13,TALCHER ROAD,TLHD,04:09,04:28
14,DHENKANAL,DNKL,04:50,04:52
15,CUTTACK,CTC,04:50,04:50
16,BHUBANESWAR,BBS,05:15,05:30
17,KHURDA ROAD JN,KUR,06:00,06:00
18,PURI,PURI,05:25,
02-Oct 11:07,,,,
