sr_no,station,station_code,avg_arr_delay,avg_dep_delay
Train No./Name,,,,
22901 BDTS UDZ SF EXP,,,,
"Days of Run:Tue,Thu,Sat",Type:SUPERFAST,,,
Sr.,Station,Code,Avg. Arr. Delay,Avg. Dep. Delay
1,BANDRA TERMINUS,BDTS,,On Time
2,BORIVALI,BVI,00:12,00:12
3,SURAT,ST,00:05,00:03
4,BHARUCH JN,BH,00:10,00:09
5,VADODARA JN,BRC,00:13,00:10
6,DAHOD,DHD,00:05,00:06
7,RATLAM JN,RTM,00:10,00:15
8,JAORA,JAO,00:21,00:24
9,MANDASOR,MDS,00:26,00:25
10,NIMACH,NMH,00:23,00:21
11,NIMBAHERA,NBH,00:11,00:14
12,CHITTAURGARH JN.,COR,On Time,00:01
13,FATEHNAGAR,FAN,On Time,On Time
14,MAVLI JN,MVJ,On Time,00:01
15,RANA PRATAP NAGAR,RPZ,On Time,00:12
16,UDAIPUR CITY,UDZ,On Time,
02-Oct 11:50,,,,
