sr_no,station,station_code,avg_arr_delay,avg_dep_delay
Train No./Name,,,,
22915 BDTS HSR SF EXP,,,,
Days of Run:Mon,Type:SUPERFAST,,,
Sr.,Station,Code,Avg. Arr. Delay,Avg. Dep. Delay
1,BORIVALI,BVI,00:26,00:27
2,VAPI,VAPI,00:10,00:10
3,SURAT,ST,On Time,On Time
4,BHARUCH JN,BH,00:12,00:12
5,VADODARA JN,BRC,00:06,00:07
6,ANAND JN,ANND,On Time,On Time
7,NADIAD JN,ND,On Time,On Time
8,AHMEDABAD JN,ADI,On Time,On Time
9,SABARMATI BG,SBIB,00:04,00:05
10,MAHESANA JN,MSH,00:17,00:17
11,PALANPUR JN,PNU,On Time,On Time
12,ABU ROAD,ABR,00:05,00:01
13,PINDWARA,PDWA,00:01,00:01
14,FALNA,FA,On Time,On Time
15,RANI,RANI,On Time,On Time
16,MARWAR JN,MJ,On Time,On Time
17,PALI MARWAR,PMY,00:09,00:09
18,JODHPUR JN,JU,00:33,00:33
19,MERTA ROAD JN,MTD,00:31,00:30
20,DEGANA JN,DNA,00:08,00:08
21,DIDWANA,DIA,On Time,00:02
22,LADNUN,LAU,00:01,00:03
23,SUJANGARH,SUJH,00:03,00:04
24,RATANGARH JN,RTGH,On Time,00:11
25,CHURU,CUR,On Time,00:02
26,SADULPUR JN,SDLP,00:09,00:17
27,HISAR,HSR,00:05,
02-Oct 11:30,,,,
