sr_no,station,station_code,avg_arr_delay,avg_dep_delay
Train No./Name,,,,
22913 SHC HAMSAFAR EX,,,,
Days of Run:Sun,Type:SUPERFAST,,,
Sr.,Station,Code,Avg. Arr. Delay,Avg. Dep. Delay
1,BANDRA TERMINUS,BDTS,,On Time
2,VAPI,VAPI,On Time,00:02
3,VALSAD,BL,On Time,On Time
4,BHESTAN,BHET,On Time,00:05
5,NANDURBAR,NDB,On Time,00:01
6,BHUSAVAL JN,BSL,On Time,On Time
7,ITARSI JN,ET,On Time,On Time
8,JABALPUR,JBP,On Time,00:01
9,KATNI,KTE,On Time,00:01
10,SATNA,STA,00:20,00:19
11,PRAYAGRAJ CHHEOKI,PCOI,00:16,00:38
12,PT.DEEN DAYAL UPADHYAYA JN.,DDU,On Time,On Time
13,PATNA JN,PNBE,00:07,00:07
14,NEW BARAUNI JN.,NBJU,On Time,On Time
15,BEGUSARAI,BGS,00:04,00:13
16,KHAGARIA JN.,KGG,On Time,00:01
17,SAHARSA JN,SHC,On Time,
02-Oct 11:32,,,,
