sr_no,station,station_code,avg_arr_delay,avg_dep_delay
Train No./Name,,,,
22917 BDTS HW SF EXP,,,,
Days of Run:Wed,Type:SUPERFAST,,,
Sr.,Station,Code,Avg. Arr. Delay,Avg. Dep. Delay
1,BANDRA TERMINUS,BDTS,,On Time
2,BORIVALI,BVI,On Time,00:10
3,BOISAR,BOR,00:06,00:06
4,VAPI,VAPI,00:05,00:05
5,VALSAD,BL,00:06,00:07
6,NAVSARI,NVS,00:05,00:05
7,SURAT,ST,00:01,00:01
8,BHARUCH JN,BH,00:24,00:24
9,VADODARA JN,BRC,00:01,00:03
10,RATLAM JN,RTM,On Time,On Time
11,BHAWANI MANDI,BWM,00:02,00:02
12,RAMGANJ MANDI,RMA,00:07,00:07
13,KOTA JN,KOTA,On Time,On Time
14,SAWAI MADHOPUR,SWM,00:05,00:05
15,GANGAPUR CITY,GGC,00:01,On Time
16,HINDAUN CITY,HAN,00:06,00:06
17,BHARATPUR JN,BTE,On Time,On Time
18,MATHURA JN.,MTJ,On Time,00:13
19,FARIDABAD,FDB,00:08,00:08
20,HAZRAT NIZAMUDDIN JN,NZM,00:06,00:02
21,GHAZIABAD,GZB,00:21,00:21
22,MEERUT CITY,MTC,00:51,00:52
23,MUZAFFARNAGAR,MOZ,00:52,00:52
24,TAPRI,TPZ,On Time,00:01
25,ROORKEE,RK,00:02,00:05
26,HARIDWAR JN,HW,00:10,
02-Oct 11:31,,,,
