sr_no,station,station_code,avg_arr_delay,avg_dep_delay
Train No./Name,,,,
22927 LOKSHAKTI EXP,,,,
Days of Run:Daily,Type:SUPERFAST,,,
Sr.,Station,Code,Avg. Arr. Delay,Avg. Dep. Delay
1,BANDRA TERMINUS,BDTS,,On Time
2,ANDHERI,ADH,00:06,00:06
3,BORIVALI,BVI,00:19,00:19
4,VIRAR,VR,00:18,00:19
5,PALGHAR,PLG,00:17,00:16
6,BOISAR,BOR,00:14,00:14
7,DAHANU ROAD,DRD,00:13,00:13
8,UMBARGAM ROAD,UBR,00:11,00:12
9,VAPI,VAPI,00:15,00:16
10,VALSAD,BL,00:07,00:13
11,BILIMORA JN,BIM,00:15,00:17
12,NAVSARI,NVS,00:20,00:19
13,SURAT,ST,00:14,00:14
14,KOSAMBA JN,KSB,00:17,00:17
15,BHARUCH JN,BH,00:21,00:21
16,VADODARA JN,BRC,00:20,00:22
17,ANAND JN,ANND,00:20,00:21
18,NADIAD JN,ND,00:23,00:23
19,MAHEMADAVAD KHEDA ROAD,MHD,00:24,00:23
20,AHMEDABAD JN,ADI,00:09,
02-Oct 11:49,,,,
