sr_no,station,station_code,avg_arr_delay,avg_dep_delay
Train No./Name,,,,
22923 JAM HUMSAFAR,,,,
"Days of Run:Mon,Thu,Sat",Type:SUPERFAST,,,
Sr.,Station,Code,Avg. Arr. Delay,Avg. Dep. Delay
1,BANDRA TERMINUS,BDTS,,On Time
2,BORIVALI,BVI,00:09,00:08
3,VAPI,VAPI,On Time,00:08
4,SURAT,ST,00:10,00:17
5,BHARUCH JN,BH,00:26,00:25
6,VADODARA JN,BRC,00:21,00:26
7,ANAND JN,ANND,00:28,00:28
8,AHMEDABAD JN,ADI,00:08,00:17
9,VIRAMGAM JN,VG,00:23,00:23
10,SURENDRANAGAR,SUNR,00:12,00:15
11,WANKANER JN,WKR,00:28,00:28
12,RAJKOT,RJT,00:11,00:13
13,HAPA,HAPA,00:22,00:26
14,JAMNAGAR,JAM,On Time,
02-Oct 11:51,,,,
