sr_no,station,station_code,avg_arr_delay,avg_dep_delay
Train No./Name,,,,
22921 BDTS GKP ANTYODAYA,,,,
Days of Run:Sun,Type:SUPERFAST,,,
Sr.,Station,Code,Avg. Arr. Delay,Avg. Dep. Delay
1,BANDRA TERMINUS,BDTS,,00:01
2,BORIVALI,BVI,00:11,00:12
3,VAPI,VAPI,On Time,On Time
4,SURAT,ST,00:08,00:09
5,VADODARA JN,BRC,00:05,00:04
6,RATLAM JN,RTM,00:08,00:08
7,KOTA JN,KOTA,00:10,00:11
8,BHARATPUR JN,BTE,00:11,00:11
9,ACHHNERA JN,AH,On Time,00:11
10,MATHURA JN.,MTJ,On Time,On Time
11,KASGANJ,KSJ,On Time,00:01
12,FARRUKHABAD,FBD,On Time,On Time
13,GURSAHAIGANJ,GHJ,On Time,00:01
14,KANPUR CENTRAL,CNB,On Time,On Time
15,LUCKNOW,LKO,00:41,00:45
16,GONDA JN,GD,01:05,01:15
17,BALRAMPUR,BLP,01:27,01:27
18,TULSIPUR,TLR,01:28,01:29
19,SIDDHARTH NAGAR,SDDN,01:31,01:33
20,ANAND NAGAR,ANDN,01:23,01:29
21,GORAKHPUR JN,GKP,01:26,
02-Oct 11:28,,,,
