sr_no,station,station_code,avg_arr_delay,avg_dep_delay
Train No./Name,,,,
22935 BDTS PIT SFAST,,,,
Days of Run:Tue,Type:SUPERFAST,,,
Sr.,Station,Code,Avg. Arr. Delay,Avg. Dep. Delay
1,BANDRA TERMINUS,BDTS,,On Time
2,BORIVALI,BVI,00:08,00:06
3,VAPI,VAPI,00:06,00:06
4,SURAT,ST,On Time,On Time
5,VADODARA JN,BRC,On Time,00:12
6,AHMEDABAD JN,ADI,On Time,00:01
7,BOTAD JN,BTD,On Time,00:01
8,DHOLA JN,DLJ,00:01,00:03
9,SONGADH,SGD,00:04,00:04
10,SIHOR GUJARAT,SOJN,On Time,00:08
11,PALITANA,PIT,On Time,
02-Oct 11:32,,,,
