sr_no,station,station_code,avg_arr_delay,avg_dep_delay
Train No./Name,,,,
22933 BDTS JP SFAST,,,,
Days of Run:Mon,Type:SUPERFAST,,,
Sr.,Station,Code,Avg. Arr. Delay,Avg. Dep. Delay
1,BANDRA TERMINUS,BDTS,,On Time
2,BORIVALI,BVI,00:14,00:14
3,VAPI,VAPI,00:14,00:14
4,SURAT,ST,00:07,00:06
5,BHARUCH JN,BH,00:11,00:10
6,VADODARA JN,BRC,00:06,00:08
7,DAHOD,DHD,00:02,00:03
8,RATLAM JN,RTM,On Time,On Time
9,NAGDA JN,NAD,On Time,On Time
10,BHAWANI MANDI,BWM,00:02,00:02
11,RAMGANJ MANDI,RMA,00:06,00:06
12,KOTA JN,KOTA,00:05,00:06
13,SAWAI MADHOPUR,SWM,On Time,On Time
14,DURGAPURA,DPA,00:04,00:05
15,JAIPUR JN.,JP,00:04,
02-Oct 11:47,,,,
