sr_no,station,station_code,avg_arr_delay,avg_dep_delay
Train No./Name,,,,
22931 BDTS JSM SFAST,,,,
Days of Run:Fri,Type:SUPERFAST,,,
Sr.,Station,Code,Avg. Arr. Delay,Avg. Dep. Delay
1,BANDRA TERMINUS,BDTS,,00:01
2,BORIVALI,BVI,00:07,00:08
3,VAPI,VAPI,00:02,00:02
4,VALSAD,BL,00:03,00:03
5,SURAT,ST,00:19,00:22
6,BHARUCH JN,BH,00:21,00:21
7,VADODARA JN,BRC,00:36,00:35
8,ANAND JN,ANND,00:19,00:19
9,NADIAD JN,ND,00:17,00:17
10,AHMEDABAD JN,ADI,00:06,00:03
11,SABARMATI BG,SBIB,00:13,00:15
12,KALOL,KLL,00:15,00:14
13,MAHESANA JN,MSH,00:10,00:10
14,UNJHA,UJA,00:44,00:44
15,PALANPUR JN,PNU,On Time,00:10
16,ABU ROAD,ABR,00:20,00:16
17,JAWAI BANDH,JWB,00:09,00:09
18,FALNA,FA,00:11,00:11
19,RANI,RANI,00:12,00:12
20,MARWAR JN,MJ,On Time,00:05
21,PALI MARWAR,PMY,00:05,00:02
22,JODHPUR JN,JU,00:37,00:44
23,MARWAR MATHANIYA,MMY,00:44,00:44
24,OSIYAN,OSN,00:45,00:45
25,PHALODI JN,PLCJ,00:50,00:49
26,RAMDEVRA,RDRA,00:48,00:48
27,POKRAN,POK,00:46,01:09
28,JAISALMER,JSM,00:07,
02-Oct 11:31,,,,
