sr_no,station,station_code,avg_arr_delay,avg_dep_delay
Train No./Name,,,,
22945 SAURASHTRA MAIL,,,,
Days of Run:Daily,Type:SUPERFAST,,,
Sr.,Station,Code,Avg. Arr. Delay,Avg. Dep. Delay
1,MUMBAI CENTRAL,MMCT,,On Time
2,DADAR,DDR,00:18,00:18
3,BORIVALI,BVI,00:22,00:20
4,PALGHAR,PLG,00:16,00:16
5,VAPI,VAPI,00:22,00:22
6,VALSAD,BL,00:23,00:26
7,SURAT,ST,00:17,00:16
8,BHARUCH JN,BH,00:20,00:20
9,VADODARA JN,BRC,00:18,00:19
10,ANAND JN,ANND,00:23,00:22
11,NADIAD JN,ND,00:21,00:21
12,AHMEDABAD JN,ADI,00:02,00:12
13,CHANDLODIYA,CLDY,00:16,00:16
14,VIRAMGAM JN,VG,00:05,00:07
15,LAKHTAR,LTR,00:02,00:03
16,SURENDRANAGAR,SUNR,On Time,00:02
17,THAN JN,THAN,00:11,00:11
18,WANKANER JN,WKR,00:10,00:09
19,RAJKOT,RJT,00:04,00:02
20,PADADHARI,PDH,00:16,00:16
21,JAM WANTHALI,WTJ,00:26,00:27
22,ALIA BADA,ALB,00:30,00:32
23,HAPA,HAPA,00:30,00:31
24,JAMNAGAR,JAM,00:34,00:34
25,KANALAS JN,KNLS,00:34,00:34
26,KHAMBHALIYA,KMBL,00:33,00:33
27,BHATIYA,BHTA,00:26,00:27
28,DWARKA,DWK,00:14,00:14
29,OKHA,OKHA,On Time,
02-Oct 11:42,,,,
