sr_no,station,station_code,avg_arr_delay,avg_dep_delay
Train No./Name,,,,
22949 BDTS DEE SFAST,,,,
Days of Run:Wed,Type:SUPERFAST,,,
Sr.,Station,Code,Avg. Arr. Delay,Avg. Dep. Delay
1,BANDRA TERMINUS,BDTS,,00:01
2,BORIVALI,BVI,00:08,00:12
3,VAPI,VAPI,00:13,00:14
4,SURAT,ST,00:04,00:04
5,BHARUCH JN,BH,00:19,00:19
6,VADODARA JN,BRC,00:30,00:29
7,ANAND JN,ANND,00:13,00:17
8,NADIAD JN,ND,00:17,00:17
9,AHMEDABAD JN,ADI,00:02,00:01
10,SABARMATI BG,SBIB,00:18,00:18
11,MAHESANA JN,MSH,00:15,00:15
12,PALANPUR JN,PNU,On Time,On Time
13,ABU ROAD,ABR,On Time,On Time
14,PINDWARA,PDWA,On Time,On Time
15,FALNA,FA,00:01,00:02
16,RANI,RANI,00:01,00:01
17,AJMER JN,AII,On Time,00:01
18,KISHANGARH,KSG,00:02,00:02
19,PHULERA,FL,00:02,00:07
20,RINGAS JN,RGS,00:07,00:09
21,SHRI MADHOPUR,SMPR,00:13,00:12
22,NIM KA THANA,NMK,00:14,00:15
23,NARNAUL,NNL,00:26,00:27
24,REWARI JN.,RE,On Time,00:02
25,DELHI CANTT,DEC,00:04,00:04
26,DELHI SARAI ROHILLA,DEE,On Time,
02-Oct 11:31,,,,
