sr_no,station,station_code,avg_arr_delay,avg_dep_delay
Train No./Name,,,,
22951 BDTS GIMB SFAST,,,,
Days of Run:Fri,Type:SUPERFAST,,,
Sr.,Station,Code,Avg. Arr. Delay,Avg. Dep. Delay
1,BANDRA TERMINUS,BDTS,,00:01
2,BORIVALI,BVI,00:21,00:23
3,VAPI,VAPI,00:05,00:05
4,VALSAD,BL,00:04,00:03
5,SURAT,ST,On Time,On Time
6,VADODARA JN,BRC,00:09,00:08
7,AHMEDABAD JN,ADI,On Time,On Time
8,VIRAMGAM JN,VG,00:14,00:14
9,SURENDRANAGAR,SUNR,00:02,00:10
10,WANKANER JN,WKR,00:20,00:30
11,MORBI,MVI,00:33,00:32
12,SAMAKHIALI B G,SIOB,On Time,On Time
13,BHACHAU BG,BCOB,00:17,00:25
14,GANDHIDHAM BG,GIMB,00:07,
02-Oct 11:47,,,,
