sr_no,station,station_code,avg_arr_delay,avg_dep_delay
Train No./Name,,,,
22953 GUJRAT SF EXP,,,,
Days of Run:Daily,Type:SUPERFAST,,,
Sr.,Station,Code,Avg. Arr. Delay,Avg. Dep. Delay
1,MUMBAI CENTRAL,MMCT,,00:01
2,DADAR,DDR,00:04,00:03
3,BORIVALI,BVI,00:14,00:16
4,BOISAR,BOR,00:19,00:18
5,DAHANU ROAD,DRD,00:18,00:18
6,UMBARGAM ROAD,UBR,00:16,00:15
7,BHILAD,BLD,00:12,00:12
8,VAPI,VAPI,00:12,00:12
9,UDVADA,UVD,00:13,00:13
10,VALSAD,BL,00:15,00:14
11,BILIMORA JN,BIM,00:16,00:16
12,NAVSARI,NVS,00:16,00:15
13,SURAT,ST,00:04,00:05
14,KIM,KIM,00:07,00:07
15,KOSAMBA JN,KSB,00:08,00:07
16,ANKLESHWAR JN,AKV,00:09,00:09
17,BHARUCH JN,BH,00:10,00:10
18,PALEJ,PLJ,00:10,00:10
19,MIYAGAM KARJAN,MYG,00:11,00:11
20,VADODARA JN,BRC,00:06,00:06
21,ANAND JN,ANND,00:05,00:05
22,NADIAD JN,ND,00:04,00:06
23,MAHEMADAVAD KHEDA ROAD,MHD,00:09,00:08
24,BAREJADI,BJD,00:09,00:09
25,AHMEDABAD JN,ADI,00:03,
02-Oct 11:04,,,,
