sr_no,station,station_code,avg_arr_delay,avg_dep_delay
Train No./Name,,,,
22955 KUTCH EXPRESS,,,,
Days of Run:Daily,Type:SUPERFAST,,,
Sr.,Station,Code,Avg. Arr. Delay,Avg. Dep. Delay
1,BANDRA TERMINUS,BDTS,,On Time
2,BORIVALI,BVI,00:17,00:18
3,VAPI,VAPI,00:11,00:11
4,VALSAD,BL,00:11,00:09
5,NAVSARI,NVS,00:05,00:06
6,SURAT,ST,00:02,00:04
7,ANKLESHWAR JN,AKV,00:04,00:04
8,BHARUCH JN,BH,00:08,00:08
9,VADODARA JN,BRC,00:09,00:09
10,ANAND JN,ANND,00:06,00:06
11,NADIAD JN,ND,00:05,00:05
12,AHMEDABAD JN,ADI,On Time,00:01
13,VIRAMGAM JN,VG,00:03,00:05
14,DHRANGADHRA,DHG,00:03,00:06
15,HALVAD,HVD,00:07,00:08
16,SAMAKHIALI B G,SIOB,On Time,00:04
17,BHACHAU BG,BCOB,00:06,00:08
18,GANDHIDHAM BG,GIMB,On Time,00:12
19,ADIPUR,AI,00:19,00:21
20,ANJAR,AJE,00:25,00:25
21,BHUJ,BHUJ,On Time,
02-Oct 11:48,,,,
