sr_no,station,station_code,avg_arr_delay,avg_dep_delay
Train No./Name,,,,
22965 BDTS BGKT EXP,,,,
Days of Run:Fri,Type:SUPERFAST,,,
Sr.,Station,Code,Avg. Arr. Delay,Avg. Dep. Delay
1,BANDRA TERMINUS,BDTS,,On Time
2,BORIVALI,BVI,00:16,00:13
3,VALSAD,BL,00:01,On Time
4,SURAT,ST,00:05,00:05
5,VADODARA JN,BRC,00:04,00:06
6,AHMEDABAD JN,ADI,On Time,On Time
7,MAHESANA JN,MSH,On Time,On Time
8,ABU ROAD,ABR,On Time,On Time
9,MARWAR JN,MJ,On Time,On Time
10,PALI MARWAR,PMY,00:25,00:24
11,BHAGAT KI KOTHI,BGKT,00:10,
02-Oct 11:51,,,,
