sr_no,station,station_code,avg_arr_delay,avg_dep_delay
Train No./Name,,,,
22963 BDTS BVC SFAST,,,,
Days of Run:Mon,Type:SUPERFAST,,,
Sr.,Station,Code,Avg. Arr. Delay,Avg. Dep. Delay
1,BANDRA TERMINUS,BDTS,,On Time
2,BORIVALI,BVI,00:15,00:12
3,DAHANU ROAD,DRD,00:12,00:12
4,VAPI,VAPI,00:16,00:17
5,NAVSARI,NVS,00:13,00:13
6,SURAT,ST,00:11,00:09
7,BHARUCH JN,BH,00:07,00:06
8,VADODARA JN,BRC,00:11,00:11
9,ANAND JN,ANND,00:20,00:19
10,NADIAD JN,ND,00:17,00:17
11,AHMEDABAD JN,ADI,On Time,00:01
12,VIRAMGAM JN,VG,00:02,00:02
13,BOTAD JN,BTD,On Time,00:01
14,DHOLA JN,DLJ,00:03,00:05
15,SONGADH,SGD,00:06,00:07
16,SIHOR GUJARAT,SOJN,00:08,00:09
17,BHAVNAGAR TERMINUS,BVC,On Time,
02-Oct 11:33,,,,
