sr_no,station,station_code,avg_arr_delay,avg_dep_delay
Train No./Name,,,,
22971 BDTS PATNA SFAST,,,,
Days of Run:Mon,Type:SUPERFAST,,,
Sr.,Station,Code,Avg. Arr. Delay,Avg. Dep. Delay
1,BANDRA TERMINUS,BDTS,,00:02
2,BORIVALI,BVI,00:39,00:38
3,VAPI,VAPI,00:59,01:01
4,VALSAD,BL,01:14,01:13
5,BHESTAN,BHET,01:18,01:27
6,VYARA,VYA,01:28,01:29
7,NANDURBAR,NDB,01:04,01:05
8,BHUSAVAL JN,BSL,00:46,00:57
9,ITARSI JN,ET,On Time,On Time
10,NARSINGHPUR,NU,00:11,00:12
11,JABALPUR,JBP,On Time,00:01
12,KATNI,KTE,00:05,00:07
13,SATNA,STA,00:16,00:17
14,PRAYAGRAJ CHHEOKI,PCOI,00:19,00:21
15,PT.DEEN DAYAL UPADHYAYA JN.,DDU,On Time,On Time
02-Oct 11:49,,,,
