sr_no,station,station_code,avg_arr_delay,avg_dep_delay
Train No./Name,,,,
22975 BDTS RMR SFAST,,,,
Days of Run:Thu,Type:SUPERFAST,,,
Sr.,Station,Code,Avg. Arr. Delay,Avg. Dep. Delay
1,BANDRA TERMINUS,BDTS,,On Time
2,BORIVALI,BVI,00:04,00:05
3,VAPI,VAPI,00:01,00:01
4,SURAT,ST,00:05,00:05
5,BHARUCH JN,BH,00:24,00:24
6,VADODARA JN,BRC,00:01,00:02
7,GODHRA JN,GDA,On Time,On Time
8,DAHOD,DHD,00:02,00:03
9,RATLAM JN,RTM,00:04,00:04
10,NAGDA JN,NAD,On Time,On Time
11,SHAMGARH,SGZ,00:23,00:23
12,RAMGANJ MANDI,RMA,00:30,00:30
13,KOTA JN,KOTA,00:17,00:18
14,SAWAI MADHOPUR,SWM,00:19,00:26
15,GANGAPUR CITY,GGC,00:36,00:36
16,BHARATPUR JN,BTE,00:28,00:25
17,ACHHNERA JN,AH,00:08,00:34
18,MATHURA JN.,MTJ,On Time,On Time
19,HATHRAS CITY,HTC,00:02,00:02
20,KASGANJ,KSJ,00:06,00:03
21,BADAUN,BEM,00:12,00:10
22,BAREILLY JN,BRY,00:06,00:12
23,BAREILLY CITY,BC,00:08,00:10
24,IZZATNAGAR JN,IZN,00:05,00:02
25,BAHERI,BHI,00:03,00:03
26,KICHHA,KHH,On Time,00:02
27,LALKUA JN.,LKU,00:04,00:02
28,BAZPUR,BPZ,On Time,On Time
29,KASHIPUR,KPV,On Time,On Time
30,RAMNAGAR,RMR,On Time,
02-Oct 11:28,,,,
