sr_no,station,station_code,avg_arr_delay,avg_dep_delay
Train No./Name,,,,
22989 BDTS MHV EXP,,,,
"Days of Run:Wed,Fri",Type:SUPERFAST,,,
Sr.,Station,Code,Avg. Arr. Delay,Avg. Dep. Delay
1,BANDRA TERMINUS,BDTS,,On Time
2,BORIVALI,BVI,00:11,00:10
3,VAPI,VAPI,00:07,00:07
4,SURAT,ST,On Time,00:01
5,VADODARA JN,BRC,00:15,00:14
6,ANAND JN,ANND,00:21,00:21
7,AHMEDABAD JN,ADI,On Time,On Time
8,VIRAMGAM JN,VG,00:02,00:03
9,BOTAD JN,BTD,00:07,00:08
10,DHOLA JN,DLJ,00:09,00:09
11,DHASA JN,DAS,00:12,00:18
12,LILIYA MOTA,LMO,00:24,00:37
13,SAVARKUNDLA,SVKD,00:45,00:45
14,RAJULA JN,RLA,00:47,00:48
15,MAHUVA JN,MHV,On Time,
02-Oct 11:33,,,,
