sr_no,station,station_code,avg_arr_delay,avg_dep_delay
Train No./Name,,,,
82356 CSMT PNBE SF EXP,,,,
"Days of Run:Tue,Fri",Type:SUVIDHA TRAIN,,,
Sr.,Station,Code,Avg. Arr. Delay,Avg. Dep. Delay
1,CHHATRAPATI SHIVAJI MAHARAJ TERMINUS,CSMT,,00:01
2,KALYAN JN,KYN,00:13,00:15
3,BHUSAVAL JN,BSL,01:09,01:17
4,ITARSI JN,ET,00:43,00:42
5,JABALPUR,JBP,00:29,00:40
6,SATNA,STA,00:46,00:46
7,PRAYAGRAJ CHHEOKI,PCOI,00:40,00:42
8,PT.DEEN DAYAL UPADHYAYA JN.,DDU,On Time,On Time
9,RAGHUNATHPUR,RPR,00:09,00:09
10,PATNA JN,PNBE,00:01,
02-Oct 11:20,,,,
