,sr_no,station,station_code,avg_arr_delay,avg_dep_delay,train_no,days,type
0,1,DADAR,DR,0,00:07,01025,"Mon,Wed,Fri",TRAIN ON DEMAND
1,2,KALYAN JN,KYN,00:08,00:16,01025,"Mon,Wed,Fri",TRAIN ON DEMAND
2,3,NASIK ROAD,NK,00:58,01:22,01025,"Mon,Wed,Fri",TRAIN ON DEMAND
3,4,BHUSAVAL JN,BSL,01:47,01:55,01025,"Mon,Wed,Fri",TRAIN ON DEMAND
4,5,HARDA,HD,01:21,01:21,01025,"Mon,Wed,Fri",TRAIN ON DEMAND
5,6,ITARSI JN,ET,01:34,01:33,01025,"Mon,Wed,Fri",TRAIN ON DEMAND
6,7,RANI KAMALAPATI,RKMP,01:32,01:31,01025,"Mon,Wed,Fri",TRAIN ON DEMAND
7,8,BINA JN,BINA,01:08,01:08,01025,"Mon,Wed,Fri",TRAIN ON DEMAND
8,9,LALITPUR,LAR,01:37,01:36,01025,"Mon,Wed,Fri",TRAIN ON DEMAND
9,10,TIKAMGARH,TKMG,01:51,01:52,01025,"Mon,Wed,Fri",TRAIN ON DEMAND
10,11,KHARGAPUR,KHGP,01:44,01:44,01025,"Mon,Wed,Fri",TRAIN ON DEMAND
11,12,MAHARAJA CHHATRASAL STATION CHHATARPUR,MCSC,01:11,01:33,01025,"Mon,Wed,Fri",TRAIN ON DEMAND
12,13,KHAJURAHO,KURJ,00:43,00:54,01025,"Mon,Wed,Fri",TRAIN ON DEMAND
13,14,MAHOBA,MBA,00:55,00:57,01025,"Mon,Wed,Fri",TRAIN ON DEMAND
14,15,BANDA JN,BNDA,00:53,01:00,01025,"Mon,Wed,Fri",TRAIN ON DEMAND
15,16,CHITRAKOT,CKTD,01:03,01:04,01025,"Mon,Wed,Fri",TRAIN ON DEMAND
16,17,MANIKPUR JN,MKP,01:02,01:10,01025,"Mon,Wed,Fri",TRAIN ON DEMAND
17,18,AUNRIHAR JN.,ARJ,03:23,03:25,01025,"Mon,Wed,Fri",TRAIN ON DEMAND
18,19,MAU JN,MAU,03:37,03:41,01025,"Mon,Wed,Fri",TRAIN ON DEMAND
19,20,RASRA,RSR,03:53,03:54,01025,"Mon,Wed,Fri",TRAIN ON DEMAND
20,21,BALLIA,BUI,03:09,0,01025,"Mon,Wed,Fri",TRAIN ON DEMAND
