,sr_no,station,station_code,avg_arr_delay,avg_dep_delay,train_no,days,type
0,1,DADAR,DR,0,04:40,01027,"Tue,Thu,Sat,Sun",TRAIN ON DEMAND
1,2,KALYAN JN,KYN,04:52,04:58,01027,"Tue,Thu,Sat,Sun",TRAIN ON DEMAND
2,3,NASIK ROAD,NK,01:48,01:51,01027,"Tue,Thu,Sat,Sun",TRAIN ON DEMAND
3,4,BHUSAVAL JN,BSL,02:20,02:33,01027,"Tue,Thu,Sat,Sun",TRAIN ON DEMAND
4,5,HARDA,HD,07:52,07:52,01027,"Tue,Thu,Sat,Sun",TRAIN ON DEMAND
5,6,ITARSI JN,ET,08:12,08:13,01027,"Tue,Thu,Sat,Sun",TRAIN ON DEMAND
6,7,RANI KAMALAPATI,RKMP,08:11,08:12,01027,"Tue,Thu,Sat,Sun",TRAIN ON DEMAND
7,8,BINA JN,BINA,08:01,08:07,01027,"Tue,Thu,Sat,Sun",TRAIN ON DEMAND
8,9,LALITPUR,LAR,08:00,08:04,01027,"Tue,Thu,Sat,Sun",TRAIN ON DEMAND
9,10,TIKAMGARH,TKMG,08:17,08:17,01027,"Tue,Thu,Sat,Sun",TRAIN ON DEMAND
10,11,KHARGAPUR,KHGP,08:07,08:07,01027,"Tue,Thu,Sat,Sun",TRAIN ON DEMAND
11,12,MAHARAJA CHHATRASAL STATION CHHATARPUR,MCSC,07:29,07:29,01027,"Tue,Thu,Sat,Sun",TRAIN ON DEMAND
12,13,KHAJURAHO,KURJ,06:30,06:35,01027,"Tue,Thu,Sat,Sun",TRAIN ON DEMAND
13,14,MAHOBA,MBA,06:34,06:36,01027,"Tue,Thu,Sat,Sun",TRAIN ON DEMAND
14,15,BANDA JN,BNDA,06:30,06:36,01027,"Tue,Thu,Sat,Sun",TRAIN ON DEMAND
15,16,CHITRAKOT,CKTD,06:53,06:58,01027,"Tue,Thu,Sat,Sun",TRAIN ON DEMAND
16,17,MANIKPUR JN,MKP,07:11,07:19,01027,"Tue,Thu,Sat,Sun",TRAIN ON DEMAND
17,18,AUNRIHAR JN.,ARJ,14:55,14:56,01027,"Tue,Thu,Sat,Sun",TRAIN ON DEMAND
18,19,MAU JN,MAU,14:49,14:51,01027,"Tue,Thu,Sat,Sun",TRAIN ON DEMAND
19,20,BELTHARA ROAD,BLTR,15:02,15:02,01027,"Tue,Thu,Sat,Sun",TRAIN ON DEMAND
20,21,BHATNI JN,BTT,10:04,10:08,01027,"Tue,Thu,Sat,Sun",TRAIN ON DEMAND
21,22,DEORIA SADAR,DEOS,11:34,11:40,01027,"Tue,Thu,Sat,Sun",TRAIN ON DEMAND
22,23,GORAKHPUR JN,GKP,12:28,0,01027,"Tue,Thu,Sat,Sun",TRAIN ON DEMAND
