,sr_no,station,station_code,avg_arr_delay,avg_dep_delay,train_no,days,type
0,1,LOKMANYATILAK,LTT,0,00:02,01436,Wed,TRAIN ON DEMAND
1,2,PANVEL,PNVL,00:25,00:27,01436,Wed,TRAIN ON DEMAND
2,3,PUNE JN,PUNE,01:05,01:22,01436,Wed,TRAIN ON DEMAND
3,4,DAUND JN,DD,02:22,02:31,01436,Wed,TRAIN ON DEMAND
4,5,KURDUVADI JN.,KWV,02:27,02:27,01436,Wed,TRAIN ON DEMAND
5,6,BARSI TOWN,BTW,02:23,02:23,01436,Wed,TRAIN ON DEMAND
6,7,USMANABAD,UMD,02:18,02:17,01436,Wed,TRAIN ON DEMAND
7,8,LATUR,LUR,01:28,01:31,01436,Wed,TRAIN ON DEMAND
8,9,LATUR ROAD,LTRR,00:16,00:14,01436,Wed,TRAIN ON DEMAND
9,10,UDGIR,UDGR,00:05,00:04,01436,Wed,TRAIN ON DEMAND
10,11,BHALKI,BHLK,00:20,00:19,01436,Wed,TRAIN ON DEMAND
11,12,BIDAR,BIDR,00:00,00:06,01436,Wed,TRAIN ON DEMAND
12,13,KALABURAGI,KLBG,00:12,01:28,01436,Wed,TRAIN ON DEMAND
13,14,GANAGAPUR ROAD,GUR,01:38,01:38,01436,Wed,TRAIN ON DEMAND
14,15,AKALKOT ROAD,AKOR,01:54,02:00,01436,Wed,TRAIN ON DEMAND
15,16,SOLAPUR JN,SUR,02:24,0,01436,Wed,TRAIN ON DEMAND
