,sr_no,station,station_code,avg_arr_delay,avg_dep_delay,train_no,days,type
0,1,BANDRA TERMINUS,BDTS,0,00:03,02133,Sat,TRAIN ON DEMAND
1,2,BORIVALI,BVI,00:13,00:13,02133,Sat,TRAIN ON DEMAND
2,3,VAPI,VAPI,00:03,00:04,02133,Sat,TRAIN ON DEMAND
3,4,SURAT,ST,00:22,00:28,02133,Sat,TRAIN ON DEMAND
4,5,VADODARA JN,BRC,00:30,00:29,02133,Sat,TRAIN ON DEMAND
5,6,RATLAM JN,RTM,00:01,00:01,02133,Sat,TRAIN ON DEMAND
6,7,UJJAIN JN,UJN,00:00,00:01,02133,Sat,TRAIN ON DEMAND
7,8,SANT HIRDARAM NAGAR,SHRN,00:00,00:01,02133,Sat,TRAIN ON DEMAND
8,9,BHOPAL,BPL,01:02,01:08,02133,Sat,TRAIN ON DEMAND
9,10,NARMADAPURAM,NDPM,01:50,01:49,02133,Sat,TRAIN ON DEMAND
10,11,ITARSI JN,ET,01:38,01:49,02133,Sat,TRAIN ON DEMAND
11,12,PIPARIYA,PPI,01:45,01:45,02133,Sat,TRAIN ON DEMAND
12,13,NARSINGHPUR,NU,01:58,01:58,02133,Sat,TRAIN ON DEMAND
13,14,JABALPUR,JBP,01:59,0,02133,Sat,TRAIN ON DEMAND
