,sr_no,station,station_code,avg_arr_delay,avg_dep_delay,train_no,days,type
0,1,CHHATRAPATI SHIVAJI MAHARAJ TERMINUS,CSMT,0,04:05,02188,Fri,TRAIN ON DEMAND
1,2,DADAR,DR,04:08,04:08,02188,Fri,TRAIN ON DEMAND
2,3,KALYAN JN,KYN,04:10,04:13,02188,Fri,TRAIN ON DEMAND
3,4,NASIK ROAD,NK,05:38,05:43,02188,Fri,TRAIN ON DEMAND
4,5,MANMAD JN,MMR,04:46,04:46,02188,Fri,TRAIN ON DEMAND
5,6,BHUSAVAL JN,BSL,04:49,04:57,02188,Fri,TRAIN ON DEMAND
6,7,KHANDWA JUNCTION,KNW,04:04,04:04,02188,Fri,TRAIN ON DEMAND
7,8,HARDA,HD,04:11,04:12,02188,Fri,TRAIN ON DEMAND
8,9,ITARSI JN,ET,03:52,03:51,02188,Fri,TRAIN ON DEMAND
9,10,PIPARIYA,PPI,03:50,03:51,02188,Fri,TRAIN ON DEMAND
10,11,GADARWARA,GAR,04:02,04:02,02188,Fri,TRAIN ON DEMAND
11,12,NARSINGHPUR,NU,03:58,03:59,02188,Fri,TRAIN ON DEMAND
12,13,JABALPUR,JBP,04:05,04:13,02188,Fri,TRAIN ON DEMAND
13,14,KATNI,KTE,04:35,04:47,02188,Fri,TRAIN ON DEMAND
14,15,MAIHAR,MYR,05:03,05:05,02188,Fri,TRAIN ON DEMAND
15,16,SATNA,STA,04:57,05:00,02188,Fri,TRAIN ON DEMAND
16,17,REWA,REWA,04:53,0,02188,Fri,TRAIN ON DEMAND
