,sr_no,station,station_code,avg_arr_delay,avg_dep_delay,train_no,days,type
0,1,BANDRA TERMINUS,BDTS,0,00:00,02200,Sat,TRAIN ON DEMAND
1,2,BORIVALI,BVI,00:14,00:14,02200,Sat,TRAIN ON DEMAND
2,3,VAPI,VAPI,00:08,00:10,02200,Sat,TRAIN ON DEMAND
3,4,SURAT,ST,01:17,01:17,02200,Sat,TRAIN ON DEMAND
4,5,BHARUCH JN,BH,01:26,01:26,02200,Sat,TRAIN ON DEMAND
5,6,VADODARA JN,BRC,01:32,01:32,02200,Sat,TRAIN ON DEMAND
6,7,GODHRA JN,GDA,01:14,01:14,02200,Sat,TRAIN ON DEMAND
7,8,DAHOD,DHD,01:20,01:20,02200,Sat,TRAIN ON DEMAND
8,9,RATLAM JN,RTM,01:26,01:26,02200,Sat,TRAIN ON DEMAND
9,10,NAGDA JN,NAD,01:19,01:20,02200,Sat,TRAIN ON DEMAND
10,11,UJJAIN JN,UJN,00:50,00:48,02200,Sat,TRAIN ON DEMAND
11,12,MAKSI JUNCTION,MKC,01:10,01:10,02200,Sat,TRAIN ON DEMAND
12,13,BIYAVRA RAJGARH,BRRG,01:25,01:26,02200,Sat,TRAIN ON DEMAND
13,14,CHACHURA BINAGANI,CBK,01:33,01:33,02200,Sat,TRAIN ON DEMAND
14,15,RUTHIYAI JUNCTION,RTA,01:23,01:29,02200,Sat,TRAIN ON DEMAND
15,16,GUNA,GUNA,01:39,01:39,02200,Sat,TRAIN ON DEMAND
16,17,SHIVPURI,SVPI,01:48,01:50,02200,Sat,TRAIN ON DEMAND
17,18,GWALIOR,GWL,00:31,01:19,02200,Sat,TRAIN ON DEMAND
18,19,DABRA,DBA,01:25,01:25,02200,Sat,TRAIN ON DEMAND
19,20,DATIA,DAA,01:33,01:33,02200,Sat,TRAIN ON DEMAND
20,21,VIRANGANA LAKSHMIBAI JHANSI,VGLJ,00:47,0,02200,Sat,TRAIN ON DEMAND
