,sr_no,station,station_code,avg_arr_delay,avg_dep_delay,train_no,days,type
0,1,BANDRA TERMINUS,BDTS,0,00:00,04126,Tue,TRAIN ON DEMAND
1,2,BORIVALI,BVI,00:20,00:20,04126,Tue,TRAIN ON DEMAND
2,3,VAPI,VAPI,00:27,00:28,04126,Tue,TRAIN ON DEMAND
3,4,VALSAD,BL,00:35,00:35,04126,Tue,TRAIN ON DEMAND
4,5,SURAT,ST,00:44,00:46,04126,Tue,TRAIN ON DEMAND
5,6,VADODARA JN,BRC,01:31,01:29,04126,Tue,TRAIN ON DEMAND
6,7,RATLAM JN,RTM,00:58,00:59,04126,Tue,TRAIN ON DEMAND
7,8,KOTA JN,KOTA,00:03,00:06,04126,Tue,TRAIN ON DEMAND
8,9,SAWAI MADHOPUR,SWM,00:15,00:16,04126,Tue,TRAIN ON DEMAND
9,10,GANGAPUR CITY,GGC,00:17,00:20,04126,Tue,TRAIN ON DEMAND
10,11,BAYANA JN,BXN,00:00,00:00,04126,Tue,TRAIN ON DEMAND
11,12,RUPBAS,RBS,00:01,00:01,04126,Tue,TRAIN ON DEMAND
12,13,FATEHPUR SIKRI,FTS,00:01,00:01,04126,Tue,TRAIN ON DEMAND
13,14,AGRA FORT,AF,00:43,00:44,04126,Tue,TRAIN ON DEMAND
14,15,TUNDLA JN,TDL,00:31,00:49,04126,Tue,TRAIN ON DEMAND
15,16,ETAWAH JN,ETW,00:42,00:43,04126,Tue,TRAIN ON DEMAND
