,sr_no,station,station_code,avg_arr_delay,avg_dep_delay,train_no,days,type
0,1,BANDRA TERMINUS,BDTS,0,00:00,04712,Thu,TRAIN ON DEMAND
1,2,BORIVALI,BVI,00:21,00:22,04712,Thu,TRAIN ON DEMAND
2,3,VAPI,VAPI,01:12,01:12,04712,Thu,TRAIN ON DEMAND
3,4,VALSAD,BL,01:19,01:19,04712,Thu,TRAIN ON DEMAND
4,5,SURAT,ST,00:14,00:14,04712,Thu,TRAIN ON DEMAND
5,6,BHARUCH JN,BH,00:00,00:00,04712,Thu,TRAIN ON DEMAND
6,7,VADODARA JN,BRC,00:15,00:13,04712,Thu,TRAIN ON DEMAND
7,8,GODHRA JN,GDA,00:01,00:04,04712,Thu,TRAIN ON DEMAND
8,9,RATLAM JN,RTM,00:00,00:00,04712,Thu,TRAIN ON DEMAND
9,10,NAGDA JN,NAD,00:01,00:02,04712,Thu,TRAIN ON DEMAND
10,11,SHAMGARH,SGZ,00:09,00:08,04712,Thu,TRAIN ON DEMAND
11,12,RAMGANJ MANDI,RMA,00:16,00:16,04712,Thu,TRAIN ON DEMAND
12,13,KOTA JN,KOTA,00:11,00:14,04712,Thu,TRAIN ON DEMAND
13,14,SAWAI MADHOPUR,SWM,00:00,00:01,04712,Thu,TRAIN ON DEMAND
14,15,DURGAPURA,DPA,00:02,00:02,04712,Thu,TRAIN ON DEMAND
15,16,JAIPUR JN.,JP,00:00,00:03,04712,Thu,TRAIN ON DEMAND
16,17,RINGAS JN,RGS,00:33,00:33,04712,Thu,TRAIN ON DEMAND
17,18,SIKAR JN,SIKR,00:22,00:24,04712,Thu,TRAIN ON DEMAND
18,19,LACHHMAN GARH SIKAR,LNH,00:20,00:20,04712,Thu,TRAIN ON DEMAND
19,20,FATEHPUR-SHEKHAWATI,FPS,00:20,00:20,04712,Thu,TRAIN ON DEMAND
20,21,CHURU,CUR,00:00,00:03,04712,Thu,TRAIN ON DEMAND
21,22,RATANGARH JN,RTGH,00:00,00:21,04712,Thu,TRAIN ON DEMAND
22,23,RAJALDESAR,RJR,00:23,00:23,04712,Thu,TRAIN ON DEMAND
23,24,SRI DUNGARGARH,SDGH,00:16,00:16,04712,Thu,TRAIN ON DEMAND
24,25,BIKANER JN,BKN,00:00,0,04712,Thu,TRAIN ON DEMAND
