,sr_no,station,station_code,avg_arr_delay,avg_dep_delay,train_no,days,type
0,1,BANDRA TERMINUS,BDTS,0,08:15,05054,Sat,TRAIN ON DEMAND
1,2,BORIVALI,BVI,09:14,09:13,05054,Sat,TRAIN ON DEMAND
2,3,PALGHAR,PLG,09:25,09:24,05054,Sat,TRAIN ON DEMAND
3,4,VAPI,VAPI,09:31,09:32,05054,Sat,TRAIN ON DEMAND
4,5,VALSAD,BL,09:38,09:38,05054,Sat,TRAIN ON DEMAND
5,6,SURAT,ST,08:50,08:56,05054,Sat,TRAIN ON DEMAND
6,7,VADODARA JN,BRC,09:30,09:28,05054,Sat,TRAIN ON DEMAND
7,8,RATLAM JN,RTM,09:30,09:30,05054,Sat,TRAIN ON DEMAND
8,9,SHAMGARH,SGZ,09:15,09:15,05054,Sat,TRAIN ON DEMAND
9,10,BHAWANI MANDI,BWM,09:15,09:15,05054,Sat,TRAIN ON DEMAND
10,11,KOTA JN,KOTA,09:16,09:21,05054,Sat,TRAIN ON DEMAND
11,12,GANGAPUR CITY,GGC,09:26,09:31,05054,Sat,TRAIN ON DEMAND
12,13,BAYANA JN,BXN,09:15,09:17,05054,Sat,TRAIN ON DEMAND
13,14,AGRA FORT,AF,08:57,09:08,05054,Sat,TRAIN ON DEMAND
14,15,TUNDLA JN,TDL,08:17,08:18,05054,Sat,TRAIN ON DEMAND
15,16,KANPUR CENTRAL,CNB,08:47,08:49,05054,Sat,TRAIN ON DEMAND
16,17,AISHBAGH,ASH,08:24,08:25,05054,Sat,TRAIN ON DEMAND
17,18,BADSHAHNAGAR,BNZ,08:24,08:23,05054,Sat,TRAIN ON DEMAND
18,19,GONDA JN,GD,09:49,09:54,05054,Sat,TRAIN ON DEMAND
19,20,BASTI,BST,10:46,10:43,05054,Sat,TRAIN ON DEMAND
20,21,KHALILABAD,KLD,10:42,10:41,05054,Sat,TRAIN ON DEMAND
21,22,GORAKHPUR JN,GKP,10:08,0,05054,Sat,TRAIN ON DEMAND
