,sr_no,station,station_code,avg_arr_delay,avg_dep_delay,train_no,days,type
0,1,LOKMANYATILAK,LTT,0,04:37,05558,Thu,TRAIN ON DEMAND
1,2,KALYAN JN,KYN,05:08,05:10,05558,Thu,TRAIN ON DEMAND
2,3,MANMAD JN,MMR,06:57,07:00,05558,Thu,TRAIN ON DEMAND
3,4,BHUSAVAL JN,BSL,07:44,08:15,05558,Thu,TRAIN ON DEMAND
4,5,KHANDWA JUNCTION,KNW,08:20,08:22,05558,Thu,TRAIN ON DEMAND
5,6,ITARSI JN,ET,09:38,09:56,05558,Thu,TRAIN ON DEMAND
6,7,JABALPUR,JBP,10:55,10:57,05558,Thu,TRAIN ON DEMAND
7,8,KATNI,KTE,11:05,11:06,05558,Thu,TRAIN ON DEMAND
8,9,SATNA,STA,11:23,12:00,05558,Thu,TRAIN ON DEMAND
9,10,PRAYAGRAJ CHHEOKI,PCOI,12:47,13:01,05558,Thu,TRAIN ON DEMAND
10,11,MIRZAPUR,MZP,13:51,13:49,05558,Thu,TRAIN ON DEMAND
11,12,PT.DEEN DAYAL UPADHYAYA JN.,DDU,13:49,13:57,05558,Thu,TRAIN ON DEMAND
12,13,PATLIPUTRA,PPTA,16:05,16:05,05558,Thu,TRAIN ON DEMAND
13,14,HAJIPUR JN,HJP,16:02,16:02,05558,Thu,TRAIN ON DEMAND
14,15,MUZAFFARPUR JN,MFP,16:59,34:10,05558,Thu,TRAIN ON DEMAND
15,16,SITAMARHI,SMI,16:42,17:05,05558,Thu,TRAIN ON DEMAND
16,17,BAIRAGNIA,BGU,17:07,17:11,05558,Thu,TRAIN ON DEMAND
17,18,RAXAUL JN,RXL,19:35,0,05558,Thu,TRAIN ON DEMAND
