,sr_no,station,station_code,avg_arr_delay,avg_dep_delay,train_no,days,type
0,1,DADAR,DDR,0,00:00,09049,Fri,TRAIN ON DEMAND
1,2,BORIVALI,BVI,00:21,00:19,09049,Fri,TRAIN ON DEMAND
2,3,VIRAR,VR,00:12,00:12,09049,Fri,TRAIN ON DEMAND
3,4,PALGHAR,PLG,00:13,00:14,09049,Fri,TRAIN ON DEMAND
4,5,VAPI,VAPI,00:12,00:12,09049,Fri,TRAIN ON DEMAND
5,6,VALSAD,BL,00:18,00:19,09049,Fri,TRAIN ON DEMAND
6,7,NAVSARI,NVS,00:42,00:42,09049,Fri,TRAIN ON DEMAND
7,8,BHESTAN,BHET,00:30,00:32,09049,Fri,TRAIN ON DEMAND
8,9,CHALTHAN,CHM,00:12,00:12,09049,Fri,TRAIN ON DEMAND
9,10,BARDOLI,BIY,00:12,00:15,09049,Fri,TRAIN ON DEMAND
10,11,VYARA,VYA,00:10,00:12,09049,Fri,TRAIN ON DEMAND
11,12,NAVAPUR,NWU,00:06,00:06,09049,Fri,TRAIN ON DEMAND
12,13,NANDURBAR,NDB,00:00,00:02,09049,Fri,TRAIN ON DEMAND
13,14,DONDAICHA,DDE,00:00,00:00,09049,Fri,TRAIN ON DEMAND
14,15,SINDKHEDA,SNK,00:01,00:01,09049,Fri,TRAIN ON DEMAND
15,16,NARDANA,NDN,00:06,00:07,09049,Fri,TRAIN ON DEMAND
16,17,AMALNER,AN,00:00,00:00,09049,Fri,TRAIN ON DEMAND
17,18,DHARANGAON,DXG,00:00,00:00,09049,Fri,TRAIN ON DEMAND
18,19,JALGAON JN,JL,00:51,00:51,09049,Fri,TRAIN ON DEMAND
19,20,BHUSAVAL JN,BSL,00:43,0,09049,Fri,TRAIN ON DEMAND
