,sr_no,station,station_code,avg_arr_delay,avg_dep_delay,train_no,days,type
0,1,BANDRA TERMINUS,BDTS,0,00:00,09043,"Tue,Sun",TRAIN ON DEMAND
1,2,BORIVALI,BVI,00:00,00:02,09043,"Tue,Sun",TRAIN ON DEMAND
2,3,PALGHAR,PLG,00:00,00:03,09043,"Tue,Sun",TRAIN ON DEMAND
3,4,DAHANU ROAD,DRD,00:04,00:03,09043,"Tue,Sun",TRAIN ON DEMAND
4,5,VAPI,VAPI,00:02,00:05,09043,"Tue,Sun",TRAIN ON DEMAND
5,6,VALSAD,BL,00:07,00:08,09043,"Tue,Sun",TRAIN ON DEMAND
6,7,UDHNA JN,UDN,00:06,00:20,09043,"Tue,Sun",TRAIN ON DEMAND
7,8,SURAT,ST,00:15,00:20,09043,"Tue,Sun",TRAIN ON DEMAND
8,9,SAYAN,SYN,00:20,00:20,09043,"Tue,Sun",TRAIN ON DEMAND
9,10,BHARUCH JN,BH,00:25,00:25,09043,"Tue,Sun",TRAIN ON DEMAND
10,11,VADODARA JN,BRC,00:17,00:22,09043,"Tue,Sun",TRAIN ON DEMAND
11,12,GODHRA JN,GDA,00:20,00:21,09043,"Tue,Sun",TRAIN ON DEMAND
12,13,RATLAM JN,RTM,00:33,00:35,09043,"Tue,Sun",TRAIN ON DEMAND
13,14,NAGDA JN,NAD,00:39,00:39,09043,"Tue,Sun",TRAIN ON DEMAND
14,15,UJJAIN JN,UJN,00:17,00:25,09043,"Tue,Sun",TRAIN ON DEMAND
15,16,SANT HIRDARAM NAGAR,SHRN,00:01,00:03,09043,"Tue,Sun",TRAIN ON DEMAND
16,17,BINA JN,BINA,00:25,00:26,09043,"Tue,Sun",TRAIN ON DEMAND
17,18,VIRANGANA LAKSHMIBAI JHANSI,VGLJ,00:00,00:10,09043,"Tue,Sun",TRAIN ON DEMAND
18,19,KANPUR CENTRAL,CNB,00:00,00:05,09043,"Tue,Sun",TRAIN ON DEMAND
19,20,LUCKNOW,LKO,00:00,00:10,09043,"Tue,Sun",TRAIN ON DEMAND
20,21,BARABANKI JN,BBK,00:00,00:00,09043,"Tue,Sun",TRAIN ON DEMAND
21,22,GONDA JN,GD,00:34,00:39,09043,"Tue,Sun",TRAIN ON DEMAND
22,23,MANKAPUR JN,MUR,00:37,00:37,09043,"Tue,Sun",TRAIN ON DEMAND
23,24,BASTI,BST,02:14,02:14,09043,"Tue,Sun",TRAIN ON DEMAND
24,25,KHALILABAD,KLD,02:02,02:02,09043,"Tue,Sun",TRAIN ON DEMAND
25,26,GORAKHPUR JN,GKP,01:32,0,09043,"Tue,Sun",TRAIN ON DEMAND
