,sr_no,station,station_code,avg_arr_delay,avg_dep_delay,train_no,days,type
0,1,BANDRA TERMINUS,BDTS,0,00:00,09055,"Mon,Tue,Wed,Thu,Sun",TRAIN ON DEMAND
1,2,BORIVALI,BVI,00:03,00:07,09055,"Mon,Tue,Wed,Thu,Sun",TRAIN ON DEMAND
2,3,VIRAR,VR,00:05,00:05,09055,"Mon,Tue,Wed,Thu,Sun",TRAIN ON DEMAND
3,4,BOISAR,BOR,00:01,00:02,09055,"Mon,Tue,Wed,Thu,Sun",TRAIN ON DEMAND
4,5,VAPI,VAPI,00:16,00:16,09055,"Mon,Tue,Wed,Thu,Sun",TRAIN ON DEMAND
5,6,VALSAD,BL,00:25,00:25,09055,"Mon,Tue,Wed,Thu,Sun",TRAIN ON DEMAND
6,7,BILIMORA JN,BIM,00:24,00:23,09055,"Mon,Tue,Wed,Thu,Sun",TRAIN ON DEMAND
7,8,NAVSARI,NVS,00:27,00:27,09055,"Mon,Tue,Wed,Thu,Sun",TRAIN ON DEMAND
8,9,UDHNA JN,UDN,00:18,0,09055,"Mon,Tue,Wed,Thu,Sun",TRAIN ON DEMAND
