,sr_no,station,station_code,avg_arr_delay,avg_dep_delay,train_no,days,type
0,1,DADAR,DDR,0,00:00,09051,"Mon,Wed,Sat",TRAIN ON DEMAND
1,2,BORIVALI,BVI,00:07,00:10,09051,"Mon,Wed,Sat",TRAIN ON DEMAND
2,3,VIRAR,VR,00:11,00:11,09051,"Mon,Wed,Sat",TRAIN ON DEMAND
3,4,BOISAR,BOR,00:01,00:08,09051,"Mon,Wed,Sat",TRAIN ON DEMAND
4,5,DAHANU ROAD,DRD,00:17,00:17,09051,"Mon,Wed,Sat",TRAIN ON DEMAND
5,6,VAPI,VAPI,00:34,00:34,09051,"Mon,Wed,Sat",TRAIN ON DEMAND
6,7,VALSAD,BL,00:35,00:37,09051,"Mon,Wed,Sat",TRAIN ON DEMAND
7,8,NAVSARI,NVS,00:37,00:37,09051,"Mon,Wed,Sat",TRAIN ON DEMAND
8,9,BHESTAN,BHET,00:27,00:32,09051,"Mon,Wed,Sat",TRAIN ON DEMAND
9,10,BARDOLI,BIY,00:21,00:24,09051,"Mon,Wed,Sat",TRAIN ON DEMAND
10,11,VYARA,VYA,00:23,00:24,09051,"Mon,Wed,Sat",TRAIN ON DEMAND
11,12,NAVAPUR,NWU,00:23,00:23,09051,"Mon,Wed,Sat",TRAIN ON DEMAND
12,13,NANDURBAR,NDB,00:08,00:20,09051,"Mon,Wed,Sat",TRAIN ON DEMAND
13,14,DONDAICHA,DDE,00:20,00:20,09051,"Mon,Wed,Sat",TRAIN ON DEMAND
14,15,SINDKHEDA,SNK,00:21,00:22,09051,"Mon,Wed,Sat",TRAIN ON DEMAND
15,16,NARDANA,NDN,00:27,00:27,09051,"Mon,Wed,Sat",TRAIN ON DEMAND
16,17,AMALNER,AN,00:17,00:20,09051,"Mon,Wed,Sat",TRAIN ON DEMAND
17,18,DHARANGAON,DXG,00:00,00:00,09051,"Mon,Wed,Sat",TRAIN ON DEMAND
18,19,JALGAON JN,JL,00:00,00:02,09051,"Mon,Wed,Sat",TRAIN ON DEMAND
19,20,BHUSAVAL JN,BSL,00:00,0,09051,"Mon,Wed,Sat",TRAIN ON DEMAND
