,sr_no,station,station_code,avg_arr_delay,avg_dep_delay,train_no,days,type
0,1,MUMBAI CENTRAL,MMCT,0,00:16,09075,Wed,TRAIN ON DEMAND
1,2,BORIVALI,BVI,00:18,00:17,09075,Wed,TRAIN ON DEMAND
2,3,VAPI,VAPI,00:57,00:58,09075,Wed,TRAIN ON DEMAND
3,4,VALSAD,BL,01:23,01:24,09075,Wed,TRAIN ON DEMAND
4,5,SURAT,ST,01:23,01:27,09075,Wed,TRAIN ON DEMAND
5,6,VADODARA JN,BRC,01:28,01:30,09075,Wed,TRAIN ON DEMAND
6,7,RATLAM JN,RTM,01:34,01:36,09075,Wed,TRAIN ON DEMAND
7,8,KOTA JN,KOTA,00:32,00:34,09075,Wed,TRAIN ON DEMAND
8,9,GANGAPUR CITY,GGC,00:42,00:41,09075,Wed,TRAIN ON DEMAND
9,10,HINDAUN CITY,HAN,00:43,00:44,09075,Wed,TRAIN ON DEMAND
10,11,BHARATPUR JN,BTE,00:10,00:16,09075,Wed,TRAIN ON DEMAND
11,12,MATHURA JN.,MTJ,00:00,00:00,09075,Wed,TRAIN ON DEMAND
12,13,HATHRAS CITY,HTC,00:00,00:00,09075,Wed,TRAIN ON DEMAND
13,14,KASGANJ,KSJ,00:08,00:01,09075,Wed,TRAIN ON DEMAND
14,15,BADAUN,BEM,00:11,00:12,09075,Wed,TRAIN ON DEMAND
15,16,BAREILLY JN,BRY,00:00,00:00,09075,Wed,TRAIN ON DEMAND
16,17,BAREILLY CITY,BC,00:00,00:00,09075,Wed,TRAIN ON DEMAND
17,18,IZZATNAGAR JN,IZN,00:00,00:00,09075,Wed,TRAIN ON DEMAND
18,19,BAHERI,BHI,00:00,00:00,09075,Wed,TRAIN ON DEMAND
19,20,KICHHA,KHH,00:00,00:05,09075,Wed,TRAIN ON DEMAND
20,21,LALKUA JN.,LKU,00:02,00:00,09075,Wed,TRAIN ON DEMAND
21,22,HALDWANI,HDW,00:00,00:00,09075,Wed,TRAIN ON DEMAND
22,23,KATHGODAM,KGM,00:00,0,09075,Wed,TRAIN ON DEMAND
