,sr_no,station,station_code,avg_arr_delay,avg_dep_delay,train_no,days,type
0,1,BANDRA TERMINUS,BDTS,0,00:00,09097,Sun,TRAIN ON DEMAND
1,2,BORIVALI,BVI,00:00,00:00,09097,Sun,TRAIN ON DEMAND
2,3,VAPI,VAPI,00:00,00:00,09097,Sun,TRAIN ON DEMAND
3,4,VALSAD,BL,00:06,00:07,09097,Sun,TRAIN ON DEMAND
4,5,SURAT,ST,00:00,00:00,09097,Sun,TRAIN ON DEMAND
5,6,VADODARA JN,BRC,00:09,00:08,09097,Sun,TRAIN ON DEMAND
6,7,RATLAM JN,RTM,00:00,00:06,09097,Sun,TRAIN ON DEMAND
7,8,KOTA JN,KOTA,00:00,00:01,09097,Sun,TRAIN ON DEMAND
8,9,SAWAI MADHOPUR,SWM,00:03,00:01,09097,Sun,TRAIN ON DEMAND
9,10,GANGAPUR CITY,GGC,00:00,00:00,09097,Sun,TRAIN ON DEMAND
10,11,MATHURA JN.,MTJ,00:00,00:08,09097,Sun,TRAIN ON DEMAND
11,12,DELHI SAFDARJNG,DSJ,00:06,00:10,09097,Sun,TRAIN ON DEMAND
12,13,AMBALA CANT JN,UMB,00:56,01:03,09097,Sun,TRAIN ON DEMAND
13,14,DHANDARI KALAN,DDL,01:42,01:36,09097,Sun,TRAIN ON DEMAND
14,15,JALANDHAR CANT,JRC,02:04,02:03,09097,Sun,TRAIN ON DEMAND
15,16,PATHANKOT CANTT,PTKC,01:01,01:00,09097,Sun,TRAIN ON DEMAND
16,17,JAMMUTAVI,JAT,00:00,00:00,09097,Sun,TRAIN ON DEMAND
17,18,SHRI MATA VAISHNO DEVI KATRA,SVDK,00:44,0,09097,Sun,TRAIN ON DEMAND
