,sr_no,station,station_code,avg_arr_delay,avg_dep_delay,train_no,days,type
0,1,MUMBAI CENTRAL,MMCT,0,00:01,09185,Sun,TRAIN ON DEMAND
1,2,BORIVALI,BVI,00:08,00:07,09185,Sun,TRAIN ON DEMAND
2,3,VAPI,VAPI,00:23,00:22,09185,Sun,TRAIN ON DEMAND
3,4,SURAT,ST,00:24,00:27,09185,Sun,TRAIN ON DEMAND
4,5,VADODARA JN,BRC,00:36,00:45,09185,Sun,TRAIN ON DEMAND
5,6,RATLAM JN,RTM,00:51,00:51,09185,Sun,TRAIN ON DEMAND
6,7,KOTA JN,KOTA,00:00,00:02,09185,Sun,TRAIN ON DEMAND
7,8,GANGAPUR CITY,GGC,00:17,00:16,09185,Sun,TRAIN ON DEMAND
8,9,BHARATPUR JN,BTE,00:00,00:01,09185,Sun,TRAIN ON DEMAND
9,10,MATHURA JN.,MTJ,00:15,00:21,09185,Sun,TRAIN ON DEMAND
10,11,MATHURA CANT,MRT,00:17,00:18,09185,Sun,TRAIN ON DEMAND
11,12,HATHRAS CITY,HTC,00:19,00:19,09185,Sun,TRAIN ON DEMAND
12,13,KASGANJ,KSJ,00:15,00:15,09185,Sun,TRAIN ON DEMAND
13,14,FARRUKHABAD,FBD,00:09,00:14,09185,Sun,TRAIN ON DEMAND
14,15,KANNAUJ,KJN,00:00,00:12,09185,Sun,TRAIN ON DEMAND
15,16,BILHAUR,BLU,00:13,00:14,09185,Sun,TRAIN ON DEMAND
16,17,KANPUR ANWRGANJ,CPA,00:03,0,09185,Sun,TRAIN ON DEMAND
