,sr_no,station,station_code,avg_arr_delay,avg_dep_delay,train_no,days,type
0,1,MUMBAI CENTRAL,MMCT,0,00:15,09183,Wed,TRAIN ON DEMAND
1,2,BORIVALI,BVI,00:19,00:19,09183,Wed,TRAIN ON DEMAND
2,3,PALGHAR,PLG,00:21,00:21,09183,Wed,TRAIN ON DEMAND
3,4,VAPI,VAPI,00:32,00:32,09183,Wed,TRAIN ON DEMAND
4,5,VALSAD,BL,00:38,00:38,09183,Wed,TRAIN ON DEMAND
5,6,SURAT,ST,00:36,00:37,09183,Wed,TRAIN ON DEMAND
6,7,VADODARA JN,BRC,01:27,01:25,09183,Wed,TRAIN ON DEMAND
7,8,RATLAM JN,RTM,02:00,01:59,09183,Wed,TRAIN ON DEMAND
8,9,KOTA JN,KOTA,02:30,02:31,09183,Wed,TRAIN ON DEMAND
9,10,SAWAI MADHOPUR,SWM,02:38,02:38,09183,Wed,TRAIN ON DEMAND
10,11,GANGAPUR CITY,GGC,02:36,02:37,09183,Wed,TRAIN ON DEMAND
11,12,BHARATPUR JN,BTE,02:04,02:06,09183,Wed,TRAIN ON DEMAND
12,13,ACHHNERA JN,AH,02:12,02:12,09183,Wed,TRAIN ON DEMAND
13,14,AGRA FORT,AF,02:57,02:53,09183,Wed,TRAIN ON DEMAND
14,15,TUNDLA JN,TDL,02:08,02:09,09183,Wed,TRAIN ON DEMAND
15,16,SHIKOHABAD JN,SKB,01:51,01:51,09183,Wed,TRAIN ON DEMAND
16,17,MAINPURI,MNQ,01:54,01:54,09183,Wed,TRAIN ON DEMAND
17,18,BHONGAON,BGQ,01:53,01:54,09183,Wed,TRAIN ON DEMAND
18,19,FARRUKHABAD,FBD,01:58,02:19,09183,Wed,TRAIN ON DEMAND
19,20,KANNAUJ,KJN,02:27,02:25,09183,Wed,TRAIN ON DEMAND
20,21,KANPUR CENTRAL,CNB,01:29,01:33,09183,Wed,TRAIN ON DEMAND
21,22,LUCKNOW,LKO,02:06,02:13,09183,Wed,TRAIN ON DEMAND
22,23,RAE BARELI JN,RBL,02:00,02:00,09183,Wed,TRAIN ON DEMAND
23,24,AMETHI,AME,01:57,01:57,09183,Wed,TRAIN ON DEMAND
24,25,MAA BELHA DEVI DHAM PRATAPGARH JUNCTION,MBDP,02:07,02:17,09183,Wed,TRAIN ON DEMAND
25,26,JANGHAI JN,JNH,02:47,02:49,09183,Wed,TRAIN ON DEMAND
26,27,BHADOHI,BOY,02:55,02:56,09183,Wed,TRAIN ON DEMAND
27,28,BANARAS,BSBS,02:38,0,09183,Wed,TRAIN ON DEMAND
