,sr_no,station,station_code,avg_arr_delay,avg_dep_delay,train_no,days,type
0,1,MUMBAI CENTRAL,MMCT,0,00:51,09189,Sat,TRAIN ON DEMAND
1,2,BORIVALI,BVI,01:09,01:10,09189,Sat,TRAIN ON DEMAND
2,3,VAPI,VAPI,01:04,01:05,09189,Sat,TRAIN ON DEMAND
3,4,SURAT,ST,00:41,00:41,09189,Sat,TRAIN ON DEMAND
4,5,BHARUCH JN,BH,00:48,00:48,09189,Sat,TRAIN ON DEMAND
5,6,VADODARA JN,BRC,01:13,01:09,09189,Sat,TRAIN ON DEMAND
6,7,RATLAM JN,RTM,01:48,01:59,09189,Sat,TRAIN ON DEMAND
7,8,UJJAIN JN,UJN,01:04,01:05,09189,Sat,TRAIN ON DEMAND
8,9,SANT HIRDARAM NAGAR,SHRN,00:00,00:00,09189,Sat,TRAIN ON DEMAND
9,10,VIDISHA,BHS,00:07,00:08,09189,Sat,TRAIN ON DEMAND
10,11,BINA JN,BINA,00:00,00:07,09189,Sat,TRAIN ON DEMAND
11,12,VIRANGANA LAKSHMIBAI JHANSI,VGLJ,00:27,00:28,09189,Sat,TRAIN ON DEMAND
12,13,KANPUR CENTRAL,CNB,00:16,00:23,09189,Sat,TRAIN ON DEMAND
13,14,LUCKNOW,LKO,01:33,01:32,09189,Sat,TRAIN ON DEMAND
14,15,GONDA JN,GD,01:57,02:03,09189,Sat,TRAIN ON DEMAND
15,16,MANKAPUR JN,MUR,02:41,02:42,09189,Sat,TRAIN ON DEMAND
16,17,BASTI,BST,03:13,03:11,09189,Sat,TRAIN ON DEMAND
17,18,KHALILABAD,KLD,02:51,02:51,09189,Sat,TRAIN ON DEMAND
18,19,GORAKHPUR JN,GKP,03:46,04:10,09189,Sat,TRAIN ON DEMAND
19,20,DEORIA SADAR,DEOS,04:24,04:22,09189,Sat,TRAIN ON DEMAND
20,21,SIWAN JN,SV,04:19,04:18,09189,Sat,TRAIN ON DEMAND
21,22,CHHAPRA,CPR,04:37,04:36,09189,Sat,TRAIN ON DEMAND
22,23,HAJIPUR JN,HJP,05:41,05:41,09189,Sat,TRAIN ON DEMAND
23,24,BARAUNI JN,BJU,06:22,06:40,09189,Sat,TRAIN ON DEMAND
24,25,BEGUSARAI,BGS,06:49,06:49,09189,Sat,TRAIN ON DEMAND
25,26,KHAGARIA JN.,KGG,07:30,07:30,09189,Sat,TRAIN ON DEMAND
26,27,NAUGACHIA,NNA,07:05,07:11,09189,Sat,TRAIN ON DEMAND
27,28,KATIHAR JN,KIR,07:11,0,09189,Sat,TRAIN ON DEMAND
