,sr_no,station,station_code,avg_arr_delay,avg_dep_delay,train_no,days,type
0,1,BANDRA TERMINUS,BDTS,0,00:19,09207,Fri,TRAIN ON DEMAND
1,2,BORIVALI,BVI,00:08,00:19,09207,Fri,TRAIN ON DEMAND
2,3,VAPI,VAPI,00:30,00:29,09207,Fri,TRAIN ON DEMAND
3,4,SURAT,ST,00:51,00:59,09207,Fri,TRAIN ON DEMAND
4,5,VADODARA JN,BRC,01:52,02:04,09207,Fri,TRAIN ON DEMAND
5,6,NADIAD JN,ND,02:00,02:00,09207,Fri,TRAIN ON DEMAND
6,7,AHMEDABAD JN,ADI,01:40,01:27,09207,Fri,TRAIN ON DEMAND
7,8,BOTAD JN,BTD,02:06,02:19,09207,Fri,TRAIN ON DEMAND
8,9,DHOLA JN,DLJ,02:03,02:02,09207,Fri,TRAIN ON DEMAND
9,10,SONGADH,SGD,01:46,01:47,09207,Fri,TRAIN ON DEMAND
10,11,BHAVANAGAR PARA,BVP,01:58,01:58,09207,Fri,TRAIN ON DEMAND
11,12,BHAVNAGAR TERMINUS,BVC,02:00,0,09207,Fri,TRAIN ON DEMAND
