,sr_no,station,station_code,avg_arr_delay,avg_dep_delay,train_no,days,type
0,1,BANDRA TERMINUS,BDTS,0,00:00,09622,Mon,TRAIN ON DEMAND
1,2,BORIVALI,BVI,00:21,00:25,09622,Mon,TRAIN ON DEMAND
2,3,VAPI,VAPI,00:58,00:56,09622,Mon,TRAIN ON DEMAND
3,4,SURAT,ST,01:21,01:21,09622,Mon,TRAIN ON DEMAND
4,5,VADODARA JN,BRC,01:25,01:28,09622,Mon,TRAIN ON DEMAND
5,6,RATLAM JN,RTM,00:08,00:13,09622,Mon,TRAIN ON DEMAND
6,7,BHAWANI MANDI,BWM,00:03,00:03,09622,Mon,TRAIN ON DEMAND
7,8,RAMGANJ MANDI,RMA,00:07,00:07,09622,Mon,TRAIN ON DEMAND
8,9,KOTA JN,KOTA,00:04,00:08,09622,Mon,TRAIN ON DEMAND
9,10,SAWAI MADHOPUR,SWM,00:00,00:03,09622,Mon,TRAIN ON DEMAND
10,11,JAIPUR JN.,JP,00:18,00:42,09622,Mon,TRAIN ON DEMAND
11,12,KISHANGARH,KSG,00:00,00:00,09622,Mon,TRAIN ON DEMAND
12,13,AJMER JN,AII,00:00,0,09622,Mon,TRAIN ON DEMAND
