,sr_no,station,station_code,avg_arr_delay,avg_dep_delay,train_no,days,type
0,1,BANDRA TERMINUS,BDTS,0,00:01,09654,Sun,TRAIN ON DEMAND
1,2,BORIVALI,BVI,00:03,00:03,09654,Sun,TRAIN ON DEMAND
2,3,PALGHAR,PLG,00:05,00:05,09654,Sun,TRAIN ON DEMAND
3,4,VAPI,VAPI,00:00,00:00,09654,Sun,TRAIN ON DEMAND
4,5,VALSAD,BL,00:02,00:03,09654,Sun,TRAIN ON DEMAND
5,6,NAVSARI,NVS,00:05,00:04,09654,Sun,TRAIN ON DEMAND
6,7,SURAT,ST,00:00,00:00,09654,Sun,TRAIN ON DEMAND
7,8,ANKLESHWAR JN,AKV,00:00,00:00,09654,Sun,TRAIN ON DEMAND
8,9,VADODARA JN,BRC,00:05,00:11,09654,Sun,TRAIN ON DEMAND
9,10,GODHRA JN,GDA,00:34,00:36,09654,Sun,TRAIN ON DEMAND
10,11,DAHOD,DHD,01:09,01:10,09654,Sun,TRAIN ON DEMAND
11,12,RATLAM JN,RTM,01:15,01:35,09654,Sun,TRAIN ON DEMAND
12,13,JAORA,JAO,02:30,02:29,09654,Sun,TRAIN ON DEMAND
13,14,MANDASOR,MDS,02:14,02:15,09654,Sun,TRAIN ON DEMAND
14,15,NIMACH,NMH,01:51,01:51,09654,Sun,TRAIN ON DEMAND
15,16,CHITTAURGARH JN.,COR,01:31,01:26,09654,Sun,TRAIN ON DEMAND
16,17,BHILWARA,BHL,01:10,01:12,09654,Sun,TRAIN ON DEMAND
17,18,BIJAINAGAR,BJNR,01:05,01:06,09654,Sun,TRAIN ON DEMAND
18,19,NASIRABAD,NSD,00:56,00:56,09654,Sun,TRAIN ON DEMAND
19,20,AJMER JN,AII,00:28,0,09654,Sun,TRAIN ON DEMAND
