,sr_no,station,station_code,avg_arr_delay,avg_dep_delay,train_no,days,type
0,1,BANDRA TERMINUS,BDTS,0,00:05,09724,Thu,TRAIN ON DEMAND
1,2,BORIVALI,BVI,00:03,00:16,09724,Thu,TRAIN ON DEMAND
2,3,VAPI,VAPI,00:07,00:09,09724,Thu,TRAIN ON DEMAND
3,4,SURAT,ST,00:00,00:01,09724,Thu,TRAIN ON DEMAND
4,5,VADODARA JN,BRC,00:07,00:04,09724,Thu,TRAIN ON DEMAND
5,6,RATLAM JN,RTM,00:37,00:37,09724,Thu,TRAIN ON DEMAND
6,7,MANDASOR,MDS,00:52,00:52,09724,Thu,TRAIN ON DEMAND
7,8,NIMACH,NMH,00:47,00:46,09724,Thu,TRAIN ON DEMAND
8,9,CHITTAURGARH JN.,COR,00:00,00:01,09724,Thu,TRAIN ON DEMAND
9,10,BHILWARA,BHL,00:24,00:22,09724,Thu,TRAIN ON DEMAND
10,11,MANDAL,MDL,00:23,00:23,09724,Thu,TRAIN ON DEMAND
11,12,BIJAINAGAR,BJNR,00:20,00:20,09724,Thu,TRAIN ON DEMAND
12,13,NASIRABAD,NSD,00:20,00:20,09724,Thu,TRAIN ON DEMAND
13,14,AJMER JN,AII,00:12,00:07,09724,Thu,TRAIN ON DEMAND
14,15,KISHANGARH,KSG,00:00,00:00,09724,Thu,TRAIN ON DEMAND
15,16,JAIPUR JN.,JP,00:00,0,09724,Thu,TRAIN ON DEMAND
