,sr_no,station,station_code,avg_arr_delay,avg_dep_delay,train_no,days,type
0,1,CHHATRAPATI SHIVAJI MAHARAJ TERMINUS,CSMT,0,00:30,10103,Daily,MAIL EXPRESS
1,2,DADAR,DR,00:12,00:13,10103,Daily,MAIL EXPRESS
2,3,THANE,TNA,00:14,00:15,10103,Daily,MAIL EXPRESS
3,4,PANVEL,PNVL,00:38,00:38,10103,Daily,MAIL EXPRESS
4,5,MANGAON,MNI,00:44,00:46,10103,Daily,MAIL EXPRESS
5,6,KHED,KHED,01:07,01:12,10103,Daily,MAIL EXPRESS
6,7,CHIPLUN,CHI,01:09,01:11,10103,Daily,MAIL EXPRESS
7,8,SANGAMESHWAR ROAD,SGR,01:30,01:35,10103,Daily,MAIL EXPRESS
8,9,RATNAGIRI,RN,01:31,01:54,10103,Daily,MAIL EXPRESS
9,10,ADAVALI,ADVI,01:56,01:57,10103,Daily,MAIL EXPRESS
10,11,RAJAPUR ROAD,RAJP,01:42,01:42,10103,Daily,MAIL EXPRESS
11,12,VAIBHAVWADI ROAD,VBW,01:40,01:40,10103,Daily,MAIL EXPRESS
12,13,KANKAVLI,KKW,01:45,01:54,10103,Daily,MAIL EXPRESS
13,14,SINDHUDURG,SNDD,01:43,01:45,10103,Daily,MAIL EXPRESS
14,15,KUDAL,KUDL,01:45,01:47,10103,Daily,MAIL EXPRESS
15,16,SAWANTWADI ROAD,SWV,01:22,01:24,10103,Daily,MAIL EXPRESS
16,17,PERNEM,PERN,01:23,01:25,10103,Daily,MAIL EXPRESS
17,18,THIVIM,THVM,01:26,01:37,10103,Daily,MAIL EXPRESS
18,19,KARMALI,KRMI,01:24,01:27,10103,Daily,MAIL EXPRESS
19,20,MADGAON JUNCTION,MAO,00:42,0,10103,Daily,MAIL EXPRESS
