,sr_no,station,station_code,avg_arr_delay,avg_dep_delay,train_no,days,type
0,1,BANDRA TERMINUS,BDTS,0,00:00,10115,"Wed,Fri",MAIL EXPRESS
1,2,BORIVALI,BVI,00:00,00:07,10115,"Wed,Fri",MAIL EXPRESS
2,3,VASAI ROAD,BSR,00:05,00:01,10115,"Wed,Fri",MAIL EXPRESS
3,4,BHIWANDI ROAD,BIRD,00:00,00:03,10115,"Wed,Fri",MAIL EXPRESS
4,5,PANVEL,PNVL,00:00,00:03,10115,"Wed,Fri",MAIL EXPRESS
5,6,ROHA,ROHA,00:02,00:04,10115,"Wed,Fri",MAIL EXPRESS
6,7,VEER,VEER,00:16,00:16,10115,"Wed,Fri",MAIL EXPRESS
7,8,CHIPLUN,CHI,00:35,00:41,10115,"Wed,Fri",MAIL EXPRESS
8,9,RATNAGIRI,RN,00:49,01:16,10115,"Wed,Fri",MAIL EXPRESS
9,10,KANKAVLI,KKW,01:43,01:53,10115,"Wed,Fri",MAIL EXPRESS
10,11,SINDHUDURG,SNDD,01:53,01:53,10115,"Wed,Fri",MAIL EXPRESS
11,12,SAWANTWADI ROAD,SWV,01:50,01:52,10115,"Wed,Fri",MAIL EXPRESS
12,13,THIVIM,THVM,01:32,01:44,10115,"Wed,Fri",MAIL EXPRESS
13,14,KARMALI,KRMI,01:36,01:40,10115,"Wed,Fri",MAIL EXPRESS
14,15,MADGAON JUNCTION,MAO,00:52,0,10115,"Wed,Fri",MAIL EXPRESS
