,sr_no,station,station_code,avg_arr_delay,avg_dep_delay,train_no,days,type
0,1,CHHATRAPATI SHIVAJI MAHARAJ TERMINUS,CSMT,0,00:00,11009,Daily,MAIL EXPRESS
1,2,DADAR,DR,00:06,00:06,11009,Daily,MAIL EXPRESS
2,3,THANE,TNA,00:07,00:07,11009,Daily,MAIL EXPRESS
3,4,KALYAN JN,KYN,00:15,00:15,11009,Daily,MAIL EXPRESS
4,5,KARJAT,KJT,00:12,00:28,11009,Daily,MAIL EXPRESS
5,6,LONAVALA,LNL,00:21,00:22,11009,Daily,MAIL EXPRESS
6,7,CHINCHVAD,CCH,00:30,00:31,11009,Daily,MAIL EXPRESS
7,8,PIMPRI,PMP,00:33,00:33,11009,Daily,MAIL EXPRESS
8,9,KHADKI,KK,00:36,00:36,11009,Daily,MAIL EXPRESS
9,10,SHIVAJI NAGAR,SVJR,00:30,00:30,11009,Daily,MAIL EXPRESS
10,11,PUNE JN,PUNE,00:16,0,11009,Daily,MAIL EXPRESS
