,sr_no,station,station_code,avg_arr_delay,avg_dep_delay,train_no,days,type
0,1,DADAR,DR,0,00:17,11003,Daily,MAIL EXPRESS
1,2,PANVEL,PNVL,00:31,00:34,11003,Daily,MAIL EXPRESS
2,3,MANGAON,MNI,00:33,00:33,11003,Daily,MAIL EXPRESS
3,4,VEER,VEER,00:32,00:34,11003,Daily,MAIL EXPRESS
4,5,KHED,KHED,00:40,00:42,11003,Daily,MAIL EXPRESS
5,6,CHIPLUN,CHI,00:27,00:39,11003,Daily,MAIL EXPRESS
6,7,SAWARDA,SVX,00:41,00:40,11003,Daily,MAIL EXPRESS
7,8,ARAVALI ROAD,AVRD,00:44,00:47,11003,Daily,MAIL EXPRESS
8,9,SANGAMESHWAR ROAD,SGR,00:47,01:06,11003,Daily,MAIL EXPRESS
9,10,RATNAGIRI,RN,00:19,00:41,11003,Daily,MAIL EXPRESS
10,11,ADAVALI,ADVI,00:43,00:45,11003,Daily,MAIL EXPRESS
11,12,VILAVADE,VID,00:46,00:51,11003,Daily,MAIL EXPRESS
12,13,RAJAPUR ROAD,RAJP,00:55,00:55,11003,Daily,MAIL EXPRESS
13,14,VAIBHAVWADI ROAD,VBW,00:56,00:56,11003,Daily,MAIL EXPRESS
14,15,NANDGAON ROAD,NAN,01:03,01:11,11003,Daily,MAIL EXPRESS
15,16,KANKAVLI,KKW,01:06,01:11,11003,Daily,MAIL EXPRESS
16,17,SINDHUDURG,SNDD,01:08,01:11,11003,Daily,MAIL EXPRESS
17,18,KUDAL,KUDL,01:10,01:10,11003,Daily,MAIL EXPRESS
18,19,SAWANTWADI ROAD,SWV,00:00,0,11003,Daily,MAIL EXPRESS
