,sr_no,station,station_code,avg_arr_delay,avg_dep_delay,train_no,days,type
0,1,CHHATRAPATI SHIVAJI MAHARAJ TERMINUS,CSMT,0,00:03,11007,Daily,MAIL EXPRESS
1,2,DADAR,DR,00:07,00:07,11007,Daily,MAIL EXPRESS
2,3,THANE,TNA,00:09,00:08,11007,Daily,MAIL EXPRESS
3,4,KALYAN JN,KYN,00:13,00:13,11007,Daily,MAIL EXPRESS
4,5,NERAL,NRL,00:19,00:20,11007,Daily,MAIL EXPRESS
5,6,KARJAT,KJT,00:19,00:23,11007,Daily,MAIL EXPRESS
6,7,LONAVALA,LNL,00:22,00:23,11007,Daily,MAIL EXPRESS
7,8,TALEGAON,TGN,00:19,00:19,11007,Daily,MAIL EXPRESS
8,9,KHADKI,KK,00:24,00:24,11007,Daily,MAIL EXPRESS
9,10,SHIVAJI NAGAR,SVJR,00:22,00:25,11007,Daily,MAIL EXPRESS
10,11,PUNE JN,PUNE,00:17,0,11007,Daily,MAIL EXPRESS
