,sr_no,station,station_code,avg_arr_delay,avg_dep_delay,train_no,days,type
0,1,DADAR,DR,0,00:01,11005,"Mon,Fri,Sun",MAIL EXPRESS
1,2,KALYAN JN,KYN,00:18,00:21,11005,"Mon,Fri,Sun",MAIL EXPRESS
2,3,KARJAT,KJT,00:23,00:24,11005,"Mon,Fri,Sun",MAIL EXPRESS
3,4,PUNE JN,PUNE,00:21,00:21,11005,"Mon,Fri,Sun",MAIL EXPRESS
4,5,SATARA,STR,00:08,00:10,11005,"Mon,Fri,Sun",MAIL EXPRESS
5,6,KARAD,KRD,00:31,00:31,11005,"Mon,Fri,Sun",MAIL EXPRESS
6,7,SANGLI,SLI,00:22,00:22,11005,"Mon,Fri,Sun",MAIL EXPRESS
7,8,MIRAJ JN.,MRJ,00:00,00:02,11005,"Mon,Fri,Sun",MAIL EXPRESS
8,9,KUDACHI,KUD,00:08,00:09,11005,"Mon,Fri,Sun",MAIL EXPRESS
9,10,GHATPRABHA,GPB,00:06,00:09,11005,"Mon,Fri,Sun",MAIL EXPRESS
10,11,BELAGAVI,BGM,00:00,00:04,11005,"Mon,Fri,Sun",MAIL EXPRESS
11,12,KHANAPUR,KNP,00:04,00:05,11005,"Mon,Fri,Sun",MAIL EXPRESS
12,13,LONDA JN,LD,00:05,00:05,11005,"Mon,Fri,Sun",MAIL EXPRESS
13,14,ALNAVAR JN,LWR,00:05,00:09,11005,"Mon,Fri,Sun",MAIL EXPRESS
14,15,DHARWAR,DWR,00:08,00:09,11005,"Mon,Fri,Sun",MAIL EXPRESS
15,16,SSS HUBBALLI JN,UBL,00:07,00:10,11005,"Mon,Fri,Sun",MAIL EXPRESS
16,17,HAVERI,HVR,00:00,00:00,11005,"Mon,Fri,Sun",MAIL EXPRESS
17,18,RANIBENNUR,RNR,00:00,00:00,11005,"Mon,Fri,Sun",MAIL EXPRESS
18,19,HARIHAR,HRR,00:00,00:00,11005,"Mon,Fri,Sun",MAIL EXPRESS
19,20,DAVANGERE,DVG,00:00,00:02,11005,"Mon,Fri,Sun",MAIL EXPRESS
20,21,CHIKJAJUR JN,JRU,00:12,00:13,11005,"Mon,Fri,Sun",MAIL EXPRESS
21,22,BIRUR JN,RRB,00:33,00:34,11005,"Mon,Fri,Sun",MAIL EXPRESS
22,23,KADUR,DRU,00:34,00:34,11005,"Mon,Fri,Sun",MAIL EXPRESS
23,24,ARSIKERE JN,ASK,00:25,00:36,11005,"Mon,Fri,Sun",MAIL EXPRESS
24,25,TIPTUR,TTR,00:38,00:38,11005,"Mon,Fri,Sun",MAIL EXPRESS
25,26,TUMKUR,TK,00:07,00:21,11005,"Mon,Fri,Sun",MAIL EXPRESS
26,27,CHIK BANAVAR,BAW,00:37,00:41,11005,"Mon,Fri,Sun",MAIL EXPRESS
27,28,SMVT BENGALURU,SMVB,00:09,00:29,11005,"Mon,Fri,Sun",MAIL EXPRESS
28,29,KRISHNARAJAPURM,KJM,00:13,00:14,11005,"Mon,Fri,Sun",MAIL EXPRESS
29,30,WHITEFIELD,WFD,00:17,00:18,11005,"Mon,Fri,Sun",MAIL EXPRESS
30,31,BANGARAPET,BWT,00:27,00:29,11005,"Mon,Fri,Sun",MAIL EXPRESS
31,32,JOLARPETTAI,JTJ,00:04,00:07,11005,"Mon,Fri,Sun",MAIL EXPRESS
32,33,KATPADI JN,KPD,00:00,00:08,11005,"Mon,Fri,Sun",MAIL EXPRESS
33,34,VELLORE CANTONMENT,VLR,00:08,00:21,11005,"Mon,Fri,Sun",MAIL EXPRESS
34,35,ARNI ROAD,ARV,00:24,00:36,11005,"Mon,Fri,Sun",MAIL EXPRESS
35,36,POLUR,PRL,00:12,00:12,11005,"Mon,Fri,Sun",MAIL EXPRESS
36,37,TIRUVANNAMALAI,TNM,00:11,00:11,11005,"Mon,Fri,Sun",MAIL EXPRESS
37,38,TIRUKKOVILUR,TRK,00:09,00:09,11005,"Mon,Fri,Sun",MAIL EXPRESS
38,39,VILLUPURAM JN,VM,00:00,00:04,11005,"Mon,Fri,Sun",MAIL EXPRESS
39,40,PONDICHERRY,PDY,00:00,0,11005,"Mon,Fri,Sun",MAIL EXPRESS
