,sr_no,station,station_code,avg_arr_delay,avg_dep_delay,train_no,days,type
0,1,LOKMANYATILAK,LTT,0,00:24,11013,Daily,MAIL EXPRESS
1,2,THANE,TNA,00:56,00:56,11013,Daily,MAIL EXPRESS
2,3,KALYAN JN,KYN,00:52,00:53,11013,Daily,MAIL EXPRESS
3,4,PUNE JN,PUNE,01:22,01:26,11013,Daily,MAIL EXPRESS
4,5,KURDUVADI JN.,KWV,01:18,01:21,11013,Daily,MAIL EXPRESS
5,6,SOLAPUR JN,SUR,01:12,01:17,11013,Daily,MAIL EXPRESS
6,7,DUDHANI,DUD,01:17,01:17,11013,Daily,MAIL EXPRESS
7,8,GANAGAPUR ROAD,GUR,01:18,01:18,11013,Daily,MAIL EXPRESS
8,9,KALABURAGI,KLBG,01:11,01:15,11013,Daily,MAIL EXPRESS
9,10,SHAHABAD,SDB,01:09,01:13,11013,Daily,MAIL EXPRESS
10,11,WADI,WADI,00:46,00:52,11013,Daily,MAIL EXPRESS
11,12,YADGIR,YG,00:43,00:46,11013,Daily,MAIL EXPRESS
12,13,KRISHNA,KSN,00:49,00:55,11013,Daily,MAIL EXPRESS
13,14,RAICHUR,RC,00:43,00:47,11013,Daily,MAIL EXPRESS
14,15,MANTHRALAYAM RD,MALM,00:48,00:50,11013,Daily,MAIL EXPRESS
15,16,ADONI,AD,00:46,00:48,11013,Daily,MAIL EXPRESS
16,17,GUNTAKAL JN,GTL,00:45,00:51,11013,Daily,MAIL EXPRESS
17,18,ANANTAPUR,ATP,00:50,00:52,11013,Daily,MAIL EXPRESS
18,19,DHARMAVARAM JN,DMM,00:24,00:41,11013,Daily,MAIL EXPRESS
19,20,SAI P NILAYAM,SSPN,01:29,01:31,11013,Daily,MAIL EXPRESS
20,21,HINDUPUR,HUP,01:29,01:32,11013,Daily,MAIL EXPRESS
21,22,GAURIBIDANUR,GBD,01:29,01:29,11013,Daily,MAIL EXPRESS
22,23,KRANTIVIRA SANGOLLI RAYANNA (BENGALURU),SBC,00:29,00:50,11013,Daily,MAIL EXPRESS
23,24,HOSUR,HSRA,01:04,01:05,11013,Daily,MAIL EXPRESS
24,25,DHARMAPURI,DPJ,01:37,01:37,11013,Daily,MAIL EXPRESS
25,26,SALEM JN,SA,00:49,00:53,11013,Daily,MAIL EXPRESS
26,27,ERODE JN,ED,00:50,00:51,11013,Daily,MAIL EXPRESS
27,28,TIRUPPUR,TUP,00:50,00:50,11013,Daily,MAIL EXPRESS
28,29,COIMBATORE JN,CBE,00:23,0,11013,Daily,MAIL EXPRESS
