,sr_no,station,station_code,avg_arr_delay,avg_dep_delay,train_no,days,type
0,1,CHHATRAPATI SHIVAJI MAHARAJ TERMINUS,CSMT,0,00:08,11019,Daily,MAIL EXPRESS
1,2,DADAR,DR,00:16,00:16,11019,Daily,MAIL EXPRESS
2,3,THANE,TNA,00:22,00:23,11019,Daily,MAIL EXPRESS
3,4,KALYAN JN,KYN,00:23,00:25,11019,Daily,MAIL EXPRESS
4,5,KARJAT,KJT,00:30,00:30,11019,Daily,MAIL EXPRESS
5,6,LONAVALA,LNL,00:32,00:33,11019,Daily,MAIL EXPRESS
6,7,PUNE JN,PUNE,00:21,00:25,11019,Daily,MAIL EXPRESS
7,8,DAUND JN,DD,00:31,00:33,11019,Daily,MAIL EXPRESS
8,9,SOLAPUR JN,SUR,00:24,00:26,11019,Daily,MAIL EXPRESS
9,10,KALABURAGI,KLBG,00:37,00:37,11019,Daily,MAIL EXPRESS
10,11,SHAHABAD,SDB,00:38,00:41,11019,Daily,MAIL EXPRESS
11,12,WADI,WADI,00:11,00:16,11019,Daily,MAIL EXPRESS
12,13,SERAM,SEM,00:26,00:27,11019,Daily,MAIL EXPRESS
13,14,TANDUR,TDU,00:40,00:41,11019,Daily,MAIL EXPRESS
14,15,LINGAMPALLI,LPI,00:56,00:57,11019,Daily,MAIL EXPRESS
15,16,SECUNDERABAD JN,SC,00:53,00:55,11019,Daily,MAIL EXPRESS
16,17,VIJAYAWADA JN,BZA,03:36,03:43,11019,Daily,MAIL EXPRESS
17,18,ELURU,EE,03:49,03:52,11019,Daily,MAIL EXPRESS
18,19,TADEPALLIGUDEM,TDD,03:47,03:53,11019,Daily,MAIL EXPRESS
19,20,NIDADAVOLU JN,NDD,03:40,03:43,11019,Daily,MAIL EXPRESS
20,21,RAJAMUNDRY,RJY,03:33,03:37,11019,Daily,MAIL EXPRESS
21,22,SAMALKOT JN,SLO,03:34,03:35,11019,Daily,MAIL EXPRESS
22,23,PITHAPURAM,PAP,03:33,03:35,11019,Daily,MAIL EXPRESS
23,24,TUNI,TUNI,03:39,03:44,11019,Daily,MAIL EXPRESS
24,25,ANAKAPALLE,AKP,03:45,03:45,11019,Daily,MAIL EXPRESS
25,26,VISAKHAPATNAM,VSKP,03:51,04:12,11019,Daily,MAIL EXPRESS
26,27,VIZIANAGRAM JN,VZM,04:20,04:18,11019,Daily,MAIL EXPRESS
27,28,SRIKAKULAM ROAD,CHE,04:18,04:18,11019,Daily,MAIL EXPRESS
28,29,PALASA,PSA,04:11,04:12,11019,Daily,MAIL EXPRESS
29,30,SOMPETA,SPT,03:55,03:55,11019,Daily,MAIL EXPRESS
30,31,ICHCHPURAM,IPM,03:57,03:57,11019,Daily,MAIL EXPRESS
31,32,BRAHMAPUR,BAM,03:57,03:55,11019,Daily,MAIL EXPRESS
32,33,CHATRAPUR,CAP,03:47,03:51,11019,Daily,MAIL EXPRESS
33,34,BALUGAN,BALU,03:59,03:59,11019,Daily,MAIL EXPRESS
34,35,KHURDA ROAD JN,KUR,04:19,04:26,11019,Daily,MAIL EXPRESS
35,36,BHUBANESWAR,BBS,04:01,0,11019,Daily,MAIL EXPRESS
