,sr_no,station,station_code,avg_arr_delay,avg_dep_delay,train_no,days,type
0,1,LOKMANYATILAK,LTT,0,00:01,11017,Sat,MAIL EXPRESS
1,2,THANE,TNA,00:07,00:08,11017,Sat,MAIL EXPRESS
2,3,KALYAN JN,KYN,00:06,00:07,11017,Sat,MAIL EXPRESS
3,4,LONAVALA,LNL,00:09,00:10,11017,Sat,MAIL EXPRESS
4,5,PUNE JN,PUNE,00:16,00:20,11017,Sat,MAIL EXPRESS
5,6,SOLAPUR JN,SUR,00:02,00:03,11017,Sat,MAIL EXPRESS
6,7,KALABURAGI,KLBG,00:13,00:13,11017,Sat,MAIL EXPRESS
7,8,WADI,WADI,00:00,00:00,11017,Sat,MAIL EXPRESS
8,9,YADGIR,YG,00:07,00:08,11017,Sat,MAIL EXPRESS
9,10,RAICHUR,RC,00:10,00:10,11017,Sat,MAIL EXPRESS
10,11,MANTHRALAYAM RD,MALM,00:07,00:08,11017,Sat,MAIL EXPRESS
11,12,GUNTAKAL JN,GTL,00:15,00:12,11017,Sat,MAIL EXPRESS
12,13,GOOTY,GY,00:19,00:20,11017,Sat,MAIL EXPRESS
13,14,TADIPATRI,TU,00:08,00:09,11017,Sat,MAIL EXPRESS
14,15,YERRAGUNTLA,YA,00:03,00:04,11017,Sat,MAIL EXPRESS
15,16,CUDDAPAH,HX,00:01,00:05,11017,Sat,MAIL EXPRESS
16,17,RAZAMPETA,RJP,00:00,00:00,11017,Sat,MAIL EXPRESS
17,18,RENIGUNTA JN,RU,00:00,00:01,11017,Sat,MAIL EXPRESS
18,19,ARAKKONAM,AJJ,00:06,00:12,11017,Sat,MAIL EXPRESS
19,20,PERAMBUR,PER,00:12,00:13,11017,Sat,MAIL EXPRESS
20,21,CHENNAI EGMORE,MS,00:12,00:13,11017,Sat,MAIL EXPRESS
21,22,TAMBARAM,TBM,00:19,00:20,11017,Sat,MAIL EXPRESS
22,23,CHENGALPATTU,CGL,00:18,00:19,11017,Sat,MAIL EXPRESS
23,24,VILLUPURAM JN,VM,00:00,00:01,11017,Sat,MAIL EXPRESS
24,25,TIRUPPADIRIPULIYUR,TDPR,00:00,00:01,11017,Sat,MAIL EXPRESS
25,26,CHIDAMBARAM,CDM,00:00,00:01,11017,Sat,MAIL EXPRESS
26,27,SIRKAZHI,SY,00:00,00:01,11017,Sat,MAIL EXPRESS
27,28,MAYILADUTURAI JN,MV,00:30,00:32,11017,Sat,MAIL EXPRESS
28,29,THIRUVARUR JN,TVR,00:14,00:10,11017,Sat,MAIL EXPRESS
29,30,NAGAPPATTINAM JN,NGT,00:49,00:50,11017,Sat,MAIL EXPRESS
30,31,NAGORE,NCR,00:51,00:51,11017,Sat,MAIL EXPRESS
31,32,KARAIKAL,KIK,00:10,0,11017,Sat,MAIL EXPRESS
