,sr_no,station,station_code,avg_arr_delay,avg_dep_delay,train_no,days,type
0,1,CHHATRAPATI SHIVAJI MAHARAJ TERMINUS,CSMT,0,00:01,11011,Daily,MAIL EXPRESS
1,2,DADAR,DR,00:06,00:07,11011,Daily,MAIL EXPRESS
2,3,THANE,TNA,00:07,00:07,11011,Daily,MAIL EXPRESS
3,4,KALYAN JN,KYN,00:08,00:10,11011,Daily,MAIL EXPRESS
4,5,IGATPURI,IGP,00:16,00:18,11011,Daily,MAIL EXPRESS
5,6,NASIK ROAD,NK,00:37,00:39,11011,Daily,MAIL EXPRESS
6,7,NIPHAD,NR,00:49,00:50,11011,Daily,MAIL EXPRESS
7,8,LASALGAON,LS,00:58,01:01,11011,Daily,MAIL EXPRESS
8,9,MANMAD JN,MMR,00:30,00:32,11011,Daily,MAIL EXPRESS
9,10,NANDGAON,NGN,00:44,00:45,11011,Daily,MAIL EXPRESS
10,11,CHALISGAON JN,CSN,00:00,00:03,11011,Daily,MAIL EXPRESS
11,12,JAMDHA,JMD,00:04,00:05,11011,Daily,MAIL EXPRESS
12,13,SHIRUD,SHF,00:00,00:01,11011,Daily,MAIL EXPRESS
13,14,DHULE,DHI,00:00,0,11011,Daily,MAIL EXPRESS
