,sr_no,station,station_code,avg_arr_delay,avg_dep_delay,train_no,days,type
0,1,DADAR,DR,0,00:00,11027,"Mon,Fri,Sun",MAIL EXPRESS
1,2,THANE,TNA,00:04,00:03,11027,"Mon,Fri,Sun",MAIL EXPRESS
2,3,KALYAN JN,KYN,00:12,00:12,11027,"Mon,Fri,Sun",MAIL EXPRESS
3,4,LONAVALA,LNL,00:07,00:08,11027,"Mon,Fri,Sun",MAIL EXPRESS
4,5,TALEGAON,TGN,00:16,00:15,11027,"Mon,Fri,Sun",MAIL EXPRESS
5,6,CHINCHVAD,CCH,00:14,00:13,11027,"Mon,Fri,Sun",MAIL EXPRESS
6,7,PUNE JN,PUNE,00:11,00:13,11027,"Mon,Fri,Sun",MAIL EXPRESS
7,8,URULI,URI,00:16,00:16,11027,"Mon,Fri,Sun",MAIL EXPRESS
8,9,KEDGAON,KDG,00:21,00:21,11027,"Mon,Fri,Sun",MAIL EXPRESS
9,10,DAUND JN,DD,00:11,00:10,11027,"Mon,Fri,Sun",MAIL EXPRESS
10,11,BHIGWAN,BGVN,00:09,00:09,11027,"Mon,Fri,Sun",MAIL EXPRESS
11,12,JEUR,JEUR,00:14,00:14,11027,"Mon,Fri,Sun",MAIL EXPRESS
12,13,KEM,KEM,00:18,00:18,11027,"Mon,Fri,Sun",MAIL EXPRESS
13,14,KURDUVADI JN.,KWV,00:00,00:24,11027,"Mon,Fri,Sun",MAIL EXPRESS
14,15,PANDHARPUR,PVR,00:08,00:09,11027,"Mon,Fri,Sun",MAIL EXPRESS
15,16,SANGOLA,SGLA,00:10,00:13,11027,"Mon,Fri,Sun",MAIL EXPRESS
16,17,JATH ROAD,JTRD,00:24,00:25,11027,"Mon,Fri,Sun",MAIL EXPRESS
17,18,DHALGAON,DLGN,00:31,00:31,11027,"Mon,Fri,Sun",MAIL EXPRESS
18,19,KAVATHE MAHANKAL,KVK,00:35,00:36,11027,"Mon,Fri,Sun",MAIL EXPRESS
19,20,MIRAJ JN.,MRJ,00:00,00:01,11027,"Mon,Fri,Sun",MAIL EXPRESS
20,21,SANGLI,SLI,00:01,00:01,11027,"Mon,Fri,Sun",MAIL EXPRESS
21,22,BHILAVDI,BVQ,00:00,00:00,11027,"Mon,Fri,Sun",MAIL EXPRESS
22,23,KIRLOSKARVADI,KOV,00:03,00:03,11027,"Mon,Fri,Sun",MAIL EXPRESS
23,24,TAKARI,TKR,00:01,00:01,11027,"Mon,Fri,Sun",MAIL EXPRESS
24,25,KARAD,KRD,00:07,00:13,11027,"Mon,Fri,Sun",MAIL EXPRESS
25,26,MASUR,MSR,00:21,00:21,11027,"Mon,Fri,Sun",MAIL EXPRESS
26,27,KOREGAON,KRG,00:28,00:27,11027,"Mon,Fri,Sun",MAIL EXPRESS
27,28,SATARA,STR,00:00,0,11027,"Mon,Fri,Sun",MAIL EXPRESS
