,sr_no,station,station_code,avg_arr_delay,avg_dep_delay,train_no,days,type
0,1,DADAR,DR,0,01:37,11021,"Tue,Wed,Sat",MAIL EXPRESS
1,2,KALYAN JN,KYN,01:58,01:59,11021,"Tue,Wed,Sat",MAIL EXPRESS
2,3,KARJAT,KJT,02:04,02:07,11021,"Tue,Wed,Sat",MAIL EXPRESS
3,4,PUNE JN,PUNE,02:22,02:24,11021,"Tue,Wed,Sat",MAIL EXPRESS
4,5,SATARA,STR,03:03,03:04,11021,"Tue,Wed,Sat",MAIL EXPRESS
5,6,KARAD,KRD,03:27,03:27,11021,"Tue,Wed,Sat",MAIL EXPRESS
6,7,SANGLI,SLI,03:25,03:26,11021,"Tue,Wed,Sat",MAIL EXPRESS
7,8,MIRAJ JN.,MRJ,02:56,03:02,11021,"Tue,Wed,Sat",MAIL EXPRESS
8,9,KUDACHI,KUD,03:06,03:07,11021,"Tue,Wed,Sat",MAIL EXPRESS
9,10,GHATPRABHA,GPB,03:04,03:03,11021,"Tue,Wed,Sat",MAIL EXPRESS
10,11,BELAGAVI,BGM,03:00,03:01,11021,"Tue,Wed,Sat",MAIL EXPRESS
11,12,LONDA JN,LD,02:58,02:58,11021,"Tue,Wed,Sat",MAIL EXPRESS
12,13,ALNAVAR JN,LWR,02:56,02:56,11021,"Tue,Wed,Sat",MAIL EXPRESS
13,14,DHARWAR,DWR,02:53,02:56,11021,"Tue,Wed,Sat",MAIL EXPRESS
14,15,SSS HUBBALLI JN,UBL,02:52,02:57,11021,"Tue,Wed,Sat",MAIL EXPRESS
15,16,HAVERI,HVR,02:10,02:33,11021,"Tue,Wed,Sat",MAIL EXPRESS
16,17,RANIBENNUR,RNR,02:34,02:34,11021,"Tue,Wed,Sat",MAIL EXPRESS
17,18,HARIHAR,HRR,02:32,02:32,11021,"Tue,Wed,Sat",MAIL EXPRESS
18,19,DAVANGERE,DVG,02:32,02:34,11021,"Tue,Wed,Sat",MAIL EXPRESS
19,20,CHIKJAJUR JN,JRU,02:40,02:41,11021,"Tue,Wed,Sat",MAIL EXPRESS
20,21,BIRUR JN,RRB,02:58,02:57,11021,"Tue,Wed,Sat",MAIL EXPRESS
21,22,KADUR,DRU,02:57,02:57,11021,"Tue,Wed,Sat",MAIL EXPRESS
22,23,ARSIKERE JN,ASK,00:38,00:34,11021,"Tue,Wed,Sat",MAIL EXPRESS
23,24,TIPTUR,TTR,03:04,03:04,11021,"Tue,Wed,Sat",MAIL EXPRESS
24,25,TUMKUR,TK,02:13,02:26,11021,"Tue,Wed,Sat",MAIL EXPRESS
25,26,CHIK BANAVAR,BAW,02:39,02:41,11021,"Tue,Wed,Sat",MAIL EXPRESS
26,27,SMVT BENGALURU,SMVB,02:33,02:46,11021,"Tue,Wed,Sat",MAIL EXPRESS
27,28,HOSUR,HSRA,02:51,02:50,11021,"Tue,Wed,Sat",MAIL EXPRESS
28,29,DHARMAPURI,DPJ,03:48,03:51,11021,"Tue,Wed,Sat",MAIL EXPRESS
29,30,SALEM JN,SA,02:10,02:38,11021,"Tue,Wed,Sat",MAIL EXPRESS
30,31,NAMAKKAL,NMKL,02:41,02:41,11021,"Tue,Wed,Sat",MAIL EXPRESS
31,32,KARUR,KRR,02:37,02:37,11021,"Tue,Wed,Sat",MAIL EXPRESS
32,33,DINDIGUL JN,DG,01:59,02:27,11021,"Tue,Wed,Sat",MAIL EXPRESS
33,34,MADURAI JN,MDU,02:18,02:40,11021,"Tue,Wed,Sat",MAIL EXPRESS
34,35,VIRUDUNAGAR JN,VPT,02:40,02:40,11021,"Tue,Wed,Sat",MAIL EXPRESS
35,36,SATUR,SRT,02:47,02:47,11021,"Tue,Wed,Sat",MAIL EXPRESS
36,37,KOVILPATTI,CVP,02:44,02:43,11021,"Tue,Wed,Sat",MAIL EXPRESS
37,38,TIRUNELVELI JN,TEN,01:41,0,11021,"Tue,Wed,Sat",MAIL EXPRESS
