,sr_no,station,station_code,avg_arr_delay,avg_dep_delay,train_no,days,type
0,1,CHHATRAPATI SHIVAJI MAHARAJ TERMINUS,CSMT,0,03:48,11029,Daily,MAIL EXPRESS
1,2,DADAR,DR,04:25,04:25,11029,Daily,MAIL EXPRESS
2,3,THANE,TNA,04:30,04:30,11029,Daily,MAIL EXPRESS
3,4,KALYAN JN,KYN,04:35,04:38,11029,Daily,MAIL EXPRESS
4,5,NERAL,NRL,04:39,04:40,11029,Daily,MAIL EXPRESS
5,6,LONAVALA,LNL,04:54,04:57,11029,Daily,MAIL EXPRESS
6,7,TALEGAON,TGN,05:02,05:04,11029,Daily,MAIL EXPRESS
7,8,CHINCHVAD,CCH,05:03,05:03,11029,Daily,MAIL EXPRESS
8,9,KHADKI,KK,05:05,05:05,11029,Daily,MAIL EXPRESS
9,10,SHIVAJI NAGAR,SVJR,05:06,05:08,11029,Daily,MAIL EXPRESS
10,11,PUNE JN,PUNE,05:05,05:11,11029,Daily,MAIL EXPRESS
11,12,JEJURI,JJR,05:26,05:25,11029,Daily,MAIL EXPRESS
12,13,NIRA,NIRA,05:27,05:27,11029,Daily,MAIL EXPRESS
13,14,LONAND,LNN,05:25,05:25,11029,Daily,MAIL EXPRESS
14,15,WATHAR,WTR,05:23,05:22,11029,Daily,MAIL EXPRESS
15,16,SATARA,STR,04:13,04:13,11029,Daily,MAIL EXPRESS
16,17,KOREGAON,KRG,04:15,04:19,11029,Daily,MAIL EXPRESS
17,18,RAHIMATPUR,RMP,04:24,04:24,11029,Daily,MAIL EXPRESS
18,19,TARGAON,TAZ,04:27,04:30,11029,Daily,MAIL EXPRESS
19,20,MASUR,MSR,04:34,04:34,11029,Daily,MAIL EXPRESS
20,21,SHIRAVADE,SIW,04:34,04:41,11029,Daily,MAIL EXPRESS
21,22,KARAD,KRD,04:45,04:46,11029,Daily,MAIL EXPRESS
22,23,KIRLOSKARVADI,KOV,04:53,04:54,11029,Daily,MAIL EXPRESS
23,24,BHILAVDI,BVQ,04:53,04:53,11029,Daily,MAIL EXPRESS
24,25,SANGLI,SLI,04:36,04:37,11029,Daily,MAIL EXPRESS
25,26,MIRAJ JN.,MRJ,04:43,04:50,11029,Daily,MAIL EXPRESS
26,27,JAYASINGPUR,JSP,04:51,04:52,11029,Daily,MAIL EXPRESS
27,28,HATKANANGALE,HTK,04:54,04:55,11029,Daily,MAIL EXPRESS
28,29,KOLHAPUR,KOP,04:27,0,11029,Daily,MAIL EXPRESS
