,sr_no,station,station_code,avg_arr_delay,avg_dep_delay,train_no,days,type
0,1,DADAR,DR,0,00:01,11035,Thu,MAIL EXPRESS
1,2,KALYAN JN,KYN,00:17,00:22,11035,Thu,MAIL EXPRESS
2,3,KARJAT,KJT,00:19,00:30,11035,Thu,MAIL EXPRESS
3,4,PUNE JN,PUNE,00:30,00:34,11035,Thu,MAIL EXPRESS
4,5,SATARA,STR,00:04,00:04,11035,Thu,MAIL EXPRESS
5,6,KARAD,KRD,00:27,00:34,11035,Thu,MAIL EXPRESS
6,7,SANGLI,SLI,00:22,00:22,11035,Thu,MAIL EXPRESS
7,8,MIRAJ JN.,MRJ,00:00,00:01,11035,Thu,MAIL EXPRESS
8,9,KUDACHI,KUD,00:07,00:07,11035,Thu,MAIL EXPRESS
9,10,GHATPRABHA,GPB,00:07,00:06,11035,Thu,MAIL EXPRESS
10,11,BELAGAVI,BGM,00:00,00:01,11035,Thu,MAIL EXPRESS
11,12,LONDA JN,LD,00:00,00:02,11035,Thu,MAIL EXPRESS
12,13,ALNAVAR JN,LWR,00:00,00:00,11035,Thu,MAIL EXPRESS
13,14,DHARWAR,DWR,00:00,00:01,11035,Thu,MAIL EXPRESS
14,15,SSS HUBBALLI JN,UBL,00:00,00:01,11035,Thu,MAIL EXPRESS
15,16,HAVERI,HVR,00:00,00:00,11035,Thu,MAIL EXPRESS
16,17,RANIBENNUR,RNR,00:00,00:00,11035,Thu,MAIL EXPRESS
17,18,HARIHAR,HRR,00:00,00:01,11035,Thu,MAIL EXPRESS
18,19,DAVANGERE,DVG,00:24,00:24,11035,Thu,MAIL EXPRESS
19,20,CHIKJAJUR JN,JRU,00:17,00:18,11035,Thu,MAIL EXPRESS
20,21,BIRUR JN,RRB,00:33,00:34,11035,Thu,MAIL EXPRESS
21,22,ARSIKERE JN,ASK,00:08,00:20,11035,Thu,MAIL EXPRESS
22,23,HASSAN,HAS,00:24,00:27,11035,Thu,MAIL EXPRESS
23,24,HOLE NARSIPUR,HLN,00:13,00:13,11035,Thu,MAIL EXPRESS
24,25,KRISHNARAJNAGAR,KRNR,00:24,00:24,11035,Thu,MAIL EXPRESS
25,26,MYSORE JN,MYS,00:01,0,11035,Thu,MAIL EXPRESS
