,sr_no,station,station_code,avg_arr_delay,avg_dep_delay,train_no,days,type
0,1,DADAR,DR,0,00:00,11041,"Tue,Wed,Thu,Sat",MAIL EXPRESS
1,2,THANE,TNA,00:51,00:51,11041,"Tue,Wed,Thu,Sat",MAIL EXPRESS
2,3,KALYAN JN,KYN,01:01,01:03,11041,"Tue,Wed,Thu,Sat",MAIL EXPRESS
3,4,LONAVALA,LNL,01:22,01:23,11041,"Tue,Wed,Thu,Sat",MAIL EXPRESS
4,5,TALEGAON,TGN,01:25,01:24,11041,"Tue,Wed,Thu,Sat",MAIL EXPRESS
5,6,CHINCHVAD,CCH,01:22,01:24,11041,"Tue,Wed,Thu,Sat",MAIL EXPRESS
6,7,PUNE JN,PUNE,01:25,01:28,11041,"Tue,Wed,Thu,Sat",MAIL EXPRESS
7,8,URULI,URI,01:35,01:35,11041,"Tue,Wed,Thu,Sat",MAIL EXPRESS
8,9,KEDGAON,KDG,01:38,01:37,11041,"Tue,Wed,Thu,Sat",MAIL EXPRESS
9,10,DAUND CHORD LINE,DDCC,01:31,01:31,11041,"Tue,Wed,Thu,Sat",MAIL EXPRESS
10,11,AHMADNAGAR,ANG,01:36,01:41,11041,"Tue,Wed,Thu,Sat",MAIL EXPRESS
11,12,BELAPUR,BAP,01:55,01:55,11041,"Tue,Wed,Thu,Sat",MAIL EXPRESS
12,13,SAINAGAR SHIRDI,SNSI,00:42,0,11041,"Tue,Wed,Thu,Sat",MAIL EXPRESS
