,sr_no,station,station_code,avg_arr_delay,avg_dep_delay,train_no,days,type
0,1,CHHATRAPATI SHIVAJI MAHARAJ TERMINUS,CSMT,0,00:32,11057,Daily,MAIL EXPRESS
1,2,DADAR,DR,00:26,00:26,11057,Daily,MAIL EXPRESS
2,3,THANE,TNA,00:23,00:27,11057,Daily,MAIL EXPRESS
3,4,KALYAN JN,KYN,00:43,00:45,11057,Daily,MAIL EXPRESS
4,5,KASARA,KSRA,00:51,00:56,11057,Daily,MAIL EXPRESS
5,6,DEVLALI,DVL,00:51,00:53,11057,Daily,MAIL EXPRESS
6,7,NASIK ROAD,NK,00:57,00:56,11057,Daily,MAIL EXPRESS
7,8,MANMAD JN,MMR,00:42,00:44,11057,Daily,MAIL EXPRESS
8,9,CHALISGAON JN,CSN,00:48,00:48,11057,Daily,MAIL EXPRESS
9,10,PACHORA JN,PC,00:51,00:51,11057,Daily,MAIL EXPRESS
10,11,JALGAON JN,JL,00:46,00:48,11057,Daily,MAIL EXPRESS
11,12,BHUSAVAL JN,BSL,00:44,00:50,11057,Daily,MAIL EXPRESS
12,13,SAVDA,SAV,00:51,00:52,11057,Daily,MAIL EXPRESS
13,14,RAVER,RV,01:00,01:00,11057,Daily,MAIL EXPRESS
14,15,BURHANPUR,BAU,01:00,01:00,11057,Daily,MAIL EXPRESS
15,16,NEPANAGAR,NPNR,00:58,01:00,11057,Daily,MAIL EXPRESS
16,17,KHANDWA JUNCTION,KNW,00:28,00:31,11057,Daily,MAIL EXPRESS
17,18,TALVADYA,TLV,00:24,00:29,11057,Daily,MAIL EXPRESS
18,19,CHHANERA,CAER,00:27,00:31,11057,Daily,MAIL EXPRESS
19,20,KHIRKIYA,KKN,00:30,00:35,11057,Daily,MAIL EXPRESS
20,21,HARDA,HD,00:38,00:38,11057,Daily,MAIL EXPRESS
21,22,TIMARNI,TBN,00:40,00:40,11057,Daily,MAIL EXPRESS
22,23,BANAPURA,BPF,00:43,00:49,11057,Daily,MAIL EXPRESS
23,24,ITARSI JN,ET,00:26,00:31,11057,Daily,MAIL EXPRESS
24,25,NARMADAPURAM,NDPM,00:33,00:33,11057,Daily,MAIL EXPRESS
25,26,BUDNI,BNI,00:31,00:38,11057,Daily,MAIL EXPRESS
26,27,OBAIDULLA GANJ,ODG,00:37,00:37,11057,Daily,MAIL EXPRESS
27,28,MANDI DIP,MDDP,00:36,00:40,11057,Daily,MAIL EXPRESS
28,29,RANI KAMALAPATI,RKMP,00:32,00:38,11057,Daily,MAIL EXPRESS
29,30,BHOPAL,BPL,00:34,00:37,11057,Daily,MAIL EXPRESS
30,31,VIDISHA,BHS,00:51,00:51,11057,Daily,MAIL EXPRESS
31,32,GULABHGANJ,GLG,00:50,00:50,11057,Daily,MAIL EXPRESS
32,33,GANJ BASODA,BAQ,00:51,00:51,11057,Daily,MAIL EXPRESS
33,34,MANDI BAMORA,MABA,00:41,00:43,11057,Daily,MAIL EXPRESS
34,35,BINA JN,BINA,00:32,00:32,11057,Daily,MAIL EXPRESS
35,36,DHAURA,DUA,00:37,00:37,11057,Daily,MAIL EXPRESS
36,37,LALITPUR,LAR,00:41,00:41,11057,Daily,MAIL EXPRESS
37,38,TALBAHAT,TBT,00:39,00:40,11057,Daily,MAIL EXPRESS
38,39,BASAI,BZY,00:39,00:39,11057,Daily,MAIL EXPRESS
39,40,BABINA,BAB,00:40,00:40,11057,Daily,MAIL EXPRESS
40,41,VIRANGANA LAKSHMIBAI JHANSI,VGLJ,00:33,00:38,11057,Daily,MAIL EXPRESS
41,42,DATIA,DAA,00:39,00:40,11057,Daily,MAIL EXPRESS
42,43,DABRA,DBA,00:40,00:41,11057,Daily,MAIL EXPRESS
43,44,GWALIOR,GWL,00:48,00:50,11057,Daily,MAIL EXPRESS
44,45,MORENA,MRA,00:48,00:48,11057,Daily,MAIL EXPRESS
45,46,DHAULPUR,DHO,00:29,00:35,11057,Daily,MAIL EXPRESS
46,47,AGRA CANTT,AGC,00:25,00:31,11057,Daily,MAIL EXPRESS
47,48,MATHURA JN.,MTJ,00:37,00:37,11057,Daily,MAIL EXPRESS
48,49,KOSI KALAN,KSV,00:45,00:46,11057,Daily,MAIL EXPRESS
49,50,PALWAL,PWL,00:22,00:30,11057,Daily,MAIL EXPRESS
50,51,FARIDABAD,FDB,00:31,00:31,11057,Daily,MAIL EXPRESS
51,52,HAZRAT NIZAMUDDIN JN,NZM,00:48,00:49,11057,Daily,MAIL EXPRESS
52,53,NEW DELHI,NDLS,00:47,00:51,11057,Daily,MAIL EXPRESS
53,54,SUBZI MANDI,SZM,01:01,01:01,11057,Daily,MAIL EXPRESS
54,55,NARELA,NUR,01:02,01:04,11057,Daily,MAIL EXPRESS
55,56,SONIPAT,SNP,01:07,01:07,11057,Daily,MAIL EXPRESS
56,57,GANAUR,GNU,01:10,01:10,11057,Daily,MAIL EXPRESS
57,58,SAMALKHA,SMK,01:14,01:13,11057,Daily,MAIL EXPRESS
58,59,PANIPAT JN,PNP,01:15,01:16,11057,Daily,MAIL EXPRESS
59,60,KARNAL,KUN,01:21,01:30,11057,Daily,MAIL EXPRESS
60,61,NILOKHERI,NLKR,01:31,01:40,11057,Daily,MAIL EXPRESS
61,62,KURUKSHETRA JN,KKDE,01:43,01:45,11057,Daily,MAIL EXPRESS
62,63,SHAHBAD MARKNDA,SHDM,02:17,02:24,11057,Daily,MAIL EXPRESS
63,64,AMBALA CANT JN,UMB,02:06,02:04,11057,Daily,MAIL EXPRESS
64,65,AMBALA CITY,UBC,02:08,02:08,11057,Daily,MAIL EXPRESS
65,66,RAJPURA JN,RPJ,02:02,02:03,11057,Daily,MAIL EXPRESS
66,67,PATIALA,PTA,02:06,02:06,11057,Daily,MAIL EXPRESS
67,68,NABHA,NBA,02:06,02:05,11057,Daily,MAIL EXPRESS
68,69,DHURI JN,DUI,02:11,02:02,11057,Daily,MAIL EXPRESS
69,70,MALERKOTLA,MET,02:03,02:04,11057,Daily,MAIL EXPRESS
70,71,AHMADGARH,AHH,02:07,02:08,11057,Daily,MAIL EXPRESS
71,72,LUDHIANA JN,LDH,01:24,01:30,11057,Daily,MAIL EXPRESS
72,73,PHILLAUR JN,PHR,01:42,01:43,11057,Daily,MAIL EXPRESS
73,74,PHAGWARA JN,PGW,01:33,01:36,11057,Daily,MAIL EXPRESS
74,75,JALANDHAR CANT,JRC,01:48,01:48,11057,Daily,MAIL EXPRESS
75,76,JALANDHAR CITY,JUC,01:48,01:50,11057,Daily,MAIL EXPRESS
76,77,BEAS,BEAS,01:48,01:48,11057,Daily,MAIL EXPRESS
77,78,JANDIALA,JNL,01:29,01:29,11057,Daily,MAIL EXPRESS
78,79,AMRITSAR JN,ASR,01:13,0,11057,Daily,MAIL EXPRESS
