,sr_no,station,station_code,avg_arr_delay,avg_dep_delay,train_no,days,type
0,1,LOKMANYATILAK,LTT,0,00:09,11059,"Tue,Thu,Sat",MAIL EXPRESS
1,2,THANE,TNA,00:18,00:19,11059,"Tue,Thu,Sat",MAIL EXPRESS
2,3,KALYAN JN,KYN,00:24,00:25,11059,"Tue,Thu,Sat",MAIL EXPRESS
3,4,NASIK ROAD,NK,00:59,00:59,11059,"Tue,Thu,Sat",MAIL EXPRESS
4,5,BHUSAVAL JN,BSL,01:06,01:10,11059,"Tue,Thu,Sat",MAIL EXPRESS
5,6,ITARSI JN,ET,00:37,00:38,11059,"Tue,Thu,Sat",MAIL EXPRESS
6,7,JABALPUR,JBP,00:48,00:49,11059,"Tue,Thu,Sat",MAIL EXPRESS
7,8,SATNA,STA,00:43,00:43,11059,"Tue,Thu,Sat",MAIL EXPRESS
8,9,PRAYAGRAJ JN,PRYJ,00:00,00:02,11059,"Tue,Thu,Sat",MAIL EXPRESS
9,10,PHULPUR,PLP,00:00,00:05,11059,"Tue,Thu,Sat",MAIL EXPRESS
10,11,JANGHAI JN,JNH,00:47,00:54,11059,"Tue,Thu,Sat",MAIL EXPRESS
11,12,MARIAHU,MAY,00:36,00:36,11059,"Tue,Thu,Sat",MAIL EXPRESS
12,13,ZAFARABAD JN,ZBD,00:24,01:10,11059,"Tue,Thu,Sat",MAIL EXPRESS
13,14,JAUNPUR JN,JNU,01:00,01:04,11059,"Tue,Thu,Sat",MAIL EXPRESS
14,15,MAU JN,MAU,00:26,00:50,11059,"Tue,Thu,Sat",MAIL EXPRESS
15,16,BELTHARA ROAD,BLTR,01:02,01:01,11059,"Tue,Thu,Sat",MAIL EXPRESS
16,17,SALEMPUR JN,SRU,00:51,00:54,11059,"Tue,Thu,Sat",MAIL EXPRESS
17,18,BHATNI JN,BTT,00:55,00:54,11059,"Tue,Thu,Sat",MAIL EXPRESS
18,19,MAIRWA,MW,00:48,00:48,11059,"Tue,Thu,Sat",MAIL EXPRESS
19,20,SIWAN JN,SV,00:55,00:58,11059,"Tue,Thu,Sat",MAIL EXPRESS
20,21,CHHAPRA,CPR,00:48,0,11059,"Tue,Thu,Sat",MAIL EXPRESS
