,sr_no,station,station_code,avg_arr_delay,avg_dep_delay,train_no,days,type
0,1,LOKMANYATILAK,LTT,0,00:03,11055,"Mon,Wed,Fri,Sun",MAIL EXPRESS
1,2,THANE,TNA,00:07,00:07,11055,"Mon,Wed,Fri,Sun",MAIL EXPRESS
2,3,KALYAN JN,KYN,00:12,00:14,11055,"Mon,Wed,Fri,Sun",MAIL EXPRESS
3,4,NASIK ROAD,NK,00:23,00:25,11055,"Mon,Wed,Fri,Sun",MAIL EXPRESS
4,5,BHUSAVAL JN,BSL,00:36,00:41,11055,"Mon,Wed,Fri,Sun",MAIL EXPRESS
5,6,ITARSI JN,ET,00:03,00:12,11055,"Mon,Wed,Fri,Sun",MAIL EXPRESS
6,7,JABALPUR,JBP,00:22,00:25,11055,"Mon,Wed,Fri,Sun",MAIL EXPRESS
7,8,SATNA,STA,00:31,00:33,11055,"Mon,Wed,Fri,Sun",MAIL EXPRESS
8,9,PRAYAGRAJ JN,PRYJ,00:00,00:03,11055,"Mon,Wed,Fri,Sun",MAIL EXPRESS
9,10,PHULPUR,PLP,00:20,00:21,11055,"Mon,Wed,Fri,Sun",MAIL EXPRESS
10,11,JANGHAI JN,JNH,00:01,00:17,11055,"Mon,Wed,Fri,Sun",MAIL EXPRESS
11,12,MARIAHU,MAY,00:05,00:11,11055,"Mon,Wed,Fri,Sun",MAIL EXPRESS
12,13,ZAFARABAD JN,ZBD,00:04,00:52,11055,"Mon,Wed,Fri,Sun",MAIL EXPRESS
13,14,JAUNPUR JN,JNU,00:42,00:50,11055,"Mon,Wed,Fri,Sun",MAIL EXPRESS
14,15,MAU JN,MAU,00:00,00:00,11055,"Mon,Wed,Fri,Sun",MAIL EXPRESS
15,16,BELTHARA ROAD,BLTR,00:07,00:10,11055,"Mon,Wed,Fri,Sun",MAIL EXPRESS
16,17,DEORIA SADAR,DEOS,00:29,00:35,11055,"Mon,Wed,Fri,Sun",MAIL EXPRESS
17,18,GORAKHPUR JN,GKP,00:15,0,11055,"Mon,Wed,Fri,Sun",MAIL EXPRESS
