,sr_no,station,station_code,avg_arr_delay,avg_dep_delay,train_no,days,type
0,1,LOKMANYATILAK,LTT,0,00:00,11061,Daily,MAIL EXPRESS
1,2,THANE,TNA,00:24,00:25,11061,Daily,MAIL EXPRESS
2,3,KALYAN JN,KYN,00:32,00:34,11061,Daily,MAIL EXPRESS
3,4,NASIK ROAD,NK,01:21,01:21,11061,Daily,MAIL EXPRESS
4,5,MANMAD JN,MMR,01:16,01:20,11061,Daily,MAIL EXPRESS
5,6,CHALISGAON JN,CSN,01:25,01:25,11061,Daily,MAIL EXPRESS
6,7,PACHORA JN,PC,01:24,01:24,11061,Daily,MAIL EXPRESS
7,8,JALGAON JN,JL,01:18,01:20,11061,Daily,MAIL EXPRESS
8,9,BHUSAVAL JN,BSL,01:10,01:15,11061,Daily,MAIL EXPRESS
9,10,BURHANPUR,BAU,01:17,01:17,11061,Daily,MAIL EXPRESS
10,11,KHANDWA JUNCTION,KNW,00:54,00:58,11061,Daily,MAIL EXPRESS
11,12,ITARSI JN,ET,00:48,00:51,11061,Daily,MAIL EXPRESS
12,13,PIPARIYA,PPI,00:50,00:51,11061,Daily,MAIL EXPRESS
13,14,NARSINGHPUR,NU,00:58,00:58,11061,Daily,MAIL EXPRESS
14,15,JABALPUR,JBP,00:47,00:51,11061,Daily,MAIL EXPRESS
15,16,KATNI,KTE,00:58,01:01,11061,Daily,MAIL EXPRESS
16,17,MAIHAR,MYR,01:10,01:10,11061,Daily,MAIL EXPRESS
17,18,SATNA,STA,01:14,01:19,11061,Daily,MAIL EXPRESS
18,19,MANIKPUR JN,MKP,00:36,00:48,11061,Daily,MAIL EXPRESS
19,20,NAINI,NYN,00:44,01:00,11061,Daily,MAIL EXPRESS
20,21,PRAYAGRAJ JN,PRYJ,00:51,01:01,11061,Daily,MAIL EXPRESS
21,22,PRAYAGRAJ RAMBAG,PRRB,01:01,01:04,11061,Daily,MAIL EXPRESS
22,23,GYANPUR ROAD,GYN,01:02,01:04,11061,Daily,MAIL EXPRESS
23,24,VARANASI,BSB,00:57,01:02,11061,Daily,MAIL EXPRESS
24,25,VARANASI CITY,BCY,01:09,01:09,11061,Daily,MAIL EXPRESS
25,26,SARNATH,SRNT,01:10,01:10,11061,Daily,MAIL EXPRESS
26,27,AUNRIHAR JN.,ARJ,01:18,01:19,11061,Daily,MAIL EXPRESS
27,28,GHAZIPUR CITY,GCT,01:14,01:15,11061,Daily,MAIL EXPRESS
28,29,YUSUFPUR,YFP,01:19,01:20,11061,Daily,MAIL EXPRESS
29,30,BALLIA,BUI,01:19,01:19,11061,Daily,MAIL EXPRESS
30,31,SURAIMANPUR,SIP,00:51,01:01,11061,Daily,MAIL EXPRESS
31,32,CHHAPRA,CPR,00:36,00:54,11061,Daily,MAIL EXPRESS
32,33,DIGHWARA,DGA,00:38,00:47,11061,Daily,MAIL EXPRESS
33,34,SONPUR JN,SEE,00:52,00:55,11061,Daily,MAIL EXPRESS
34,35,HAJIPUR JN,HJP,01:03,01:01,11061,Daily,MAIL EXPRESS
35,36,BHAGWANPUR,BNR,00:55,00:56,11061,Daily,MAIL EXPRESS
36,37,MUZAFFARPUR JN,MFP,01:05,01:11,11061,Daily,MAIL EXPRESS
37,38,DHOLI,DOL,01:14,01:14,11061,Daily,MAIL EXPRESS
38,39,SAMASTIPUR JN,SPJ,00:34,00:49,11061,Daily,MAIL EXPRESS
39,40,LAHERIA SARAI,LSI,00:49,00:51,11061,Daily,MAIL EXPRESS
40,41,DARBHANGA JN,DBG,00:39,00:50,11061,Daily,MAIL EXPRESS
41,42,SAKRI JN,SKI,00:44,00:51,11061,Daily,MAIL EXPRESS
42,43,MADHUBANI,MBI,00:48,00:49,11061,Daily,MAIL EXPRESS
43,44,JAYNAGAR,JYG,00:08,0,11061,Daily,MAIL EXPRESS
