,sr_no,station,station_code,avg_arr_delay,avg_dep_delay,train_no,days,type
0,1,LOKMANYATILAK,LTT,0,00:03,11071,Daily,MAIL EXPRESS
1,2,THANE,TNA,00:06,00:06,11071,Daily,MAIL EXPRESS
2,3,KALYAN JN,KYN,00:14,00:15,11071,Daily,MAIL EXPRESS
3,4,IGATPURI,IGP,00:17,00:19,11071,Daily,MAIL EXPRESS
4,5,NASIK ROAD,NK,00:21,00:22,11071,Daily,MAIL EXPRESS
5,6,LASALGAON,LS,00:31,00:31,11071,Daily,MAIL EXPRESS
6,7,MANMAD JN,MMR,00:27,00:29,11071,Daily,MAIL EXPRESS
7,8,NANDGAON,NGN,00:40,00:41,11071,Daily,MAIL EXPRESS
8,9,CHALISGAON JN,CSN,00:50,00:49,11071,Daily,MAIL EXPRESS
9,10,PACHORA JN,PC,00:47,00:51,11071,Daily,MAIL EXPRESS
10,11,JALGAON JN,JL,00:48,00:49,11071,Daily,MAIL EXPRESS
11,12,BHUSAVAL JN,BSL,00:33,00:44,11071,Daily,MAIL EXPRESS
12,13,RAVER,RV,00:52,00:53,11071,Daily,MAIL EXPRESS
13,14,BURHANPUR,BAU,00:56,00:56,11071,Daily,MAIL EXPRESS
14,15,NEPANAGAR,NPNR,00:47,00:47,11071,Daily,MAIL EXPRESS
15,16,KHANDWA JUNCTION,KNW,00:18,00:19,11071,Daily,MAIL EXPRESS
16,17,CHHANERA,CAER,00:09,00:11,11071,Daily,MAIL EXPRESS
17,18,KHIRKIYA,KKN,00:16,00:16,11071,Daily,MAIL EXPRESS
18,19,HARDA,HD,00:28,00:30,11071,Daily,MAIL EXPRESS
19,20,ITARSI JN,ET,00:11,00:13,11071,Daily,MAIL EXPRESS
20,21,NARMADAPURAM,NDPM,00:17,00:18,11071,Daily,MAIL EXPRESS
21,22,RANI KAMALAPATI,RKMP,00:06,00:11,11071,Daily,MAIL EXPRESS
22,23,BHOPAL,BPL,00:08,00:09,11071,Daily,MAIL EXPRESS
23,24,VIDISHA,BHS,00:28,00:28,11071,Daily,MAIL EXPRESS
24,25,GANJ BASODA,BAQ,00:37,00:37,11071,Daily,MAIL EXPRESS
25,26,BINA JN,BINA,00:22,00:23,11071,Daily,MAIL EXPRESS
26,27,KHURAI,KYE,00:37,00:38,11071,Daily,MAIL EXPRESS
27,28,SAUGOR,SGO,00:34,00:36,11071,Daily,MAIL EXPRESS
28,29,PATHARIA,PHA,00:26,00:26,11071,Daily,MAIL EXPRESS
29,30,DAMOH,DMO,00:34,00:36,11071,Daily,MAIL EXPRESS
30,31,BANDAKPUR,BNU,00:41,00:42,11071,Daily,MAIL EXPRESS
31,32,KATNI MURWARA,KMZ,00:42,00:49,11071,Daily,MAIL EXPRESS
32,33,MAIHAR,MYR,00:49,00:49,11071,Daily,MAIL EXPRESS
33,34,SATNA,STA,00:39,00:50,11071,Daily,MAIL EXPRESS
34,35,JAITWAR,JTW,00:47,00:47,11071,Daily,MAIL EXPRESS
35,36,MAJHAGAWAN,MJG,00:45,00:44,11071,Daily,MAIL EXPRESS
36,37,MANIKPUR JN,MKP,00:19,00:19,11071,Daily,MAIL EXPRESS
37,38,DABHAURA,DBR,00:12,00:13,11071,Daily,MAIL EXPRESS
38,39,PRAYAGRAJ JN,PRYJ,00:17,00:30,11071,Daily,MAIL EXPRESS
39,40,PHULPUR,PLP,00:59,01:02,11071,Daily,MAIL EXPRESS
40,41,JANGHAI JN,JNH,01:43,01:45,11071,Daily,MAIL EXPRESS
41,42,SURIAWAN,SAW,01:54,02:01,11071,Daily,MAIL EXPRESS
42,43,BHADOHI,BOY,02:06,02:06,11071,Daily,MAIL EXPRESS
43,44,PARSIPUR,PRF,02:12,02:13,11071,Daily,MAIL EXPRESS
44,45,SEWAPURI,SWPR,02:16,02:16,11071,Daily,MAIL EXPRESS
45,46,VARANASI,BSB,02:11,02:10,11071,Daily,MAIL EXPRESS
46,47,AUNRIHAR JN.,ARJ,02:01,02:00,11071,Daily,MAIL EXPRESS
47,48,GHAZIPUR CITY,GCT,01:59,01:59,11071,Daily,MAIL EXPRESS
48,49,BALLIA,BUI,01:50,0,11071,Daily,MAIL EXPRESS
