,sr_no,station,station_code,avg_arr_delay,avg_dep_delay,train_no,days,type
0,1,LOKMANYATILAK,LTT,0,00:01,11079,Thu,MAIL EXPRESS
1,2,KALYAN JN,KYN,00:13,00:13,11079,Thu,MAIL EXPRESS
2,3,NASIK ROAD,NK,00:31,00:31,11079,Thu,MAIL EXPRESS
3,4,BHUSAVAL JN,BSL,00:00,00:07,11079,Thu,MAIL EXPRESS
4,5,KHANDWA JUNCTION,KNW,00:00,00:00,11079,Thu,MAIL EXPRESS
5,6,HARDA,HD,00:15,00:15,11079,Thu,MAIL EXPRESS
6,7,ITARSI JN,ET,00:03,00:04,11079,Thu,MAIL EXPRESS
7,8,RANI KAMALAPATI,RKMP,00:00,00:00,11079,Thu,MAIL EXPRESS
8,9,VIDISHA,BHS,00:05,00:05,11079,Thu,MAIL EXPRESS
9,10,VIRANGANA LAKSHMIBAI JHANSI,VGLJ,00:07,00:05,11079,Thu,MAIL EXPRESS
10,11,ORAI,ORAI,00:29,00:31,11079,Thu,MAIL EXPRESS
11,12,POKHRAYAN,PHN,00:40,00:40,11079,Thu,MAIL EXPRESS
12,13,KANPUR CENTRAL,CNB,00:04,00:05,11079,Thu,MAIL EXPRESS
13,14,LUCKNOW,LKO,00:20,00:15,11079,Thu,MAIL EXPRESS
14,15,BARABANKI JN,BBK,00:00,00:02,11079,Thu,MAIL EXPRESS
15,16,JARWAL ROAD,JLD,00:00,00:14,11079,Thu,MAIL EXPRESS
16,17,COLONELGANJ,CLJ,00:20,00:20,11079,Thu,MAIL EXPRESS
17,18,GONDA JN,GD,00:00,00:03,11079,Thu,MAIL EXPRESS
18,19,BALRAMPUR,BLP,00:09,00:10,11079,Thu,MAIL EXPRESS
19,20,KAUWAPUR,KPE,00:10,00:10,11079,Thu,MAIL EXPRESS
20,21,TULSIPUR,TLR,00:19,00:34,11079,Thu,MAIL EXPRESS
21,22,GAINSARI JN,GIR,00:39,00:40,11079,Thu,MAIL EXPRESS
22,23,PACHPERWA,PPW,00:39,00:39,11079,Thu,MAIL EXPRESS
23,24,BARHNI,BNY,00:53,00:51,11079,Thu,MAIL EXPRESS
24,25,SIDDHARTH NAGAR,SDDN,01:03,01:03,11079,Thu,MAIL EXPRESS
25,26,ANAND NAGAR,ANDN,00:38,00:35,11079,Thu,MAIL EXPRESS
26,27,GORAKHPUR JN,GKP,00:15,0,11079,Thu,MAIL EXPRESS
