,sr_no,station,station_code,avg_arr_delay,avg_dep_delay,train_no,days,type
0,1,LOKMANYATILAK,LTT,0,00:00,11081,Wed,MAIL EXPRESS
1,2,KALYAN JN,KYN,00:19,00:23,11081,Wed,MAIL EXPRESS
2,3,NASIK ROAD,NK,00:12,00:08,11081,Wed,MAIL EXPRESS
3,4,BHUSAVAL JN,BSL,00:00,00:01,11081,Wed,MAIL EXPRESS
4,5,KHANDWA JUNCTION,KNW,00:00,00:00,11081,Wed,MAIL EXPRESS
5,6,PIPARIYA,PPI,00:00,00:00,11081,Wed,MAIL EXPRESS
6,7,NARSINGHPUR,NU,00:09,00:09,11081,Wed,MAIL EXPRESS
7,8,JABALPUR,JBP,00:03,00:11,11081,Wed,MAIL EXPRESS
8,9,KATNI,KTE,00:10,00:11,11081,Wed,MAIL EXPRESS
9,10,MAIHAR,MYR,00:25,00:26,11081,Wed,MAIL EXPRESS
10,11,SATNA,STA,00:03,00:05,11081,Wed,MAIL EXPRESS
11,12,MANIKPUR JN,MKP,00:00,00:02,11081,Wed,MAIL EXPRESS
12,13,PRAYAGRAJ CHHEOKI,PCOI,00:06,00:14,11081,Wed,MAIL EXPRESS
13,14,MIRZAPUR,MZP,00:01,00:00,11081,Wed,MAIL EXPRESS
14,15,VARANASI,BSB,00:00,00:00,11081,Wed,MAIL EXPRESS
15,16,AUNRIHAR JN.,ARJ,00:00,00:00,11081,Wed,MAIL EXPRESS
16,17,MAU JN,MAU,00:00,00:00,11081,Wed,MAIL EXPRESS
17,18,BELTHARA ROAD,BLTR,00:00,00:00,11081,Wed,MAIL EXPRESS
18,19,BHATNI JN,BTT,00:13,00:15,11081,Wed,MAIL EXPRESS
19,20,DEORIA SADAR,DEOS,00:15,00:12,11081,Wed,MAIL EXPRESS
20,21,GORAKHPUR JN,GKP,00:31,0,11081,Wed,MAIL EXPRESS
