,sr_no,station,station_code,avg_arr_delay,avg_dep_delay,train_no,days,type
0,1,LOKMANYATILAK,LTT,0,01:10,11099,"Fri,Sun",MAIL EXPRESS
1,2,THANE,TNA,01:17,01:42,11099,"Fri,Sun",MAIL EXPRESS
2,3,PANVEL,PNVL,01:42,01:44,11099,"Fri,Sun",MAIL EXPRESS
3,4,KHED,KHED,02:11,02:14,11099,"Fri,Sun",MAIL EXPRESS
4,5,CHIPLUN,CHI,02:18,02:19,11099,"Fri,Sun",MAIL EXPRESS
5,6,RATNAGIRI,RN,01:48,01:51,11099,"Fri,Sun",MAIL EXPRESS
6,7,KANKAVLI,KKW,01:35,01:39,11099,"Fri,Sun",MAIL EXPRESS
7,8,SAWANTWADI ROAD,SWV,01:36,01:41,11099,"Fri,Sun",MAIL EXPRESS
8,9,THIVIM,THVM,01:45,01:53,11099,"Fri,Sun",MAIL EXPRESS
9,10,KARMALI,KRMI,01:55,02:00,11099,"Fri,Sun",MAIL EXPRESS
10,11,MADGAON JUNCTION,MAO,00:48,0,11099,"Fri,Sun",MAIL EXPRESS
