,sr_no,station,station_code,avg_arr_delay,avg_dep_delay,train_no,days,type
0,1,CHHATRAPATI SHIVAJI MAHARAJ TERMINUS,CSMT,0,00:03,11301,Daily,MAIL EXPRESS
1,2,DADAR,DR,00:10,00:10,11301,Daily,MAIL EXPRESS
2,3,KALYAN JN,KYN,00:13,00:14,11301,Daily,MAIL EXPRESS
3,4,LONAVALA,LNL,00:15,00:16,11301,Daily,MAIL EXPRESS
4,5,PUNE JN,PUNE,00:19,00:24,11301,Daily,MAIL EXPRESS
5,6,URULI,URI,00:30,00:29,11301,Daily,MAIL EXPRESS
6,7,DAUND JN,DD,00:29,00:27,11301,Daily,MAIL EXPRESS
7,8,KURDUVADI JN.,KWV,00:22,00:22,11301,Daily,MAIL EXPRESS
8,9,SOLAPUR JN,SUR,00:18,00:20,11301,Daily,MAIL EXPRESS
9,10,AKALKOT ROAD,AKOR,00:27,00:27,11301,Daily,MAIL EXPRESS
10,11,DUDHANI,DUD,00:29,00:28,11301,Daily,MAIL EXPRESS
11,12,GANAGAPUR ROAD,GUR,00:30,00:29,11301,Daily,MAIL EXPRESS
12,13,KALABURAGI,KLBG,00:24,00:25,11301,Daily,MAIL EXPRESS
13,14,SHAHABAD,SDB,00:26,00:26,11301,Daily,MAIL EXPRESS
14,15,WADI,WADI,00:09,00:13,11301,Daily,MAIL EXPRESS
15,16,NALWAR,NW,00:15,00:16,11301,Daily,MAIL EXPRESS
16,17,YADGIR,YG,00:19,00:21,11301,Daily,MAIL EXPRESS
17,18,SAIDAPUR,SADP,00:21,00:22,11301,Daily,MAIL EXPRESS
18,19,KRISHNA,KSN,00:23,00:31,11301,Daily,MAIL EXPRESS
19,20,RAICHUR,RC,00:28,00:31,11301,Daily,MAIL EXPRESS
20,21,MANTHRALAYAM RD,MALM,00:23,00:25,11301,Daily,MAIL EXPRESS
21,22,ADONI,AD,00:21,00:23,11301,Daily,MAIL EXPRESS
22,23,GUNTAKAL JN,GTL,00:21,00:29,11301,Daily,MAIL EXPRESS
23,24,ANANTAPUR,ATP,00:38,00:39,11301,Daily,MAIL EXPRESS
24,25,DHARMAVARAM JN,DMM,00:00,00:04,11301,Daily,MAIL EXPRESS
25,26,SAI P NILAYAM,SSPN,00:16,00:19,11301,Daily,MAIL EXPRESS
26,27,PENUKONDA,PKD,00:11,00:17,11301,Daily,MAIL EXPRESS
27,28,HINDUPUR,HUP,00:17,00:18,11301,Daily,MAIL EXPRESS
28,29,GAURIBIDANUR,GBD,00:20,00:19,11301,Daily,MAIL EXPRESS
29,30,DODBALLAPUR,DBU,00:27,00:29,11301,Daily,MAIL EXPRESS
30,31,YELAHANKA JN.,YNK,00:00,00:00,11301,Daily,MAIL EXPRESS
31,32,KRANTIVIRA SANGOLLI RAYANNA (BENGALURU),SBC,00:00,0,11301,Daily,MAIL EXPRESS
