,sr_no,station,station_code,avg_arr_delay,avg_dep_delay,train_no,days,type
0,1,CHHATRAPATI SHIVAJI MAHARAJ TERMINUS,CSMT,0,00:01,11401,Daily,MAIL EXPRESS
1,2,DADAR,DR,00:06,00:05,11401,Daily,MAIL EXPRESS
2,3,THANE,TNA,00:07,00:08,11401,Daily,MAIL EXPRESS
3,4,KALYAN JN,KYN,00:13,00:14,11401,Daily,MAIL EXPRESS
4,5,IGATPURI,IGP,00:14,00:13,11401,Daily,MAIL EXPRESS
5,6,NASIK ROAD,NK,00:20,00:24,11401,Daily,MAIL EXPRESS
6,7,LASALGAON,LS,00:26,00:27,11401,Daily,MAIL EXPRESS
7,8,MANMAD JN,MMR,00:06,00:13,11401,Daily,MAIL EXPRESS
8,9,ROTEGAON,RGO,00:14,00:24,11401,Daily,MAIL EXPRESS
9,10,LASUR,LSR,00:29,00:30,11401,Daily,MAIL EXPRESS
10,11,AURANGABAD,AWB,00:32,00:36,11401,Daily,MAIL EXPRESS
11,12,JALNA,J,00:38,00:40,11401,Daily,MAIL EXPRESS
12,13,PARTUR,PTU,00:47,00:48,11401,Daily,MAIL EXPRESS
13,14,SELU,SELU,00:40,00:46,11401,Daily,MAIL EXPRESS
14,15,PARBHANI JN,PBN,00:30,00:33,11401,Daily,MAIL EXPRESS
15,16,PURNA JN,PAU,00:23,00:29,11401,Daily,MAIL EXPRESS
16,17,NANDED,NED,00:13,00:19,11401,Daily,MAIL EXPRESS
17,18,MUDKHED,MUE,00:00,00:03,11401,Daily,MAIL EXPRESS
18,19,BHOKAR,BOKR,00:05,00:05,11401,Daily,MAIL EXPRESS
19,20,HIMAYATNAGAR,HEM,00:00,00:00,11401,Daily,MAIL EXPRESS
20,21,SAHARSRAKUND,SHSK,00:00,00:00,11401,Daily,MAIL EXPRESS
21,22,BODHADI BUJRUG,BHBK,00:07,00:08,11401,Daily,MAIL EXPRESS
22,23,KINWAT,KNVT,00:08,00:10,11401,Daily,MAIL EXPRESS
23,24,ADILABAD,ADB,00:00,00:00,11401,Daily,MAIL EXPRESS
24,25,PIMPALKHUTI,PMKT,00:00,00:02,11401,Daily,MAIL EXPRESS
25,26,WANI,WANI,00:23,00:23,11401,Daily,MAIL EXPRESS
26,27,BHANDAK,BUX,00:39,00:42,11401,Daily,MAIL EXPRESS
27,28,CHANDRAPUR,CD,00:51,00:51,11401,Daily,MAIL EXPRESS
28,29,BALHARSHAH,BPQ,00:00,0,11401,Daily,MAIL EXPRESS
