,sr_no,station,station_code,avg_arr_delay,avg_dep_delay,train_no,days,type
0,1,MUMBAI CENTRAL,MMCT,0,00:04,12009,"Mon,Tue,Wed,Thu,Fri,Sat",SHATABDI
1,2,BORIVALI,BVI,00:15,00:15,12009,"Mon,Tue,Wed,Thu,Fri,Sat",SHATABDI
2,3,VAPI,VAPI,00:19,00:19,12009,"Mon,Tue,Wed,Thu,Fri,Sat",SHATABDI
3,4,SURAT,ST,00:08,00:09,12009,"Mon,Tue,Wed,Thu,Fri,Sat",SHATABDI
4,5,BHARUCH JN,BH,00:12,00:12,12009,"Mon,Tue,Wed,Thu,Fri,Sat",SHATABDI
5,6,VADODARA JN,BRC,00:10,00:10,12009,"Mon,Tue,Wed,Thu,Fri,Sat",SHATABDI
6,7,ANAND JN,ANND,00:08,00:09,12009,"Mon,Tue,Wed,Thu,Fri,Sat",SHATABDI
7,8,NADIAD JN,ND,00:08,00:15,12009,"Mon,Tue,Wed,Thu,Fri,Sat",SHATABDI
8,9,AHMEDABAD JN,ADI,00:02,0,12009,"Mon,Tue,Wed,Thu,Fri,Sat",SHATABDI
