,sr_no,station,station_code,avg_arr_delay,avg_dep_delay,train_no,days,type
0,1,CHHATRAPATI SHIVAJI MAHARAJ TERMINUS,CSMT,0,00:03,12051,Daily,JAN SHATABDI
1,2,DADAR,DR,00:11,00:12,12051,Daily,JAN SHATABDI
2,3,THANE,TNA,00:18,00:18,12051,Daily,JAN SHATABDI
3,4,PANVEL,PNVL,00:21,00:23,12051,Daily,JAN SHATABDI
4,5,CHIPLUN,CHI,00:15,00:21,12051,Daily,JAN SHATABDI
5,6,RATNAGIRI,RN,00:33,00:47,12051,Daily,JAN SHATABDI
6,7,KANKAVLI,KKW,01:04,01:06,12051,Daily,JAN SHATABDI
7,8,KUDAL,KUDL,00:58,00:58,12051,Daily,JAN SHATABDI
8,9,SAWANTWADI ROAD,SWV,01:03,01:04,12051,Daily,JAN SHATABDI
9,10,THIVIM,THVM,00:57,00:59,12051,Daily,JAN SHATABDI
10,11,MADGAON JUNCTION,MAO,00:22,0,12051,Daily,JAN SHATABDI
