,sr_no,station,station_code,avg_arr_delay,avg_dep_delay,train_no,days,type
0,1,CHHATRAPATI SHIVAJI MAHARAJ TERMINUS,CSMT,0,00:02,12071,Daily,JAN SHATABDI
1,2,DADAR,DR,00:06,00:06,12071,Daily,JAN SHATABDI
2,3,THANE,TNA,00:11,00:11,12071,Daily,JAN SHATABDI
3,4,KALYAN JN,KYN,00:10,00:11,12071,Daily,JAN SHATABDI
4,5,KASARA,KSRA,00:21,00:27,12071,Daily,JAN SHATABDI
5,6,IGATPURI,IGP,00:21,00:20,12071,Daily,JAN SHATABDI
6,7,NASIK ROAD,NK,00:30,00:32,12071,Daily,JAN SHATABDI
7,8,MANMAD JN,MMR,00:27,00:29,12071,Daily,JAN SHATABDI
8,9,AURANGABAD,AWB,00:24,00:27,12071,Daily,JAN SHATABDI
9,10,JALNA,J,00:16,00:15,12071,Daily,JAN SHATABDI
10,11,PARTUR,PTU,00:22,00:24,12071,Daily,JAN SHATABDI
11,12,SELU,SELU,00:31,00:34,12071,Daily,JAN SHATABDI
12,13,PARBHANI JN,PBN,00:36,00:37,12071,Daily,JAN SHATABDI
13,14,PURNA JN,PAU,00:21,00:26,12071,Daily,JAN SHATABDI
14,15,BASMAT,BMF,00:27,00:28,12071,Daily,JAN SHATABDI
15,16,HINGOLI DECCAN,HNL,00:00,0,12071,Daily,JAN SHATABDI
