,sr_no,station,station_code,avg_arr_delay,avg_dep_delay,train_no,days,type
0,1,LOKMANYATILAK,LTT,0,00:00,12107,"Mon,Wed,Sat",SUPERFAST
1,2,THANE,TNA,00:10,00:09,12107,"Mon,Wed,Sat",SUPERFAST
2,3,KALYAN JN,KYN,00:12,00:12,12107,"Mon,Wed,Sat",SUPERFAST
3,4,NASIK ROAD,NK,00:23,00:22,12107,"Mon,Wed,Sat",SUPERFAST
4,5,BHUSAVAL JN,BSL,00:09,00:13,12107,"Mon,Wed,Sat",SUPERFAST
5,6,BHOPAL,BPL,00:00,00:04,12107,"Mon,Wed,Sat",SUPERFAST
6,7,LALITPUR,LAR,00:23,00:24,12107,"Mon,Wed,Sat",SUPERFAST
7,8,VIRANGANA LAKSHMIBAI JHANSI,VGLJ,00:11,00:13,12107,"Mon,Wed,Sat",SUPERFAST
8,9,ORAI,ORAI,00:29,00:30,12107,"Mon,Wed,Sat",SUPERFAST
9,10,KANPUR CENTRAL,CNB,00:03,00:07,12107,"Mon,Wed,Sat",SUPERFAST
10,11,AISHBAGH,ASH,00:27,00:31,12107,"Mon,Wed,Sat",SUPERFAST
11,12,MOHIBULLAPUR,MBP,00:20,00:23,12107,"Mon,Wed,Sat",SUPERFAST
12,13,SIDHAULI,SD,00:24,00:24,12107,"Mon,Wed,Sat",SUPERFAST
13,14,SITAPUR JN.,STP,00:08,0,12107,"Mon,Wed,Sat",SUPERFAST
