,sr_no,station,station_code,avg_arr_delay,avg_dep_delay,train_no,days,type
0,1,LOKMANYATILAK,LTT,0,00:21,12101,"Mon,Tue,Fri,Sat",SUPERFAST
1,2,KALYAN JN,KYN,00:47,00:50,12101,"Mon,Tue,Fri,Sat",SUPERFAST
2,3,BHUSAVAL JN,BSL,00:51,00:56,12101,"Mon,Tue,Fri,Sat",SUPERFAST
3,4,AKOLA JN.,AK,00:55,00:54,12101,"Mon,Tue,Fri,Sat",SUPERFAST
4,5,BADNERA JN.,BD,00:24,00:30,12101,"Mon,Tue,Fri,Sat",SUPERFAST
5,6,NAGPUR,NGP,00:01,00:09,12101,"Mon,Tue,Fri,Sat",SUPERFAST
6,7,GONDIA JN,G,00:16,00:19,12101,"Mon,Tue,Fri,Sat",SUPERFAST
7,8,RAJ NANDGAON,RJN,00:14,00:14,12101,"Mon,Tue,Fri,Sat",SUPERFAST
8,9,DURG,DURG,00:00,00:01,12101,"Mon,Tue,Fri,Sat",SUPERFAST
9,10,RAIPUR JN,R,00:02,00:02,12101,"Mon,Tue,Fri,Sat",SUPERFAST
10,11,BILASPUR JN.,BSP,00:00,00:01,12101,"Mon,Tue,Fri,Sat",SUPERFAST
11,12,JHARSUGUDA JN,JSG,01:13,01:14,12101,"Mon,Tue,Fri,Sat",SUPERFAST
12,13,ROURKELA,ROU,02:16,02:17,12101,"Mon,Tue,Fri,Sat",SUPERFAST
13,14,CHAKARADHARPUR,CKP,02:59,03:03,12101,"Mon,Tue,Fri,Sat",SUPERFAST
14,15,TATANAGAR JN,TATA,04:58,05:10,12101,"Mon,Tue,Fri,Sat",SUPERFAST
15,16,KHARAGPUR JN,KGP,03:53,03:50,12101,"Mon,Tue,Fri,Sat",SUPERFAST
16,17,SANTRAGACHI JN,SRC,05:00,05:01,12101,"Mon,Tue,Fri,Sat",SUPERFAST
17,18,SHALIMAR,SHM,04:44,0,12101,"Mon,Tue,Fri,Sat",SUPERFAST
