,sr_no,station,station_code,avg_arr_delay,avg_dep_delay,train_no,days,type
0,1,CHHATRAPATI SHIVAJI MAHARAJ TERMINUS,CSMT,0,00:04,12109,Daily,SUPERFAST
1,2,DADAR,DR,00:08,00:09,12109,Daily,SUPERFAST
2,3,KALYAN JN,KYN,00:21,00:21,12109,Daily,SUPERFAST
3,4,KASARA,KSRA,00:22,00:29,12109,Daily,SUPERFAST
4,5,IGATPURI,IGP,00:26,00:26,12109,Daily,SUPERFAST
5,6,DEVLALI,DVL,00:28,00:27,12109,Daily,SUPERFAST
6,7,NASIK ROAD,NK,00:29,00:28,12109,Daily,SUPERFAST
7,8,NIPHAD,NR,00:33,00:33,12109,Daily,SUPERFAST
8,9,LASALGAON,LS,00:34,00:34,12109,Daily,SUPERFAST
9,10,MANMAD JN,MMR,00:20,0,12109,Daily,SUPERFAST
