,sr_no,station,station_code,avg_arr_delay,avg_dep_delay,train_no,days,type
0,1,CHHATRAPATI SHIVAJI MAHARAJ TERMINUS,CSMT,0,00:01,12105,Daily,SUPERFAST
1,2,DADAR,DR,00:08,00:08,12105,Daily,SUPERFAST
2,3,THANE,TNA,00:15,00:15,12105,Daily,SUPERFAST
3,4,KALYAN JN,KYN,00:31,00:32,12105,Daily,SUPERFAST
4,5,NASIK ROAD,NK,00:43,00:44,12105,Daily,SUPERFAST
5,6,MANMAD JN,MMR,00:42,00:43,12105,Daily,SUPERFAST
6,7,CHALISGAON JN,CSN,00:42,00:46,12105,Daily,SUPERFAST
7,8,JALGAON JN,JL,00:47,00:48,12105,Daily,SUPERFAST
8,9,BHUSAVAL JN,BSL,00:35,00:42,12105,Daily,SUPERFAST
9,10,MALKAPUR,MKU,00:47,00:47,12105,Daily,SUPERFAST
10,11,NANDURA,NN,00:48,00:49,12105,Daily,SUPERFAST
11,12,SHEGAON,SEG,00:42,00:43,12105,Daily,SUPERFAST
12,13,AKOLA JN.,AK,00:35,00:34,12105,Daily,SUPERFAST
13,14,MURTAJAPUR JN.,MZR,00:36,00:36,12105,Daily,SUPERFAST
14,15,BADNERA JN.,BD,00:15,00:22,12105,Daily,SUPERFAST
15,16,CHANDUR,CND,00:24,00:23,12105,Daily,SUPERFAST
16,17,DHAMANGAON,DMN,00:21,00:22,12105,Daily,SUPERFAST
17,18,PULGAON JN,PLO,00:25,00:26,12105,Daily,SUPERFAST
18,19,WARDHA JN,WR,00:29,00:29,12105,Daily,SUPERFAST
19,20,AJNI,AJNI,00:23,00:24,12105,Daily,SUPERFAST
20,21,NAGPUR,NGP,00:03,00:11,12105,Daily,SUPERFAST
21,22,KAMPTEE,KP,00:14,00:14,12105,Daily,SUPERFAST
22,23,BHANDARA ROAD,BRD,00:08,00:08,12105,Daily,SUPERFAST
23,24,TUMSAR ROAD,TMR,00:09,00:09,12105,Daily,SUPERFAST
24,25,TIRORA,TRO,00:06,00:08,12105,Daily,SUPERFAST
25,26,GONDIA JN,G,00:01,0,12105,Daily,SUPERFAST
