,sr_no,station,station_code,avg_arr_delay,avg_dep_delay,train_no,days,type
0,1,CHHATRAPATI SHIVAJI MAHARAJ TERMINUS,CSMT,0,00:26,12115,Daily,SUPERFAST
1,2,DADAR,DR,00:26,00:27,12115,Daily,SUPERFAST
2,3,THANE,TNA,00:26,00:26,12115,Daily,SUPERFAST
3,4,KALYAN JN,KYN,00:35,00:37,12115,Daily,SUPERFAST
4,5,PUNE JN,PUNE,01:00,01:03,12115,Daily,SUPERFAST
5,6,DAUND JN,DD,00:59,01:01,12115,Daily,SUPERFAST
6,7,JEUR,JEUR,00:57,00:57,12115,Daily,SUPERFAST
7,8,KURDUVADI JN.,KWV,00:51,00:52,12115,Daily,SUPERFAST
8,9,SOLAPUR JN,SUR,00:33,0,12115,Daily,SUPERFAST
