,sr_no,station,station_code,avg_arr_delay,avg_dep_delay,train_no,days,type
0,1,CHHATRAPATI SHIVAJI MAHARAJ TERMINUS,CSMT,0,00:01,12111,Daily,SUPERFAST
1,2,DADAR,DR,00:06,00:05,12111,Daily,SUPERFAST
2,3,THANE,TNA,00:33,00:33,12111,Daily,SUPERFAST
3,4,KALYAN JN,KYN,00:45,00:45,12111,Daily,SUPERFAST
4,5,NASIK ROAD,NK,00:39,00:38,12111,Daily,SUPERFAST
5,6,JALGAON JN,JL,00:47,00:51,12111,Daily,SUPERFAST
6,7,BHUSAVAL JN,BSL,00:33,00:40,12111,Daily,SUPERFAST
7,8,MALKAPUR,MKU,00:40,00:40,12111,Daily,SUPERFAST
8,9,NANDURA,NN,00:39,00:39,12111,Daily,SUPERFAST
9,10,SHEGAON,SEG,00:34,00:35,12111,Daily,SUPERFAST
10,11,AKOLA JN.,AK,00:28,00:32,12111,Daily,SUPERFAST
11,12,MURTAJAPUR JN.,MZR,00:38,00:38,12111,Daily,SUPERFAST
12,13,BADNERA JN.,BD,00:17,00:18,12111,Daily,SUPERFAST
13,14,AMRAVATI,AMI,00:00,0,12111,Daily,SUPERFAST
