,sr_no,station,station_code,avg_arr_delay,avg_dep_delay,train_no,days,type
0,1,CHHATRAPATI SHIVAJI MAHARAJ TERMINUS,CSMT,0,00:00,12125,Daily,SUPERFAST
1,2,DADAR,DR,00:05,00:06,12125,Daily,SUPERFAST
2,3,THANE,TNA,00:09,00:10,12125,Daily,SUPERFAST
3,4,PANVEL,PNVL,00:12,00:14,12125,Daily,SUPERFAST
4,5,KARJAT,KJT,00:11,00:15,12125,Daily,SUPERFAST
5,6,LONAVALA,LNL,00:18,00:18,12125,Daily,SUPERFAST
6,7,SHIVAJI NAGAR,SVJR,00:29,00:31,12125,Daily,SUPERFAST
7,8,PUNE JN,PUNE,00:28,0,12125,Daily,SUPERFAST
