,sr_no,station,station_code,avg_arr_delay,avg_dep_delay,train_no,days,type
0,1,CHHATRAPATI SHIVAJI MAHARAJ TERMINUS,CSMT,0,00:54,12133,Daily,SUPERFAST
1,2,THANE,TNA,00:19,00:21,12133,Daily,SUPERFAST
2,3,PANVEL,PNVL,01:07,01:09,12133,Daily,SUPERFAST
3,4,RATNAGIRI,RN,01:44,01:59,12133,Daily,SUPERFAST
4,5,KANKAVLI,KKW,02:08,02:08,12133,Daily,SUPERFAST
5,6,KARMALI,KRMI,02:03,02:06,12133,Daily,SUPERFAST
6,7,MADGAON JUNCTION,MAO,01:50,01:55,12133,Daily,SUPERFAST
7,8,KARWAR,KAWR,01:58,01:59,12133,Daily,SUPERFAST
8,9,KUMTA,KT,01:55,01:56,12133,Daily,SUPERFAST
9,10,BHATKAL,BTJL,01:44,01:45,12133,Daily,SUPERFAST
10,11,KUNDAPURA,KUDA,02:00,02:03,12133,Daily,SUPERFAST
11,12,UDUPI,UD,02:05,02:05,12133,Daily,SUPERFAST
12,13,SURATHKAL,SL,01:48,01:48,12133,Daily,SUPERFAST
13,14,MANGALORE JUNCTION,MAJN,01:06,0,12133,Daily,SUPERFAST
