,sr_no,station,station_code,avg_arr_delay,avg_dep_delay,train_no,days,type
0,1,CHHATRAPATI SHIVAJI MAHARAJ TERMINUS,CSMT,0,00:02,12137,Daily,SUPERFAST
1,2,DADAR,DR,00:07,00:07,12137,Daily,SUPERFAST
2,3,KALYAN JN,KYN,00:43,00:45,12137,Daily,SUPERFAST
3,4,KASARA,KSRA,00:35,00:39,12137,Daily,SUPERFAST
4,5,NASIK ROAD,NK,00:50,00:53,12137,Daily,SUPERFAST
5,6,MANMAD JN,MMR,00:43,00:43,12137,Daily,SUPERFAST
6,7,CHALISGAON JN,CSN,00:46,00:46,12137,Daily,SUPERFAST
7,8,JALGAON JN,JL,00:46,00:46,12137,Daily,SUPERFAST
8,9,BHUSAVAL JN,BSL,00:33,00:38,12137,Daily,SUPERFAST
9,10,BURHANPUR,BAU,00:41,00:42,12137,Daily,SUPERFAST
10,11,KHANDWA JUNCTION,KNW,00:11,00:16,12137,Daily,SUPERFAST
11,12,KHIRKIYA,KKN,00:13,00:15,12137,Daily,SUPERFAST
12,13,HARDA,HD,00:25,00:26,12137,Daily,SUPERFAST
13,14,BANAPURA,BPF,00:32,00:33,12137,Daily,SUPERFAST
14,15,ITARSI JN,ET,00:00,00:10,12137,Daily,SUPERFAST
15,16,NARMADAPURAM,NDPM,00:15,00:15,12137,Daily,SUPERFAST
16,17,RANI KAMALAPATI,RKMP,00:14,00:16,12137,Daily,SUPERFAST
17,18,BHOPAL,BPL,00:20,00:21,12137,Daily,SUPERFAST
18,19,VIDISHA,BHS,00:34,00:35,12137,Daily,SUPERFAST
19,20,GANJ BASODA,BAQ,00:43,00:43,12137,Daily,SUPERFAST
20,21,BINA JN,BINA,00:14,00:14,12137,Daily,SUPERFAST
21,22,LALITPUR,LAR,00:22,00:24,12137,Daily,SUPERFAST
22,23,BABINA,BAB,00:30,00:32,12137,Daily,SUPERFAST
23,24,VIRANGANA LAKSHMIBAI JHANSI,VGLJ,00:20,00:22,12137,Daily,SUPERFAST
24,25,DATIA,DAA,00:28,00:29,12137,Daily,SUPERFAST
25,26,DABRA,DBA,00:37,00:40,12137,Daily,SUPERFAST
26,27,GWALIOR,GWL,00:58,01:03,12137,Daily,SUPERFAST
27,28,MORENA,MRA,01:04,01:04,12137,Daily,SUPERFAST
28,29,DHAULPUR,DHO,00:36,00:38,12137,Daily,SUPERFAST
29,30,AGRA CANTT,AGC,00:46,00:46,12137,Daily,SUPERFAST
30,31,RAJA KI MANDI,RKM,00:48,00:48,12137,Daily,SUPERFAST
31,32,MATHURA JN.,MTJ,00:52,00:55,12137,Daily,SUPERFAST
32,33,KOSI KALAN,KSV,01:12,01:12,12137,Daily,SUPERFAST
33,34,FARIDABAD,FDB,00:37,00:39,12137,Daily,SUPERFAST
34,35,HAZRAT NIZAMUDDIN JN,NZM,00:55,00:55,12137,Daily,SUPERFAST
35,36,NEW DELHI,NDLS,00:58,01:04,12137,Daily,SUPERFAST
36,37,DELHI KISHANGNJ,DKZ,01:13,01:12,12137,Daily,SUPERFAST
37,38,SHAKURBASTI,SSB,01:19,01:18,12137,Daily,SUPERFAST
38,39,BAHADURGARH,BGZ,01:22,01:22,12137,Daily,SUPERFAST
39,40,ROHTAK JN,ROK,01:28,01:28,12137,Daily,SUPERFAST
40,41,JIND JN,JIND,01:25,01:25,12137,Daily,SUPERFAST
41,42,NARWANA JN,NRW,01:28,01:28,12137,Daily,SUPERFAST
42,43,TOHANA,TUN,01:29,01:28,12137,Daily,SUPERFAST
43,44,JAKHAL JN,JHL,01:22,01:22,12137,Daily,SUPERFAST
44,45,BARETA,BRZ,01:24,01:24,12137,Daily,SUPERFAST
45,46,BUDHLADA,BLZ,01:25,01:25,12137,Daily,SUPERFAST
46,47,MANSA,MSZ,01:26,01:26,12137,Daily,SUPERFAST
47,48,MAUR,MAUR,01:28,01:29,12137,Daily,SUPERFAST
48,49,BATHINDA,BTI,01:09,01:10,12137,Daily,SUPERFAST
49,50,GONEANA,GNA,01:17,01:16,12137,Daily,SUPERFAST
50,51,GANGSAR JAITU,GJUT,01:17,01:19,12137,Daily,SUPERFAST
51,52,KOT KAPURA,KKP,01:18,01:19,12137,Daily,SUPERFAST
52,53,FARIDKOT,FDK,01:17,01:21,12137,Daily,SUPERFAST
53,54,FIROZPUR CANT,FZR,01:03,0,12137,Daily,SUPERFAST
