,sr_no,station,station_code,avg_arr_delay,avg_dep_delay,train_no,days,type
0,1,CHHATRAPATI SHIVAJI MAHARAJ TERMINUS,CSMT,0,00:01,12139,Daily,SUPERFAST
1,2,DADAR,DR,00:04,00:03,12139,Daily,SUPERFAST
2,3,THANE,TNA,00:10,00:11,12139,Daily,SUPERFAST
3,4,KALYAN JN,KYN,00:10,00:11,12139,Daily,SUPERFAST
4,5,IGATPURI,IGP,00:19,00:19,12139,Daily,SUPERFAST
5,6,DEVLALI,DVL,00:33,00:33,12139,Daily,SUPERFAST
6,7,NASIK ROAD,NK,00:32,00:34,12139,Daily,SUPERFAST
7,8,NIPHAD,NR,00:38,00:39,12139,Daily,SUPERFAST
8,9,LASALGAON,LS,00:37,00:36,12139,Daily,SUPERFAST
9,10,MANMAD JN,MMR,00:40,00:41,12139,Daily,SUPERFAST
10,11,NANDGAON,NGN,00:47,00:47,12139,Daily,SUPERFAST
11,12,CHALISGAON JN,CSN,00:47,00:48,12139,Daily,SUPERFAST
12,13,PACHORA JN,PC,00:53,00:59,12139,Daily,SUPERFAST
13,14,JALGAON JN,JL,01:01,01:02,12139,Daily,SUPERFAST
14,15,BHUSAVAL JN,BSL,00:49,00:54,12139,Daily,SUPERFAST
15,16,MALKAPUR,MKU,00:59,00:59,12139,Daily,SUPERFAST
16,17,NANDURA,NN,00:57,00:59,12139,Daily,SUPERFAST
17,18,SHEGAON,SEG,00:51,00:52,12139,Daily,SUPERFAST
18,19,AKOLA JN.,AK,00:21,00:21,12139,Daily,SUPERFAST
19,20,MURTAJAPUR JN.,MZR,00:19,00:18,12139,Daily,SUPERFAST
20,21,BADNERA JN.,BD,00:10,00:14,12139,Daily,SUPERFAST
21,22,CHANDUR,CND,00:14,00:17,12139,Daily,SUPERFAST
22,23,DHAMANGAON,DMN,00:19,00:19,12139,Daily,SUPERFAST
23,24,PULGAON JN,PLO,00:26,00:27,12139,Daily,SUPERFAST
24,25,WARDHA JN,WR,00:31,00:31,12139,Daily,SUPERFAST
25,26,SINDI,SNI,00:39,00:43,12139,Daily,SUPERFAST
26,27,AJNI,AJNI,00:52,00:52,12139,Daily,SUPERFAST
27,28,NAGPUR,NGP,00:08,0,12139,Daily,SUPERFAST
