,sr_no,station,station_code,avg_arr_delay,avg_dep_delay,train_no,days,type
0,1,LOKMANYATILAK,LTT,0,00:06,12141,Daily,SUPERFAST
1,2,THANE,TNA,00:43,00:48,12141,Daily,SUPERFAST
2,3,KALYAN JN,KYN,00:53,00:55,12141,Daily,SUPERFAST
3,4,NASIK ROAD,NK,01:04,01:05,12141,Daily,SUPERFAST
4,5,MANMAD JN,MMR,01:02,01:03,12141,Daily,SUPERFAST
5,6,JALGAON JN,JL,01:17,01:17,12141,Daily,SUPERFAST
6,7,BHUSAVAL JN,BSL,00:59,01:04,12141,Daily,SUPERFAST
7,8,ITARSI JN,ET,00:30,00:34,12141,Daily,SUPERFAST
8,9,JABALPUR,JBP,00:44,00:48,12141,Daily,SUPERFAST
9,10,SATNA,STA,00:34,00:36,12141,Daily,SUPERFAST
10,11,PRAYAGRAJ CHHEOKI,PCOI,00:34,00:40,12141,Daily,SUPERFAST
11,12,PT.DEEN DAYAL UPADHYAYA JN.,DDU,00:03,00:09,12141,Daily,SUPERFAST
12,13,ZAMANIA,ZNA,00:15,00:15,12141,Daily,SUPERFAST
13,14,BUXAR,BXR,00:17,00:18,12141,Daily,SUPERFAST
14,15,ARA,ARA,00:23,00:22,12141,Daily,SUPERFAST
15,16,DANAPUR,DNR,00:21,00:22,12141,Daily,SUPERFAST
16,17,PATLIPUTRA,PPTA,00:00,0,12141,Daily,SUPERFAST
