,sr_no,station,station_code,avg_arr_delay,avg_dep_delay,train_no,days,type
0,1,LOKMANYATILAK,LTT,0,01:10,12145,Sun,SUPERFAST
1,2,KALYAN JN,KYN,01:45,01:45,12145,Sun,SUPERFAST
2,3,NASIK ROAD,NK,01:38,01:38,12145,Sun,SUPERFAST
3,4,BHUSAVAL JN,BSL,02:00,02:07,12145,Sun,SUPERFAST
4,5,AKOLA JN.,AK,02:02,02:00,12145,Sun,SUPERFAST
5,6,BADNERA JN.,BD,01:39,01:39,12145,Sun,SUPERFAST
6,7,NAGPUR,NGP,00:52,00:55,12145,Sun,SUPERFAST
7,8,GONDIA JN,G,00:53,00:55,12145,Sun,SUPERFAST
8,9,DURG,DURG,00:22,00:22,12145,Sun,SUPERFAST
9,10,RAIPUR JN,R,00:26,00:28,12145,Sun,SUPERFAST
10,11,MAHASAMUND,MSMD,00:33,00:32,12145,Sun,SUPERFAST
11,12,KHARIAR ROAD,KRAR,00:50,00:51,12145,Sun,SUPERFAST
12,13,KANTABANJI,KBJ,00:50,00:50,12145,Sun,SUPERFAST
13,14,TITLAGARH,TIG,00:31,00:40,12145,Sun,SUPERFAST
14,15,BALANGIR,BLGR,00:43,00:45,12145,Sun,SUPERFAST
15,16,BARGARH ROAD,BRGA,00:41,00:43,12145,Sun,SUPERFAST
16,17,SAMBALPUR,SBP,00:00,00:23,12145,Sun,SUPERFAST
17,18,ANGUL,ANGL,00:00,00:00,12145,Sun,SUPERFAST
18,19,TALCHER,TLHR,00:18,00:19,12145,Sun,SUPERFAST
19,20,DHENKANAL,DNKL,00:20,00:19,12145,Sun,SUPERFAST
20,21,CUTTACK,CTC,01:08,01:08,12145,Sun,SUPERFAST
21,22,BHUBANESWAR,BBS,01:11,01:18,12145,Sun,SUPERFAST
22,23,KHURDA ROAD JN,KUR,01:28,01:46,12145,Sun,SUPERFAST
23,24,PURI,PURI,01:57,0,12145,Sun,SUPERFAST
