,sr_no,station,station_code,avg_arr_delay,avg_dep_delay,train_no,days,type
0,1,LOKMANYATILAK,LTT,0,00:56,12143,Sun,SUPERFAST
1,2,NASIK ROAD,NK,00:30,00:30,12143,Sun,SUPERFAST
2,3,MANMAD JN,MMR,00:28,00:36,12143,Sun,SUPERFAST
3,4,BHUSAVAL JN,BSL,00:51,00:54,12143,Sun,SUPERFAST
4,5,KHANDWA JUNCTION,KNW,00:16,00:17,12143,Sun,SUPERFAST
5,6,BHOPAL,BPL,00:00,00:00,12143,Sun,SUPERFAST
6,7,BINA JN,BINA,00:08,00:08,12143,Sun,SUPERFAST
7,8,VIRANGANA LAKSHMIBAI JHANSI,VGLJ,00:12,00:12,12143,Sun,SUPERFAST
8,9,ORAI,ORAI,00:21,00:24,12143,Sun,SUPERFAST
9,10,KANPUR CENTRAL,CNB,00:13,00:14,12143,Sun,SUPERFAST
10,11,LUCKNOW,LKO,00:50,00:52,12143,Sun,SUPERFAST
11,12,NIHALGARH,NHH,00:45,00:46,12143,Sun,SUPERFAST
12,13,MUSAFIR KHANA,MFKA,00:45,00:48,12143,Sun,SUPERFAST
13,14,SULTANPUR,SLN,00:50,0,12143,Sun,SUPERFAST
