,sr_no,station,station_code,avg_arr_delay,avg_dep_delay,train_no,days,type
0,1,LOKMANYATILAK,LTT,0,01:08,12151,"Wed,Thu",SUPERFAST
1,2,KALYAN JN,KYN,01:25,01:29,12151,"Wed,Thu",SUPERFAST
2,3,NASIK ROAD,NK,01:47,01:45,12151,"Wed,Thu",SUPERFAST
3,4,BHUSAVAL JN,BSL,01:30,01:37,12151,"Wed,Thu",SUPERFAST
4,5,AKOLA JN.,AK,01:31,01:31,12151,"Wed,Thu",SUPERFAST
5,6,BADNERA JN.,BD,00:55,00:57,12151,"Wed,Thu",SUPERFAST
6,7,NAGPUR,NGP,00:20,00:20,12151,"Wed,Thu",SUPERFAST
7,8,GONDIA JN,G,00:30,00:31,12151,"Wed,Thu",SUPERFAST
8,9,RAJ NANDGAON,RJN,00:34,00:34,12151,"Wed,Thu",SUPERFAST
9,10,DURG,DURG,00:15,00:16,12151,"Wed,Thu",SUPERFAST
10,11,RAIPUR JN,R,00:19,00:20,12151,"Wed,Thu",SUPERFAST
11,12,BILASPUR JN.,BSP,00:16,00:15,12151,"Wed,Thu",SUPERFAST
12,13,RAIGARH,RIG,01:02,01:05,12151,"Wed,Thu",SUPERFAST
13,14,JHARSUGUDA JN,JSG,01:31,01:32,12151,"Wed,Thu",SUPERFAST
14,15,ROURKELA,ROU,03:51,03:48,12151,"Wed,Thu",SUPERFAST
15,16,CHAKARADHARPUR,CKP,04:16,04:17,12151,"Wed,Thu",SUPERFAST
16,17,PURULIA JN.,PRR,05:18,05:16,12151,"Wed,Thu",SUPERFAST
17,18,ADRA,ADRA,05:28,05:28,12151,"Wed,Thu",SUPERFAST
18,19,BANKURA,BQA,05:36,05:37,12151,"Wed,Thu",SUPERFAST
19,20,MIDNAPORE,MDN,05:35,05:34,12151,"Wed,Thu",SUPERFAST
20,21,KHARAGPUR JN,KGP,05:36,05:33,12151,"Wed,Thu",SUPERFAST
21,22,SHALIMAR,SHM,06:20,0,12151,"Wed,Thu",SUPERFAST
