,sr_no,station,station_code,avg_arr_delay,avg_dep_delay,train_no,days,type
0,1,LOKMANYATILAK,LTT,0,00:00,12153,Thu,SUPERFAST
1,2,THANE,TNA,00:14,00:14,12153,Thu,SUPERFAST
2,3,KALYAN JN,KYN,00:15,00:15,12153,Thu,SUPERFAST
3,4,BHUSAVAL JN,BSL,00:00,00:01,12153,Thu,SUPERFAST
4,5,KHANDWA JUNCTION,KNW,00:00,00:00,12153,Thu,SUPERFAST
5,6,HARDA,HD,00:07,00:07,12153,Thu,SUPERFAST
6,7,ITARSI JN,ET,00:11,00:09,12153,Thu,SUPERFAST
7,8,NARMADAPURAM,NDPM,00:11,00:11,12153,Thu,SUPERFAST
8,9,RANI KAMALAPATI,RKMP,00:01,0,12153,Thu,SUPERFAST
