,sr_no,station,station_code,avg_arr_delay,avg_dep_delay,train_no,days,type
0,1,LOKMANYATILAK,LTT,0,00:34,12165,"Mon,Thu,Fri",SUPERFAST
1,2,THANE,TNA,00:42,00:45,12165,"Mon,Thu,Fri",SUPERFAST
2,3,KALYAN JN,KYN,00:56,00:57,12165,"Mon,Thu,Fri",SUPERFAST
3,4,NASIK ROAD,NK,00:48,00:47,12165,"Mon,Thu,Fri",SUPERFAST
4,5,MANMAD JN,MMR,00:43,00:43,12165,"Mon,Thu,Fri",SUPERFAST
5,6,JALGAON JN,JL,01:10,01:10,12165,"Mon,Thu,Fri",SUPERFAST
6,7,BHUSAVAL JN,BSL,00:59,01:04,12165,"Mon,Thu,Fri",SUPERFAST
7,8,ITARSI JN,ET,00:14,00:20,12165,"Mon,Thu,Fri",SUPERFAST
8,9,JABALPUR,JBP,00:42,00:44,12165,"Mon,Thu,Fri",SUPERFAST
9,10,KATNI,KTE,00:40,00:41,12165,"Mon,Thu,Fri",SUPERFAST
10,11,SATNA,STA,00:40,00:38,12165,"Mon,Thu,Fri",SUPERFAST
11,12,PRAYAGRAJ JN,PRYJ,00:17,00:41,12165,"Mon,Thu,Fri",SUPERFAST
12,13,JANGHAI JN,JNH,00:47,00:48,12165,"Mon,Thu,Fri",SUPERFAST
13,14,BHADOHI,BOY,00:50,00:51,12165,"Mon,Thu,Fri",SUPERFAST
14,15,VARANASI,BSB,00:44,00:53,12165,"Mon,Thu,Fri",SUPERFAST
15,16,MAU JN,MAU,01:02,01:02,12165,"Mon,Thu,Fri",SUPERFAST
16,17,DEORIA SADAR,DEOS,01:39,01:38,12165,"Mon,Thu,Fri",SUPERFAST
17,18,GORAKHPUR JN,GKP,01:39,0,12165,"Mon,Thu,Fri",SUPERFAST
