,sr_no,station,station_code,avg_arr_delay,avg_dep_delay,train_no,days,type
0,1,LOKMANYATILAK,LTT,0,00:01,12161,Fri,SUPERFAST
1,2,THANE,TNA,00:10,00:10,12161,Fri,SUPERFAST
2,3,KALYAN JN,KYN,00:11,00:12,12161,Fri,SUPERFAST
3,4,NASIK ROAD,NK,00:32,00:31,12161,Fri,SUPERFAST
4,5,MANMAD JN,MMR,00:19,00:20,12161,Fri,SUPERFAST
5,6,JALGAON JN,JL,00:47,00:48,12161,Fri,SUPERFAST
6,7,BHUSAVAL JN,BSL,00:27,00:32,12161,Fri,SUPERFAST
7,8,BURHANPUR,BAU,00:30,00:30,12161,Fri,SUPERFAST
8,9,KHANDWA JUNCTION,KNW,00:04,00:03,12161,Fri,SUPERFAST
9,10,HARDA,HD,00:12,00:13,12161,Fri,SUPERFAST
10,11,TIMARNI,TBN,00:16,00:29,12161,Fri,SUPERFAST
11,12,ITARSI JN,ET,00:28,00:28,12161,Fri,SUPERFAST
12,13,RANI KAMALAPATI,RKMP,00:08,00:08,12161,Fri,SUPERFAST
13,14,BINA JN,BINA,00:00,00:00,12161,Fri,SUPERFAST
14,15,VIRANGANA LAKSHMIBAI JHANSI,VGLJ,00:00,00:47,12161,Fri,SUPERFAST
15,16,DABRA,DBA,01:15,01:17,12161,Fri,SUPERFAST
16,17,GWALIOR,GWL,01:53,01:56,12161,Fri,SUPERFAST
17,18,MORENA,MRA,02:33,02:33,12161,Fri,SUPERFAST
18,19,AGRA CANTT,AGC,01:43,0,12161,Fri,SUPERFAST
