,sr_no,station,station_code,avg_arr_delay,avg_dep_delay,train_no,days,type
0,1,LOKMANYATILAK,LTT,0,00:40,12167,Daily,SUPERFAST
1,2,KALYAN JN,KYN,00:58,01:00,12167,Daily,SUPERFAST
2,3,NASIK ROAD,NK,01:00,00:59,12167,Daily,SUPERFAST
3,4,BHUSAVAL JN,BSL,01:01,01:08,12167,Daily,SUPERFAST
4,5,BURHANPUR,BAU,01:19,01:20,12167,Daily,SUPERFAST
5,6,KHANDWA JUNCTION,KNW,00:38,00:50,12167,Daily,SUPERFAST
6,7,ITARSI JN,ET,00:33,00:37,12167,Daily,SUPERFAST
7,8,JABALPUR,JBP,00:43,00:51,12167,Daily,SUPERFAST
8,9,KATNI,KTE,00:51,00:51,12167,Daily,SUPERFAST
9,10,MAIHAR,MYR,01:15,01:16,12167,Daily,SUPERFAST
10,11,SATNA,STA,00:49,00:53,12167,Daily,SUPERFAST
11,12,MANIKPUR JN,MKP,00:27,00:32,12167,Daily,SUPERFAST
12,13,PRAYAGRAJ CHHEOKI,PCOI,00:43,01:13,12167,Daily,SUPERFAST
13,14,VARANASI,BSB,00:15,00:31,12167,Daily,SUPERFAST
14,15,BANARAS,BSBS,00:25,0,12167,Daily,SUPERFAST
