,sr_no,station,station_code,avg_arr_delay,avg_dep_delay,train_no,days,type
0,1,LOKMANYATILAK,LTT,0,00:22,12163,Daily,SUPERFAST
1,2,THANE,TNA,00:23,00:24,12163,Daily,SUPERFAST
2,3,KALYAN JN,KYN,00:24,00:27,12163,Daily,SUPERFAST
3,4,PUNE JN,PUNE,00:41,00:45,12163,Daily,SUPERFAST
4,5,SOLAPUR JN,SUR,00:25,00:30,12163,Daily,SUPERFAST
5,6,KALABURAGI,KLBG,00:33,00:34,12163,Daily,SUPERFAST
6,7,WADI,WADI,00:12,00:22,12163,Daily,SUPERFAST
7,8,YADGIR,YG,00:19,00:20,12163,Daily,SUPERFAST
8,9,SAIDAPUR,SADP,00:20,00:21,12163,Daily,SUPERFAST
9,10,RAICHUR,RC,00:16,00:20,12163,Daily,SUPERFAST
10,11,MANTHRALAYAM RD,MALM,00:26,00:27,12163,Daily,SUPERFAST
11,12,ADONI,AD,00:21,00:25,12163,Daily,SUPERFAST
12,13,GUNTAKAL JN,GTL,00:11,00:22,12163,Daily,SUPERFAST
13,14,GOOTY,GY,00:23,00:27,12163,Daily,SUPERFAST
14,15,TADIPATRI,TU,00:29,00:30,12163,Daily,SUPERFAST
15,16,YERRAGUNTLA,YA,00:24,00:25,12163,Daily,SUPERFAST
16,17,CUDDAPAH,HX,00:21,00:24,12163,Daily,SUPERFAST
17,18,RAZAMPETA,RJP,00:19,00:25,12163,Daily,SUPERFAST
18,19,RENIGUNTA JN,RU,00:01,00:18,12163,Daily,SUPERFAST
19,20,PUTTUR,PUT,00:16,00:19,12163,Daily,SUPERFAST
20,21,TIRUTTANI,TRT,00:13,00:17,12163,Daily,SUPERFAST
21,22,ARAKKONAM,AJJ,00:21,00:23,12163,Daily,SUPERFAST
22,23,PERAMBUR,PER,00:22,00:22,12163,Daily,SUPERFAST
23,24,PURATCHI THALAIVAR DR. MGR CTL CHENNAI,MAS,00:00,0,12163,Daily,SUPERFAST
