,sr_no,station,station_code,avg_arr_delay,avg_dep_delay,train_no,days,type
0,1,LOKMANYATILAK,LTT,0,00:01,12171,"Mon,Thu",SUPERFAST
1,2,KALYAN JN,KYN,01:17,01:18,12171,"Mon,Thu",SUPERFAST
2,3,NASIK ROAD,NK,01:24,01:24,12171,"Mon,Thu",SUPERFAST
3,4,BHUSAVAL JN,BSL,01:28,01:34,12171,"Mon,Thu",SUPERFAST
4,5,KHANDWA JUNCTION,KNW,01:18,01:23,12171,"Mon,Thu",SUPERFAST
5,6,BHOPAL,BPL,01:06,01:08,12171,"Mon,Thu",SUPERFAST
6,7,VIRANGANA LAKSHMIBAI JHANSI,VGLJ,01:16,01:19,12171,"Mon,Thu",SUPERFAST
7,8,AGRA CANTT,AGC,01:09,01:14,12171,"Mon,Thu",SUPERFAST
8,9,HAZRAT NIZAMUDDIN JN,NZM,00:55,00:57,12171,"Mon,Thu",SUPERFAST
9,10,MEERUT CITY,MTC,01:23,01:24,12171,"Mon,Thu",SUPERFAST
10,11,TAPRI,TPZ,00:29,00:29,12171,"Mon,Thu",SUPERFAST
11,12,ROORKEE,RK,00:29,00:30,12171,"Mon,Thu",SUPERFAST
12,13,HARIDWAR JN,HW,00:28,0,12171,"Mon,Thu",SUPERFAST
