,sr_no,station,station_code,avg_arr_delay,avg_dep_delay,train_no,days,type
0,1,LOKMANYATILAK,LTT,0,00:22,12173,"Tue,Sun",SUPERFAST
1,2,THANE,TNA,00:27,00:28,12173,"Tue,Sun",SUPERFAST
2,3,KALYAN JN,KYN,00:26,00:28,12173,"Tue,Sun",SUPERFAST
3,4,NASIK ROAD,NK,00:54,00:58,12173,"Tue,Sun",SUPERFAST
4,5,BHUSAVAL JN,BSL,00:25,00:31,12173,"Tue,Sun",SUPERFAST
5,6,BHOPAL,BPL,00:00,00:02,12173,"Tue,Sun",SUPERFAST
6,7,VIRANGANA LAKSHMIBAI JHANSI,VGLJ,00:14,00:16,12173,"Tue,Sun",SUPERFAST
7,8,ORAI,ORAI,00:28,00:31,12173,"Tue,Sun",SUPERFAST
8,9,KANPUR CENTRAL,CNB,00:00,00:03,12173,"Tue,Sun",SUPERFAST
9,10,LUCKNOW,LKO,00:13,00:15,12173,"Tue,Sun",SUPERFAST
10,11,RAE BARELI JN,RBL,01:05,01:06,12173,"Tue,Sun",SUPERFAST
11,12,AMETHI,AME,01:23,01:22,12173,"Tue,Sun",SUPERFAST
12,13,MAA BELHA DEVI DHAM PRATAPGARH JUNCTION,MBDP,00:39,0,12173,"Tue,Sun",SUPERFAST
