,sr_no,station,station_code,avg_arr_delay,avg_dep_delay,train_no,days,type
0,1,CHHATRAPATI SHIVAJI MAHARAJ TERMINUS,CSMT,0,00:06,12188,"Tue,Thu,Sun",GARIB RATH
1,2,DADAR,DR,00:10,00:10,12188,"Tue,Thu,Sun",GARIB RATH
2,3,KALYAN JN,KYN,00:18,00:18,12188,"Tue,Thu,Sun",GARIB RATH
3,4,NASIK ROAD,NK,00:27,00:27,12188,"Tue,Thu,Sun",GARIB RATH
4,5,MANMAD JN,MMR,00:29,00:30,12188,"Tue,Thu,Sun",GARIB RATH
5,6,JALGAON JN,JL,01:01,01:02,12188,"Tue,Thu,Sun",GARIB RATH
6,7,BHUSAVAL JN,BSL,00:55,01:00,12188,"Tue,Thu,Sun",GARIB RATH
7,8,KHANDWA JUNCTION,KNW,00:22,00:28,12188,"Tue,Thu,Sun",GARIB RATH
8,9,HARDA,HD,00:27,00:28,12188,"Tue,Thu,Sun",GARIB RATH
9,10,ITARSI JN,ET,00:20,00:23,12188,"Tue,Thu,Sun",GARIB RATH
10,11,PIPARIYA,PPI,00:26,00:27,12188,"Tue,Thu,Sun",GARIB RATH
11,12,GADARWARA,GAR,00:37,00:37,12188,"Tue,Thu,Sun",GARIB RATH
12,13,NARSINGHPUR,NU,00:39,00:38,12188,"Tue,Thu,Sun",GARIB RATH
13,14,SRIDHAM,SRID,00:23,00:26,12188,"Tue,Thu,Sun",GARIB RATH
14,15,JABALPUR,JBP,00:02,0,12188,"Tue,Thu,Sun",GARIB RATH
