,sr_no,station,station_code,avg_arr_delay,avg_dep_delay,train_no,days,type
0,1,LOKMANYATILAK,LTT,0,00:03,12201,"Mon,Fri",GARIB RATH
1,2,THANE,TNA,00:01,00:01,12201,"Mon,Fri",GARIB RATH
2,3,PANVEL,PNVL,00:01,00:07,12201,"Mon,Fri",GARIB RATH
3,4,RATNAGIRI,RN,00:38,00:39,12201,"Mon,Fri",GARIB RATH
4,5,MADGAON JUNCTION,MAO,00:42,00:47,12201,"Mon,Fri",GARIB RATH
5,6,KARWAR,KAWR,01:05,01:09,12201,"Mon,Fri",GARIB RATH
6,7,ANKOLA,ANKL,01:10,01:10,12201,"Mon,Fri",GARIB RATH
7,8,UDUPI,UD,00:39,00:39,12201,"Mon,Fri",GARIB RATH
8,9,MANGALORE JUNCTION,MAJN,00:21,00:28,12201,"Mon,Fri",GARIB RATH
9,10,KASARAGOD,KGQ,00:28,00:28,12201,"Mon,Fri",GARIB RATH
10,11,KANNUR,CAN,00:21,00:26,12201,"Mon,Fri",GARIB RATH
11,12,KOZHIKKODE,CLT,00:29,00:31,12201,"Mon,Fri",GARIB RATH
12,13,TIRUR,TIR,00:30,00:31,12201,"Mon,Fri",GARIB RATH
13,14,SHORANUR JN,SRR,00:11,00:19,12201,"Mon,Fri",GARIB RATH
14,15,THRISUR,TCR,00:12,00:15,12201,"Mon,Fri",GARIB RATH
15,16,ERNAKULAM TOWN,ERN,00:24,00:26,12201,"Mon,Fri",GARIB RATH
16,17,KOTTAYAM,KTYM,00:12,00:12,12201,"Mon,Fri",GARIB RATH
17,18,CHANGANASSERI,CGY,00:10,00:10,12201,"Mon,Fri",GARIB RATH
18,19,TIRUVALLA,TRVL,00:12,00:12,12201,"Mon,Fri",GARIB RATH
19,20,CHENGANNUR,CNGR,00:12,00:12,12201,"Mon,Fri",GARIB RATH
20,21,KAYANKULAM JN,KYJ,00:07,00:08,12201,"Mon,Fri",GARIB RATH
21,22,KOLLAM JN,QLN,00:10,00:14,12201,"Mon,Fri",GARIB RATH
22,23,KOCHUVELI,KCVL,00:00,0,12201,"Mon,Fri",GARIB RATH
