,sr_no,station,station_code,avg_arr_delay,avg_dep_delay,train_no,days,type
0,1,BANDRA TERMINUS,BDTS,0,00:00,12216,"Tue,Wed,Fri,Sun",GARIB RATH
1,2,BORIVALI,BVI,00:14,00:15,12216,"Tue,Wed,Fri,Sun",GARIB RATH
2,3,SURAT,ST,00:04,00:06,12216,"Tue,Wed,Fri,Sun",GARIB RATH
3,4,BHARUCH JN,BH,00:13,00:13,12216,"Tue,Wed,Fri,Sun",GARIB RATH
4,5,VADODARA JN,BRC,00:19,00:21,12216,"Tue,Wed,Fri,Sun",GARIB RATH
5,6,ANAND JN,ANND,00:26,00:25,12216,"Tue,Wed,Fri,Sun",GARIB RATH
6,7,NADIAD JN,ND,00:24,00:24,12216,"Tue,Wed,Fri,Sun",GARIB RATH
7,8,AHMEDABAD JN,ADI,00:07,00:07,12216,"Tue,Wed,Fri,Sun",GARIB RATH
8,9,GANDHINAGAR CAPITAL,GNC,00:23,00:24,12216,"Tue,Wed,Fri,Sun",GARIB RATH
9,10,PALANPUR JN,PNU,00:00,00:01,12216,"Tue,Wed,Fri,Sun",GARIB RATH
10,11,ABU ROAD,ABR,00:06,00:06,12216,"Tue,Wed,Fri,Sun",GARIB RATH
11,12,FALNA,FA,00:07,00:05,12216,"Tue,Wed,Fri,Sun",GARIB RATH
12,13,AJMER JN,AII,00:00,00:01,12216,"Tue,Wed,Fri,Sun",GARIB RATH
13,14,JAIPUR JN.,JP,00:19,00:18,12216,"Tue,Wed,Fri,Sun",GARIB RATH
14,15,ALWAR,AWR,00:13,00:14,12216,"Tue,Wed,Fri,Sun",GARIB RATH
15,16,KHAIRTHAL,KRH,00:16,00:16,12216,"Tue,Wed,Fri,Sun",GARIB RATH
16,17,REWARI JN.,RE,00:02,00:07,12216,"Tue,Wed,Fri,Sun",GARIB RATH
17,18,GURGAON,GGN,00:05,00:05,12216,"Tue,Wed,Fri,Sun",GARIB RATH
18,19,DELHI CANTT,DEC,00:04,00:04,12216,"Tue,Wed,Fri,Sun",GARIB RATH
19,20,DELHI SARAI ROHILLA,DEE,00:00,0,12216,"Tue,Wed,Fri,Sun",GARIB RATH
