,sr_no,station,station_code,avg_arr_delay,avg_dep_delay,train_no,days,type
0,1,LOKMANYATILAK,LTT,0,00:25,12223,"Tue,Sat",DURONTO EXPRESS
1,2,PANVEL,PNVL,00:30,00:31,12223,"Tue,Sat",DURONTO EXPRESS
2,3,RATNAGIRI,RN,01:15,01:16,12223,"Tue,Sat",DURONTO EXPRESS
3,4,MADGAON JUNCTION,MAO,02:02,02:03,12223,"Tue,Sat",DURONTO EXPRESS
4,5,MANGALORE JUNCTION,MAJN,01:44,01:54,12223,"Tue,Sat",DURONTO EXPRESS
5,6,KOZHIKKODE,CLT,02:29,02:30,12223,"Tue,Sat",DURONTO EXPRESS
6,7,ERNAKULAM JN,ERS,01:33,0,12223,"Tue,Sat",DURONTO EXPRESS
