,sr_no,station,station_code,avg_arr_delay,avg_dep_delay,train_no,days,type
0,1,MUMBAI CENTRAL,MMCT,0,00:00,12239,"Tue,Sun",DURONTO EXPRESS
1,2,VADODARA JN,BRC,00:22,00:20,12239,"Tue,Sun",DURONTO EXPRESS
2,3,RATLAM JN,RTM,00:03,00:04,12239,"Tue,Sun",DURONTO EXPRESS
3,4,KOTA JN,KOTA,00:00,00:00,12239,"Tue,Sun",DURONTO EXPRESS
4,5,SAWAI MADHOPUR,SWM,00:03,00:09,12239,"Tue,Sun",DURONTO EXPRESS
5,6,JAIPUR JN.,JP,00:35,00:38,12239,"Tue,Sun",DURONTO EXPRESS
6,7,RINGAS JN,RGS,00:47,00:47,12239,"Tue,Sun",DURONTO EXPRESS
7,8,SIKAR JN,SIKR,00:22,00:21,12239,"Tue,Sun",DURONTO EXPRESS
8,9,JHUNJHUNU,JJN,00:20,00:21,12239,"Tue,Sun",DURONTO EXPRESS
9,10,LOHARU,LHU,00:00,00:01,12239,"Tue,Sun",DURONTO EXPRESS
10,11,SADULPUR JN,SDLP,00:05,00:20,12239,"Tue,Sun",DURONTO EXPRESS
11,12,HISAR,HSR,00:04,0,12239,"Tue,Sun",DURONTO EXPRESS
