,sr_no,station,station_code,avg_arr_delay,avg_dep_delay,train_no,days,type
0,1,CHHATRAPATI SHIVAJI MAHARAJ TERMINUS,CSMT,0,04:19,12261,"Tue,Wed,Thu,Sun",DURONTO EXPRESS
1,2,KALYAN JN,KYN,03:59,04:01,12261,"Tue,Wed,Thu,Sun",DURONTO EXPRESS
2,3,BHUSAVAL JN,BSL,04:45,04:50,12261,"Tue,Wed,Thu,Sun",DURONTO EXPRESS
3,4,NAGPUR,NGP,05:37,05:41,12261,"Tue,Wed,Thu,Sun",DURONTO EXPRESS
4,5,RAIPUR JN,R,05:25,05:26,12261,"Tue,Wed,Thu,Sun",DURONTO EXPRESS
5,6,BILASPUR JN.,BSP,05:29,05:30,12261,"Tue,Wed,Thu,Sun",DURONTO EXPRESS
6,7,TATANAGAR JN,TATA,04:06,04:05,12261,"Tue,Wed,Thu,Sun",DURONTO EXPRESS
7,8,HOWRAH JN,HWH,11:57,0,12261,"Tue,Wed,Thu,Sun",DURONTO EXPRESS
