,sr_no,station,station_code,avg_arr_delay,avg_dep_delay,train_no,days,type
0,1,CHHATRAPATI SHIVAJI MAHARAJ TERMINUS,CSMT,0,00:43,12322,Daily,SUPERFAST
1,2,DADAR,DR,00:20,00:21,12322,Daily,SUPERFAST
2,3,KALYAN JN,KYN,00:51,00:52,12322,Daily,SUPERFAST
3,4,KASARA,KSRA,01:06,01:11,12322,Daily,SUPERFAST
4,5,NASIK ROAD,NK,01:13,01:12,12322,Daily,SUPERFAST
5,6,MANMAD JN,MMR,01:11,01:13,12322,Daily,SUPERFAST
6,7,CHALISGAON JN,CSN,01:14,01:14,12322,Daily,SUPERFAST
7,8,JALGAON JN,JL,01:13,01:14,12322,Daily,SUPERFAST
8,9,BHUSAVAL JN,BSL,01:11,01:18,12322,Daily,SUPERFAST
9,10,BURHANPUR,BAU,01:22,01:22,12322,Daily,SUPERFAST
10,11,KHANDWA JUNCTION,KNW,00:58,01:01,12322,Daily,SUPERFAST
11,12,HARDA,HD,01:01,01:01,12322,Daily,SUPERFAST
12,13,ITARSI JN,ET,00:49,00:53,12322,Daily,SUPERFAST
13,14,PIPARIYA,PPI,00:55,00:55,12322,Daily,SUPERFAST
14,15,GADARWARA,GAR,00:59,01:00,12322,Daily,SUPERFAST
15,16,KARELI,KY,01:03,01:03,12322,Daily,SUPERFAST
16,17,NARSINGHPUR,NU,01:04,01:05,12322,Daily,SUPERFAST
17,18,SRIDHAM,SRID,01:03,01:03,12322,Daily,SUPERFAST
18,19,JABALPUR,JBP,00:42,00:44,12322,Daily,SUPERFAST
19,20,KATNI,KTE,00:59,00:59,12322,Daily,SUPERFAST
20,21,MAIHAR,MYR,01:08,01:09,12322,Daily,SUPERFAST
21,22,SATNA,STA,01:10,01:18,12322,Daily,SUPERFAST
22,23,MANIKPUR JN,MKP,00:44,00:52,12322,Daily,SUPERFAST
23,24,SHANKARGARH,SRJ,00:51,00:53,12322,Daily,SUPERFAST
24,25,PRAYAGRAJ CHHEOKI,PCOI,01:01,01:04,12322,Daily,SUPERFAST
25,26,VINDHYACHAL,BDL,01:15,01:17,12322,Daily,SUPERFAST
26,27,MIRZAPUR,MZP,01:14,01:14,12322,Daily,SUPERFAST
27,28,CHUNAR,CAR,01:06,01:07,12322,Daily,SUPERFAST
28,29,PT.DEEN DAYAL UPADHYAYA JN.,DDU,00:27,00:36,12322,Daily,SUPERFAST
29,30,BHABUA ROAD,BBU,00:30,00:31,12322,Daily,SUPERFAST
30,31,SASARAM,SSM,00:56,01:06,12322,Daily,SUPERFAST
31,32,DEHRI ON SONE,DOS,01:07,01:07,12322,Daily,SUPERFAST
32,33,ANUGRAHA N ROAD,AUBR,01:09,01:09,12322,Daily,SUPERFAST
33,34,GAYA JN,GAYA,00:51,00:58,12322,Daily,SUPERFAST
34,35,KODERMA,KQR,01:04,01:06,12322,Daily,SUPERFAST
35,36,PARSABAD,PSB,00:36,00:36,12322,Daily,SUPERFAST
36,37,HAZARIBAGH RD,HZD,00:40,00:40,12322,Daily,SUPERFAST
37,38,PARASNATH,PNME,01:14,01:14,12322,Daily,SUPERFAST
38,39,NSC BOSE J GOMO,GMO,01:10,01:10,12322,Daily,SUPERFAST
39,40,DHANBAD JN,DHN,00:26,00:43,12322,Daily,SUPERFAST
40,41,BARAKAR,BRR,00:20,00:24,12322,Daily,SUPERFAST
41,42,ASANSOL JN.,ASN,00:09,00:19,12322,Daily,SUPERFAST
42,43,RANIGANJ,RNG,00:21,00:21,12322,Daily,SUPERFAST
43,44,DURGAPUR,DGR,00:27,00:25,12322,Daily,SUPERFAST
44,45,PANAGARH,PAN,00:26,00:25,12322,Daily,SUPERFAST
45,46,BARDHAMAN,BWN,00:18,00:20,12322,Daily,SUPERFAST
46,47,HOWRAH JN,HWH,00:21,0,12322,Daily,SUPERFAST
