,sr_no,station,station_code,avg_arr_delay,avg_dep_delay,train_no,days,type
0,1,LOKMANYATILAK,LTT,0,00:01,12336,"Tue,Sun",SUPERFAST
1,2,KALYAN JN,KYN,00:12,00:13,12336,"Tue,Sun",SUPERFAST
2,3,IGATPURI,IGP,00:05,00:06,12336,"Tue,Sun",SUPERFAST
3,4,NASIK ROAD,NK,00:09,00:08,12336,"Tue,Sun",SUPERFAST
4,5,MANMAD JN,MMR,00:07,00:08,12336,"Tue,Sun",SUPERFAST
5,6,BHUSAVAL JN,BSL,00:01,00:09,12336,"Tue,Sun",SUPERFAST
6,7,BURHANPUR,BAU,00:15,00:15,12336,"Tue,Sun",SUPERFAST
7,8,KHANDWA JUNCTION,KNW,00:01,00:03,12336,"Tue,Sun",SUPERFAST
8,9,HARDA,HD,00:04,00:04,12336,"Tue,Sun",SUPERFAST
9,10,ITARSI JN,ET,00:00,00:01,12336,"Tue,Sun",SUPERFAST
10,11,PIPARIYA,PPI,00:03,00:05,12336,"Tue,Sun",SUPERFAST
11,12,JABALPUR,JBP,00:00,00:06,12336,"Tue,Sun",SUPERFAST
12,13,KATNI,KTE,00:25,00:25,12336,"Tue,Sun",SUPERFAST
13,14,SATNA,STA,00:22,00:22,12336,"Tue,Sun",SUPERFAST
14,15,PRAYAGRAJ CHHEOKI,PCOI,00:09,00:13,12336,"Tue,Sun",SUPERFAST
15,16,MIRZAPUR,MZP,00:00,00:00,12336,"Tue,Sun",SUPERFAST
16,17,PT.DEEN DAYAL UPADHYAYA JN.,DDU,00:00,00:00,12336,"Tue,Sun",SUPERFAST
17,18,DILDARNAGAR JN,DLN,00:00,00:00,12336,"Tue,Sun",SUPERFAST
18,19,BUXAR,BXR,00:00,00:01,12336,"Tue,Sun",SUPERFAST
19,20,DUMRAON,DURE,00:02,00:02,12336,"Tue,Sun",SUPERFAST
20,21,ARA,ARA,00:05,00:05,12336,"Tue,Sun",SUPERFAST
21,22,DANAPUR,DNR,00:13,00:44,12336,"Tue,Sun",SUPERFAST
22,23,PATNA JN,PNBE,00:21,00:29,12336,"Tue,Sun",SUPERFAST
23,24,PATNA SAHEB,PNC,00:41,00:42,12336,"Tue,Sun",SUPERFAST
24,25,FATUHA,FUT,00:48,00:48,12336,"Tue,Sun",SUPERFAST
25,26,KHUSROPUR,KOO,00:50,00:50,12336,"Tue,Sun",SUPERFAST
26,27,BAKHTIYARPUR JN,BKP,00:51,00:52,12336,"Tue,Sun",SUPERFAST
27,28,BARH,BARH,00:56,00:57,12336,"Tue,Sun",SUPERFAST
28,29,MOKAMA,MKA,00:52,00:52,12336,"Tue,Sun",SUPERFAST
29,30,LUCKEESARAI JN,LKR,00:47,00:47,12336,"Tue,Sun",SUPERFAST
30,31,KIUL JN,KIUL,00:15,00:15,12336,"Tue,Sun",SUPERFAST
31,32,KAJRA,KJH,00:21,00:21,12336,"Tue,Sun",SUPERFAST
32,33,ABHAIPUR,AHA,00:22,00:22,12336,"Tue,Sun",SUPERFAST
33,34,JAMALPUR JN,JMP,00:12,00:12,12336,"Tue,Sun",SUPERFAST
34,35,BARIARPUR,BUP,00:14,00:16,12336,"Tue,Sun",SUPERFAST
35,36,SULTANGANJ,SGG,00:05,00:05,12336,"Tue,Sun",SUPERFAST
36,37,BHAGALPUR,BGP,00:01,0,12336,"Tue,Sun",SUPERFAST
