,sr_no,station,station_code,avg_arr_delay,avg_dep_delay,train_no,days,type
0,1,CHHATRAPATI SHIVAJI MAHARAJ TERMINUS,CSMT,0,00:00,12362,Wed,SUPERFAST
1,2,DADAR,DR,00:03,00:03,12362,Wed,SUPERFAST
2,3,KALYAN JN,KYN,00:19,00:19,12362,Wed,SUPERFAST
3,4,MANMAD JN,MMR,00:22,00:24,12362,Wed,SUPERFAST
4,5,BHUSAVAL JN,BSL,00:24,00:27,12362,Wed,SUPERFAST
5,6,KHANDWA JUNCTION,KNW,00:06,00:11,12362,Wed,SUPERFAST
6,7,ITARSI JN,ET,00:00,00:00,12362,Wed,SUPERFAST
7,8,JABALPUR,JBP,00:00,00:00,12362,Wed,SUPERFAST
8,9,KATNI,KTE,00:00,00:00,12362,Wed,SUPERFAST
9,10,SATNA,STA,00:06,00:06,12362,Wed,SUPERFAST
10,11,PRAYAGRAJ CHHEOKI,PCOI,00:23,00:30,12362,Wed,SUPERFAST
11,12,MIRZAPUR,MZP,00:24,00:24,12362,Wed,SUPERFAST
12,13,PT.DEEN DAYAL UPADHYAYA JN.,DDU,00:00,00:02,12362,Wed,SUPERFAST
13,14,BUXAR,BXR,00:08,00:08,12362,Wed,SUPERFAST
14,15,PATNA JN,PNBE,00:28,00:30,12362,Wed,SUPERFAST
15,16,KIUL JN,KIUL,00:19,00:19,12362,Wed,SUPERFAST
16,17,JHAJHA,JAJ,00:00,00:01,12362,Wed,SUPERFAST
17,18,JASIDIH JN.,JSME,00:05,00:06,12362,Wed,SUPERFAST
18,19,MADHUPUR JN.,MDP,00:07,00:08,12362,Wed,SUPERFAST
19,20,CHITTARANJAN,CRJ,00:21,00:21,12362,Wed,SUPERFAST
20,21,ASANSOL JN.,ASN,00:12,0,12362,Wed,SUPERFAST
