,sr_no,station,station_code,avg_arr_delay,avg_dep_delay,train_no,days,type
0,1,BANDRA TERMINUS,BDTS,0,00:00,12471,"Mon,Thu,Fri,Sun",SUPERFAST
1,2,BORIVALI,BVI,00:18,00:20,12471,"Mon,Thu,Fri,Sun",SUPERFAST
2,3,PALGHAR,PLG,00:22,00:21,12471,"Mon,Thu,Fri,Sun",SUPERFAST
3,4,VAPI,VAPI,00:20,00:21,12471,"Mon,Thu,Fri,Sun",SUPERFAST
4,5,SURAT,ST,00:23,00:23,12471,"Mon,Thu,Fri,Sun",SUPERFAST
5,6,BHARUCH JN,BH,00:24,00:24,12471,"Mon,Thu,Fri,Sun",SUPERFAST
6,7,VADODARA JN,BRC,00:27,00:25,12471,"Mon,Thu,Fri,Sun",SUPERFAST
7,8,GODHRA JN,GDA,00:21,00:21,12471,"Mon,Thu,Fri,Sun",SUPERFAST
8,9,DAHOD,DHD,00:36,00:36,12471,"Mon,Thu,Fri,Sun",SUPERFAST
9,10,MEGHNAGAR,MGN,00:36,00:37,12471,"Mon,Thu,Fri,Sun",SUPERFAST
10,11,BAMNIA,BMI,00:39,00:38,12471,"Mon,Thu,Fri,Sun",SUPERFAST
11,12,RATLAM JN,RTM,00:45,00:46,12471,"Mon,Thu,Fri,Sun",SUPERFAST
12,13,NAGDA JN,NAD,00:31,00:29,12471,"Mon,Thu,Fri,Sun",SUPERFAST
13,14,VIKRAMGARH ALOT,VMA,00:37,00:37,12471,"Mon,Thu,Fri,Sun",SUPERFAST
14,15,BHAWANI MANDI,BWM,00:44,00:46,12471,"Mon,Thu,Fri,Sun",SUPERFAST
15,16,KOTA JN,KOTA,00:54,00:55,12471,"Mon,Thu,Fri,Sun",SUPERFAST
16,17,SAWAI MADHOPUR,SWM,01:16,01:18,12471,"Mon,Thu,Fri,Sun",SUPERFAST
17,18,GANGAPUR CITY,GGC,01:27,01:28,12471,"Mon,Thu,Fri,Sun",SUPERFAST
18,19,MATHURA JN.,MTJ,01:19,01:29,12471,"Mon,Thu,Fri,Sun",SUPERFAST
19,20,HAZRAT NIZAMUDDIN JN,NZM,01:53,01:54,12471,"Mon,Thu,Fri,Sun",SUPERFAST
20,21,NEW DELHI,NDLS,01:56,02:07,12471,"Mon,Thu,Fri,Sun",SUPERFAST
21,22,PANIPAT JN,PNP,01:51,01:52,12471,"Mon,Thu,Fri,Sun",SUPERFAST
22,23,AMBALA CANT JN,UMB,01:53,01:56,12471,"Mon,Thu,Fri,Sun",SUPERFAST
23,24,LUDHIANA JN,LDH,02:25,02:45,12471,"Mon,Thu,Fri,Sun",SUPERFAST
24,25,PHAGWARA JN,PGW,05:25,05:24,12471,"Mon,Thu,Fri,Sun",SUPERFAST
25,26,JALANDHAR CANT,JRC,05:26,05:27,12471,"Mon,Thu,Fri,Sun",SUPERFAST
26,27,PATHANKOT CANTT,PTKC,04:38,04:37,12471,"Mon,Thu,Fri,Sun",SUPERFAST
27,28,KATHUA,KTHU,04:38,04:43,12471,"Mon,Thu,Fri,Sun",SUPERFAST
28,29,JAMMUTAVI,JAT,05:01,05:09,12471,"Mon,Thu,Fri,Sun",SUPERFAST
29,30,MARTYR CAPTAIN TUSHAR MAHAJAN,MCTM,04:51,04:55,12471,"Mon,Thu,Fri,Sun",SUPERFAST
30,31,SHRI MATA VAISHNO DEVI KATRA,SVDK,04:39,0,12471,"Mon,Thu,Fri,Sun",SUPERFAST
