,sr_no,station,station_code,avg_arr_delay,avg_dep_delay,train_no,days,type
0,1,BANDRA TERMINUS,BDTS,0,00:00,12480,Daily,SUPERFAST
1,2,BORIVALI,BVI,00:13,00:17,12480,Daily,SUPERFAST
2,3,VAPI,VAPI,00:11,00:11,12480,Daily,SUPERFAST
3,4,SURAT,ST,00:00,00:01,12480,Daily,SUPERFAST
4,5,VADODARA JN,BRC,00:16,00:18,12480,Daily,SUPERFAST
5,6,AHMEDABAD JN,ADI,00:01,00:07,12480,Daily,SUPERFAST
6,7,MAHESANA JN,MSH,00:16,00:17,12480,Daily,SUPERFAST
7,8,PALANPUR JN,PNU,00:00,00:01,12480,Daily,SUPERFAST
8,9,ABU ROAD,ABR,00:08,00:06,12480,Daily,SUPERFAST
9,10,PINDWARA,PDWA,00:07,00:08,12480,Daily,SUPERFAST
10,11,JAWAI BANDH,JWB,00:08,00:08,12480,Daily,SUPERFAST
11,12,FALNA,FA,00:07,00:07,12480,Daily,SUPERFAST
12,13,RANI,RANI,00:08,00:08,12480,Daily,SUPERFAST
13,14,MARWAR JN,MJ,00:00,00:04,12480,Daily,SUPERFAST
14,15,PALI MARWAR,PMY,00:04,00:05,12480,Daily,SUPERFAST
15,16,LUNI JN,LUNI,00:15,00:19,12480,Daily,SUPERFAST
16,17,JODHPUR JN,JU,00:00,0,12480,Daily,SUPERFAST
