,sr_no,station,station_code,avg_arr_delay,avg_dep_delay,train_no,days,type
0,1,DADAR,DDR,0,00:02,12490,"Wed,Sun",SUPERFAST
1,2,BORIVALI,BVI,00:13,00:13,12490,"Wed,Sun",SUPERFAST
2,3,VAPI,VAPI,00:05,00:05,12490,"Wed,Sun",SUPERFAST
3,4,SURAT,ST,00:00,00:04,12490,"Wed,Sun",SUPERFAST
4,5,VADODARA JN,BRC,00:06,00:07,12490,"Wed,Sun",SUPERFAST
5,6,ANAND JN,ANND,00:03,00:03,12490,"Wed,Sun",SUPERFAST
6,7,NADIAD JN,ND,00:01,00:00,12490,"Wed,Sun",SUPERFAST
7,8,AHMEDABAD JN,ADI,00:00,00:07,12490,"Wed,Sun",SUPERFAST
8,9,MAHESANA JN,MSH,00:09,00:11,12490,"Wed,Sun",SUPERFAST
9,10,PATAN,PTN,00:08,00:10,12490,"Wed,Sun",SUPERFAST
10,11,BHILDI JN.,BLDI,00:00,00:01,12490,"Wed,Sun",SUPERFAST
11,12,DHANERA,DQN,00:23,00:24,12490,"Wed,Sun",SUPERFAST
12,13,RANIWARA,RNV,00:28,00:27,12490,"Wed,Sun",SUPERFAST
13,14,MARWAR BHINMAL,MBNL,00:18,00:18,12490,"Wed,Sun",SUPERFAST
14,15,MODRAN,MON,00:19,00:20,12490,"Wed,Sun",SUPERFAST
15,16,JALOR,JOR,00:21,00:22,12490,"Wed,Sun",SUPERFAST
16,17,MOKALSAR,MKSR,00:22,00:22,12490,"Wed,Sun",SUPERFAST
17,18,SAMDHARI JN,SMR,00:25,00:25,12490,"Wed,Sun",SUPERFAST
18,19,JODHPUR JN,JU,00:25,00:34,12490,"Wed,Sun",SUPERFAST
19,20,MERTA ROAD JN,MTD,00:16,00:14,12490,"Wed,Sun",SUPERFAST
20,21,NAGAUR,NGO,00:10,00:11,12490,"Wed,Sun",SUPERFAST
21,22,BIKANER JN,BKN,00:00,0,12490,"Wed,Sun",SUPERFAST
