,sr_no,station,station_code,avg_arr_delay,avg_dep_delay,train_no,days,type
0,1,LOKMANYATILAK,LTT,0,00:01,12519,Sun,SUPERFAST
1,2,THANE,TNA,00:07,00:08,12519,Sun,SUPERFAST
2,3,KALYAN JN,KYN,00:08,00:08,12519,Sun,SUPERFAST
3,4,NASIK ROAD,NK,00:07,00:07,12519,Sun,SUPERFAST
4,5,MANMAD JN,MMR,00:09,00:10,12519,Sun,SUPERFAST
5,6,JALGAON JN,JL,00:14,00:14,12519,Sun,SUPERFAST
6,7,BHUSAVAL JN,BSL,00:23,00:28,12519,Sun,SUPERFAST
7,8,KHANDWA JUNCTION,KNW,00:10,00:09,12519,Sun,SUPERFAST
8,9,ITARSI JN,ET,00:01,00:03,12519,Sun,SUPERFAST
9,10,JABALPUR,JBP,00:00,00:06,12519,Sun,SUPERFAST
10,11,KATNI,KTE,00:12,00:11,12519,Sun,SUPERFAST
11,12,SATNA,STA,00:03,00:08,12519,Sun,SUPERFAST
12,13,PRAYAGRAJ CHHEOKI,PCOI,00:14,00:25,12519,Sun,SUPERFAST
13,14,MIRZAPUR,MZP,00:17,00:24,12519,Sun,SUPERFAST
14,15,PT.DEEN DAYAL UPADHYAYA JN.,DDU,00:00,00:01,12519,Sun,SUPERFAST
15,16,DANAPUR,DNR,00:19,00:21,12519,Sun,SUPERFAST
16,17,PATLIPUTRA,PPTA,00:15,00:15,12519,Sun,SUPERFAST
17,18,HAJIPUR JN,HJP,00:24,00:24,12519,Sun,SUPERFAST
18,19,BARAUNI JN,BJU,00:25,00:23,12519,Sun,SUPERFAST
19,20,BEGUSARAI,BGS,00:27,00:28,12519,Sun,SUPERFAST
20,21,KHAGARIA JN.,KGG,00:33,00:34,12519,Sun,SUPERFAST
21,22,NAUGACHIA,NNA,00:45,00:46,12519,Sun,SUPERFAST
22,23,KATIHAR JN,KIR,00:02,00:03,12519,Sun,SUPERFAST
23,24,KISHANGANJ,KNE,01:13,01:14,12519,Sun,SUPERFAST
24,25,NEW JALPAIGURI,NJP,00:46,01:00,12519,Sun,SUPERFAST
25,26,NEW COOCH BEHAR,NCB,00:45,00:50,12519,Sun,SUPERFAST
26,27,NEW BONGAIGAON,NBQ,00:35,00:38,12519,Sun,SUPERFAST
27,28,RANGIYA JN.,RNY,00:28,00:32,12519,Sun,SUPERFAST
28,29,KAMAKHYA,KYQ,00:10,00:46,12519,Sun,SUPERFAST
29,30,GUWAHATI,GHY,00:49,01:00,12519,Sun,SUPERFAST
30,31,CHAPARMUKH JN,CPK,01:22,01:53,12519,Sun,SUPERFAST
31,32,HOJAI,HJI,01:41,01:41,12519,Sun,SUPERFAST
32,33,MANDERDISA,MYD,01:45,02:00,12519,Sun,SUPERFAST
33,34,NEW HAFLONG,NHLG,01:37,01:35,12519,Sun,SUPERFAST
34,35,BADARPUR JN.,BPB,01:01,01:03,12519,Sun,SUPERFAST
35,36,DHARMANAGAR,DMR,00:42,00:42,12519,Sun,SUPERFAST
36,37,AMBASSA,ABSA,00:27,00:31,12519,Sun,SUPERFAST
37,38,AGARTALA,AGTL,00:32,0,12519,Sun,SUPERFAST
