,sr_no,station,station_code,avg_arr_delay,avg_dep_delay,train_no,days,type
0,1,CHHATRAPATI SHIVAJI MAHARAJ TERMINUS,CSMT,0,00:13,12534,Daily,SUPERFAST
1,2,KALYAN JN,KYN,00:26,00:30,12534,Daily,SUPERFAST
2,3,IGATPURI,IGP,00:25,00:26,12534,Daily,SUPERFAST
3,4,NASIK ROAD,NK,00:30,00:30,12534,Daily,SUPERFAST
4,5,MANMAD JN,MMR,00:30,00:31,12534,Daily,SUPERFAST
5,6,BHUSAVAL JN,BSL,00:20,00:24,12534,Daily,SUPERFAST
6,7,KHANDWA JUNCTION,KNW,00:14,00:16,12534,Daily,SUPERFAST
7,8,ITARSI JN,ET,00:26,00:26,12534,Daily,SUPERFAST
8,9,RANI KAMALAPATI,RKMP,00:15,00:17,12534,Daily,SUPERFAST
9,10,BHOPAL,BPL,00:17,00:18,12534,Daily,SUPERFAST
10,11,LALITPUR,LAR,00:25,00:26,12534,Daily,SUPERFAST
11,12,VIRANGANA LAKSHMIBAI JHANSI,VGLJ,00:28,00:30,12534,Daily,SUPERFAST
12,13,ORAI,ORAI,00:37,00:38,12534,Daily,SUPERFAST
13,14,KANPUR CENTRAL,CNB,00:12,00:15,12534,Daily,SUPERFAST
14,15,UNNAO JN,ON,00:25,00:25,12534,Daily,SUPERFAST
15,16,LUCKNOW,LJN,00:00,0,12534,Daily,SUPERFAST
