,sr_no,station,station_code,avg_arr_delay,avg_dep_delay,train_no,days,type
0,1,LOKMANYATILAK,LTT,0,00:21,12546,Sat,SUPERFAST
1,2,KALYAN JN,KYN,00:43,00:45,12546,Sat,SUPERFAST
2,3,MANMAD JN,MMR,00:00,00:09,12546,Sat,SUPERFAST
3,4,BHUSAVAL JN,BSL,00:11,00:18,12546,Sat,SUPERFAST
4,5,KHANDWA JUNCTION,KNW,00:13,00:11,12546,Sat,SUPERFAST
5,6,ITARSI JN,ET,00:00,00:00,12546,Sat,SUPERFAST
6,7,JABALPUR,JBP,00:00,00:09,12546,Sat,SUPERFAST
7,8,KATNI,KTE,00:00,00:00,12546,Sat,SUPERFAST
8,9,SATNA,STA,00:00,00:03,12546,Sat,SUPERFAST
9,10,PRAYAGRAJ CHHEOKI,PCOI,00:10,00:15,12546,Sat,SUPERFAST
10,11,PT.DEEN DAYAL UPADHYAYA JN.,DDU,00:00,00:00,12546,Sat,SUPERFAST
11,12,PATNA JN,PNBE,00:43,00:56,12546,Sat,SUPERFAST
12,13,BARAUNI JN,BJU,01:41,01:40,12546,Sat,SUPERFAST
13,14,SAMASTIPUR JN,SPJ,01:03,01:07,12546,Sat,SUPERFAST
14,15,DARBHANGA JN,DBG,01:06,01:10,12546,Sat,SUPERFAST
15,16,KAMTAUL,KML,01:22,01:22,12546,Sat,SUPERFAST
16,17,JANAKPUR ROAD,JNR,01:27,01:28,12546,Sat,SUPERFAST
17,18,SITAMARHI,SMI,01:36,01:36,12546,Sat,SUPERFAST
18,19,BAIRAGNIA,BGU,01:48,01:48,12546,Sat,SUPERFAST
19,20,RAXAUL JN,RXL,02:00,0,12546,Sat,SUPERFAST
