,sr_no,station,station_code,avg_arr_delay,avg_dep_delay,train_no,days,type
0,1,CHHATRAPATI SHIVAJI MAHARAJ TERMINUS,CSMT,0,01:45,12598,Wed,SUPERFAST
1,2,KALYAN JN,KYN,02:00,02:02,12598,Wed,SUPERFAST
2,3,BHUSAVAL JN,BSL,02:39,02:43,12598,Wed,SUPERFAST
3,4,ITARSI JN,ET,01:31,01:31,12598,Wed,SUPERFAST
4,5,BHOPAL,BPL,01:20,01:24,12598,Wed,SUPERFAST
5,6,VIRANGANA LAKSHMIBAI JHANSI,VGLJ,01:40,01:40,12598,Wed,SUPERFAST
6,7,ORAI,ORAI,02:04,02:07,12598,Wed,SUPERFAST
7,8,KANPUR CENTRAL,CNB,00:49,00:52,12598,Wed,SUPERFAST
8,9,LUCKNOW,LKO,02:21,02:24,12598,Wed,SUPERFAST
9,10,GONDA JN,GD,02:20,02:23,12598,Wed,SUPERFAST
10,11,BASTI,BST,02:49,02:49,12598,Wed,SUPERFAST
11,12,KHALILABAD,KLD,02:46,02:46,12598,Wed,SUPERFAST
12,13,GORAKHPUR JN,GKP,02:21,0,12598,Wed,SUPERFAST
