,sr_no,station,station_code,avg_arr_delay,avg_dep_delay,train_no,days,type
0,1,LOKMANYATILAK,LTT,0,00:03,12619,Daily,SUPERFAST
1,2,THANE,TNA,00:07,00:07,12619,Daily,SUPERFAST
2,3,PANVEL,PNVL,00:12,00:13,12619,Daily,SUPERFAST
3,4,MANGAON,MNI,00:27,00:28,12619,Daily,SUPERFAST
4,5,KHED,KHED,01:10,01:17,12619,Daily,SUPERFAST
5,6,CHIPLUN,CHI,01:21,01:24,12619,Daily,SUPERFAST
6,7,RATNAGIRI,RN,01:38,01:48,12619,Daily,SUPERFAST
7,8,KUDAL,KUDL,02:17,02:19,12619,Daily,SUPERFAST
8,9,MADGAON JUNCTION,MAO,01:39,01:43,12619,Daily,SUPERFAST
9,10,KARWAR,KAWR,01:44,01:45,12619,Daily,SUPERFAST
10,11,ANKOLA,ANKL,01:47,01:48,12619,Daily,SUPERFAST
11,12,GOKARNA ROAD,GOK,01:44,01:44,12619,Daily,SUPERFAST
12,13,KUMTA,KT,01:43,01:43,12619,Daily,SUPERFAST
13,14,HONNAVAR,HNA,01:40,01:44,12619,Daily,SUPERFAST
14,15,MURDESHWAR,MRDW,01:40,01:43,12619,Daily,SUPERFAST
15,16,BHATKAL,BTJL,01:44,01:46,12619,Daily,SUPERFAST
16,17,KUNDAPURA,KUDA,01:33,01:34,12619,Daily,SUPERFAST
17,18,BARKUR,BKJ,01:37,01:37,12619,Daily,SUPERFAST
18,19,UDUPI,UD,01:41,01:42,12619,Daily,SUPERFAST
19,20,MULKI,MULK,01:29,01:29,12619,Daily,SUPERFAST
20,21,SURATHKAL,SL,01:31,01:31,12619,Daily,SUPERFAST
21,22,MANGALORE CENTRAL,MAQ,00:39,0,12619,Daily,SUPERFAST
