,sr_no,station,station_code,avg_arr_delay,avg_dep_delay,train_no,days,type
0,1,CHHATRAPATI SHIVAJI MAHARAJ TERMINUS,CSMT,0,00:16,12701,Daily,SUPERFAST
1,2,KALYAN JN,KYN,00:35,00:36,12701,Daily,SUPERFAST
2,3,PUNE JN,PUNE,00:47,00:53,12701,Daily,SUPERFAST
3,4,KURDUVADI JN.,KWV,00:34,00:36,12701,Daily,SUPERFAST
4,5,SOLAPUR JN,SUR,00:34,00:36,12701,Daily,SUPERFAST
5,6,GANAGAPUR ROAD,GUR,00:41,00:41,12701,Daily,SUPERFAST
6,7,KALABURAGI,KLBG,00:31,00:35,12701,Daily,SUPERFAST
7,8,SHAHABAD,SDB,00:22,00:29,12701,Daily,SUPERFAST
8,9,WADI,WADI,00:00,00:21,12701,Daily,SUPERFAST
9,10,CHITTAPUR,CT,00:24,00:25,12701,Daily,SUPERFAST
10,11,SERAM,SEM,00:31,00:32,12701,Daily,SUPERFAST
11,12,TANDUR,TDU,00:47,00:48,12701,Daily,SUPERFAST
12,13,VIKARABAD JN,VKB,00:38,00:39,12701,Daily,SUPERFAST
13,14,HYDERABAD,HYB,00:13,0,12701,Daily,SUPERFAST
