,sr_no,station,station_code,avg_arr_delay,avg_dep_delay,train_no,days,type
0,1,CHHATRAPATI SHIVAJI MAHARAJ TERMINUS,CSMT,0,00:10,12809,Daily,SUPERFAST
1,2,DADAR,DR,00:36,00:36,12809,Daily,SUPERFAST
2,3,THANE,TNA,00:43,00:44,12809,Daily,SUPERFAST
3,4,KALYAN JN,KYN,00:48,00:50,12809,Daily,SUPERFAST
4,5,KASARA,KSRA,00:57,01:02,12809,Daily,SUPERFAST
5,6,IGATPURI,IGP,01:03,01:06,12809,Daily,SUPERFAST
6,7,NASIK ROAD,NK,01:11,01:12,12809,Daily,SUPERFAST
7,8,MANMAD JN,MMR,01:08,01:11,12809,Daily,SUPERFAST
8,9,CHALISGAON JN,CSN,01:15,01:15,12809,Daily,SUPERFAST
9,10,JALGAON JN,JL,01:29,01:30,12809,Daily,SUPERFAST
10,11,BHUSAVAL JN,BSL,01:09,01:14,12809,Daily,SUPERFAST
11,12,MALKAPUR,MKU,01:24,01:24,12809,Daily,SUPERFAST
12,13,NANDURA,NN,01:23,01:24,12809,Daily,SUPERFAST
13,14,JALAMB JN.,JM,01:23,01:24,12809,Daily,SUPERFAST
14,15,SHEGAON,SEG,01:24,01:25,12809,Daily,SUPERFAST
15,16,AKOLA JN.,AK,01:19,01:18,12809,Daily,SUPERFAST
16,17,MURTAJAPUR JN.,MZR,01:20,01:24,12809,Daily,SUPERFAST
17,18,BADNERA JN.,BD,00:52,00:54,12809,Daily,SUPERFAST
18,19,DHAMANGAON,DMN,00:54,00:55,12809,Daily,SUPERFAST
19,20,PULGAON JN,PLO,00:56,00:57,12809,Daily,SUPERFAST
20,21,WARDHA JN,WR,00:59,01:00,12809,Daily,SUPERFAST
21,22,NAGPUR,NGP,00:44,00:52,12809,Daily,SUPERFAST
22,23,BHANDARA ROAD,BRD,00:44,00:47,12809,Daily,SUPERFAST
23,24,TUMSAR ROAD,TMR,00:43,00:46,12809,Daily,SUPERFAST
24,25,GONDIA JN,G,00:46,00:48,12809,Daily,SUPERFAST
25,26,DONGARGARH,DGG,00:45,00:47,12809,Daily,SUPERFAST
26,27,RAJ NANDGAON,RJN,00:49,00:50,12809,Daily,SUPERFAST
27,28,DURG,DURG,00:34,00:40,12809,Daily,SUPERFAST
28,29,RAIPUR JN,R,00:41,00:41,12809,Daily,SUPERFAST
29,30,BHATAPARA,BYT,00:50,00:50,12809,Daily,SUPERFAST
30,31,BILASPUR JN.,BSP,00:33,00:37,12809,Daily,SUPERFAST
31,32,CHAMPA,CPH,00:40,00:41,12809,Daily,SUPERFAST
32,33,SAKTI,SKT,00:46,00:46,12809,Daily,SUPERFAST
33,34,KHARSIA,KHS,00:46,00:46,12809,Daily,SUPERFAST
34,35,RAIGARH,RIG,00:59,00:59,12809,Daily,SUPERFAST
35,36,BELPAHAR,BPH,01:16,01:16,12809,Daily,SUPERFAST
36,37,BRAJRAJNAGAR,BRJN,01:24,01:24,12809,Daily,SUPERFAST
37,38,JHARSUGUDA JN,JSG,01:46,01:45,12809,Daily,SUPERFAST
38,39,ROURKELA,ROU,02:52,02:53,12809,Daily,SUPERFAST
39,40,CHAKARADHARPUR,CKP,03:15,03:16,12809,Daily,SUPERFAST
40,41,TATANAGAR JN,TATA,05:00,05:06,12809,Daily,SUPERFAST
41,42,KHARAGPUR JN,KGP,05:18,05:20,12809,Daily,SUPERFAST
42,43,SANTRAGACHI JN,SRC,05:58,05:58,12809,Daily,SUPERFAST
43,44,HOWRAH JN,HWH,05:29,0,12809,Daily,SUPERFAST
