,sr_no,station,station_code,avg_arr_delay,avg_dep_delay,train_no,days,type
0,1,LOKMANYATILAK,LTT,0,00:01,12811,"Mon,Sun",SUPERFAST
1,2,THANE,TNA,00:08,00:08,12811,"Mon,Sun",SUPERFAST
2,3,KALYAN JN,KYN,00:13,00:16,12811,"Mon,Sun",SUPERFAST
3,4,NASIK ROAD,NK,00:10,00:10,12811,"Mon,Sun",SUPERFAST
4,5,MANMAD JN,MMR,00:16,00:23,12811,"Mon,Sun",SUPERFAST
5,6,BHUSAVAL JN,BSL,00:21,00:27,12811,"Mon,Sun",SUPERFAST
6,7,AKOLA JN.,AK,00:23,00:22,12811,"Mon,Sun",SUPERFAST
7,8,BADNERA JN.,BD,00:09,00:09,12811,"Mon,Sun",SUPERFAST
8,9,WARDHA JN,WR,00:07,00:08,12811,"Mon,Sun",SUPERFAST
9,10,NAGPUR,NGP,00:00,00:01,12811,"Mon,Sun",SUPERFAST
10,11,GONDIA JN,G,00:12,00:15,12811,"Mon,Sun",SUPERFAST
11,12,DURG,DURG,00:00,00:00,12811,"Mon,Sun",SUPERFAST
12,13,RAIPUR JN,R,00:01,00:08,12811,"Mon,Sun",SUPERFAST
13,14,BILASPUR JN.,BSP,00:00,00:00,12811,"Mon,Sun",SUPERFAST
14,15,RAIGARH,RIG,00:16,00:17,12811,"Mon,Sun",SUPERFAST
15,16,JHARSUGUDA JN,JSG,00:36,00:38,12811,"Mon,Sun",SUPERFAST
16,17,ROURKELA,ROU,01:28,01:28,12811,"Mon,Sun",SUPERFAST
17,18,HATIA,HTE,01:07,0,12811,"Mon,Sun",SUPERFAST
