,sr_no,station,station_code,avg_arr_delay,avg_dep_delay,train_no,days,type
0,1,CHHATRAPATI SHIVAJI MAHARAJ TERMINUS,CSMT,0,00:07,12859,Daily,SUPERFAST
1,2,DADAR,DR,00:19,00:20,12859,Daily,SUPERFAST
2,3,KALYAN JN,KYN,00:23,00:26,12859,Daily,SUPERFAST
3,4,IGATPURI,IGP,00:24,00:26,12859,Daily,SUPERFAST
4,5,NASIK ROAD,NK,00:32,00:31,12859,Daily,SUPERFAST
5,6,JALGAON JN,JL,00:56,00:58,12859,Daily,SUPERFAST
6,7,BHUSAVAL JN,BSL,00:46,00:52,12859,Daily,SUPERFAST
7,8,MALKAPUR,MKU,00:55,00:56,12859,Daily,SUPERFAST
8,9,SHEGAON,SEG,00:54,00:54,12859,Daily,SUPERFAST
9,10,AKOLA JN.,AK,00:49,00:49,12859,Daily,SUPERFAST
10,11,BADNERA JN.,BD,00:37,00:39,12859,Daily,SUPERFAST
11,12,WARDHA JN,WR,00:39,00:40,12859,Daily,SUPERFAST
12,13,NAGPUR,NGP,00:16,00:26,12859,Daily,SUPERFAST
13,14,BHANDARA ROAD,BRD,00:27,00:28,12859,Daily,SUPERFAST
14,15,GONDIA JN,G,00:22,00:25,12859,Daily,SUPERFAST
15,16,RAJ NANDGAON,RJN,00:26,00:27,12859,Daily,SUPERFAST
16,17,DURG,DURG,00:16,00:21,12859,Daily,SUPERFAST
17,18,RAIPUR JN,R,00:23,00:26,12859,Daily,SUPERFAST
18,19,BILASPUR JN.,BSP,00:22,00:30,12859,Daily,SUPERFAST
19,20,RAIGARH,RIG,00:51,00:52,12859,Daily,SUPERFAST
20,21,JHARSUGUDA JN,JSG,01:01,01:01,12859,Daily,SUPERFAST
21,22,ROURKELA,ROU,01:48,01:48,12859,Daily,SUPERFAST
22,23,CHAKARADHARPUR,CKP,02:09,02:11,12859,Daily,SUPERFAST
23,24,TATANAGAR JN,TATA,03:53,03:59,12859,Daily,SUPERFAST
24,25,KHARAGPUR JN,KGP,05:04,05:04,12859,Daily,SUPERFAST
25,26,SANTRAGACHI JN,SRC,05:36,05:37,12859,Daily,SUPERFAST
26,27,HOWRAH JN,HWH,05:06,0,12859,Daily,SUPERFAST
