,sr_no,station,station_code,avg_arr_delay,avg_dep_delay,train_no,days,type
0,1,CHHATRAPATI SHIVAJI MAHARAJ TERMINUS,CSMT,0,00:20,12869,Sun,SUPERFAST
1,2,DADAR,DR,00:23,00:24,12869,Sun,SUPERFAST
2,3,KALYAN JN,KYN,00:49,00:50,12869,Sun,SUPERFAST
3,4,NASIK ROAD,NK,00:37,00:38,12869,Sun,SUPERFAST
4,5,BHUSAVAL JN,BSL,00:31,00:37,12869,Sun,SUPERFAST
5,6,AKOLA JN.,AK,00:42,00:40,12869,Sun,SUPERFAST
6,7,BADNERA JN.,BD,00:15,00:15,12869,Sun,SUPERFAST
7,8,NAGPUR,NGP,00:00,00:01,12869,Sun,SUPERFAST
8,9,GONDIA JN,G,00:00,00:01,12869,Sun,SUPERFAST
9,10,DURG,DURG,00:00,00:00,12869,Sun,SUPERFAST
10,11,RAIPUR JN,R,00:00,00:01,12869,Sun,SUPERFAST
11,12,BILASPUR JN.,BSP,00:00,00:01,12869,Sun,SUPERFAST
12,13,JHARSUGUDA JN,JSG,00:19,00:23,12869,Sun,SUPERFAST
13,14,ROURKELA,ROU,01:07,01:27,12869,Sun,SUPERFAST
14,15,CHAKARADHARPUR,CKP,01:35,01:34,12869,Sun,SUPERFAST
15,16,TATANAGAR JN,TATA,02:37,02:42,12869,Sun,SUPERFAST
16,17,KHARAGPUR JN,KGP,02:38,02:45,12869,Sun,SUPERFAST
17,18,SANTRAGACHI JN,SRC,03:52,03:54,12869,Sun,SUPERFAST
18,19,HOWRAH JN,HWH,04:17,0,12869,Sun,SUPERFAST
