,sr_no,station,station_code,avg_arr_delay,avg_dep_delay,train_no,days,type
0,1,LOKMANYATILAK,LTT,0,00:00,12879,"Wed,Sat",SUPERFAST
1,2,THANE,TNA,00:11,00:11,12879,"Wed,Sat",SUPERFAST
2,3,KALYAN JN,KYN,00:15,00:18,12879,"Wed,Sat",SUPERFAST
3,4,NASIK ROAD,NK,00:13,00:13,12879,"Wed,Sat",SUPERFAST
4,5,MANMAD JN,MMR,00:18,00:20,12879,"Wed,Sat",SUPERFAST
5,6,BHUSAVAL JN,BSL,00:09,00:15,12879,"Wed,Sat",SUPERFAST
6,7,AKOLA JN.,AK,00:10,00:12,12879,"Wed,Sat",SUPERFAST
7,8,NAGPUR,NGP,00:00,00:00,12879,"Wed,Sat",SUPERFAST
8,9,GONDIA JN,G,00:04,00:04,12879,"Wed,Sat",SUPERFAST
9,10,RAIPUR JN,R,00:00,00:08,12879,"Wed,Sat",SUPERFAST
10,11,BILASPUR JN.,BSP,00:10,00:08,12879,"Wed,Sat",SUPERFAST
11,12,CHAMPA,CPH,00:11,00:11,12879,"Wed,Sat",SUPERFAST
12,13,RAIGARH,RIG,00:21,00:25,12879,"Wed,Sat",SUPERFAST
13,14,BELPAHAR,BPH,00:58,00:58,12879,"Wed,Sat",SUPERFAST
14,15,JHARSUGUDA ROAD,JSGR,01:17,01:17,12879,"Wed,Sat",SUPERFAST
15,16,SAMBALPUR CITY,SBPY,00:54,01:01,12879,"Wed,Sat",SUPERFAST
16,17,ANGUL,ANGL,00:25,00:27,12879,"Wed,Sat",SUPERFAST
17,18,TALCHER ROAD,TLHD,00:45,00:46,12879,"Wed,Sat",SUPERFAST
18,19,ANGUL,ANGL,01:13,01:15,12879,"Wed,Sat",SUPERFAST
19,20,TALCHER ROAD,TLHD,01:22,01:23,12879,"Wed,Sat",SUPERFAST
20,21,DHENKANAL,DNKL,00:51,00:52,12879,"Wed,Sat",SUPERFAST
21,22,DHENKANAL,DNKL,01:27,01:27,12879,"Wed,Sat",SUPERFAST
22,23,CUTTACK,CTC,00:43,00:50,12879,"Wed,Sat",SUPERFAST
23,24,CUTTACK,CTC,01:10,01:15,12879,"Wed,Sat",SUPERFAST
24,25,BHUBANESWAR,BBS,01:14,0,12879,"Wed,Sat",SUPERFAST
25,26,BHUBANESWAR,BBS,01:20,0,12879,"Wed,Sat",SUPERFAST
