,sr_no,station,station_code,avg_arr_delay,avg_dep_delay,train_no,days,type
0,1,DADAR,DDR,0,00:08,12901,Daily,SUPERFAST
1,2,BORIVALI,BVI,00:23,00:21,12901,Daily,SUPERFAST
2,3,PALGHAR,PLG,00:20,00:20,12901,Daily,SUPERFAST
3,4,VALSAD,BL,00:26,00:27,12901,Daily,SUPERFAST
4,5,NAVSARI,NVS,00:29,00:29,12901,Daily,SUPERFAST
5,6,SURAT,ST,00:17,00:19,12901,Daily,SUPERFAST
6,7,BHARUCH JN,BH,00:17,00:20,12901,Daily,SUPERFAST
7,8,VADODARA JN,BRC,00:23,00:25,12901,Daily,SUPERFAST
8,9,ANAND JN,ANND,00:28,00:28,12901,Daily,SUPERFAST
9,10,NADIAD JN,ND,00:31,00:31,12901,Daily,SUPERFAST
10,11,MAHEMADAVAD KHEDA ROAD,MHD,00:25,00:24,12901,Daily,SUPERFAST
11,12,AHMEDABAD JN,ADI,00:00,0,12901,Daily,SUPERFAST
