,sr_no,station,station_code,avg_arr_delay,avg_dep_delay,train_no,days,type
0,1,BANDRA TERMINUS,BDTS,0,00:00,12909,"Tue,Thu,Sat",GARIB RATH
1,2,BORIVALI,BVI,00:17,00:17,12909,"Tue,Thu,Sat",GARIB RATH
2,3,SURAT,ST,00:03,00:04,12909,"Tue,Thu,Sat",GARIB RATH
3,4,VADODARA JN,BRC,00:14,00:15,12909,"Tue,Thu,Sat",GARIB RATH
4,5,RATLAM JN,RTM,00:08,00:10,12909,"Tue,Thu,Sat",GARIB RATH
5,6,KOTA JN,KOTA,00:14,00:20,12909,"Tue,Thu,Sat",GARIB RATH
6,7,MATHURA JN.,MTJ,00:00,00:10,12909,"Tue,Thu,Sat",GARIB RATH
7,8,HAZRAT NIZAMUDDIN JN,NZM,00:16,0,12909,"Tue,Thu,Sat",GARIB RATH
