,sr_no,station,station_code,avg_arr_delay,avg_dep_delay,train_no,days,type
0,1,MUMBAI CENTRAL,MMCT,0,00:01,12903,Daily,SUPERFAST
1,2,BORIVALI,BVI,00:16,00:17,12903,Daily,SUPERFAST
2,3,SURAT,ST,00:06,00:09,12903,Daily,SUPERFAST
3,4,VADODARA JN,BRC,00:12,00:11,12903,Daily,SUPERFAST
4,5,GODHRA JN,GDA,00:09,00:10,12903,Daily,SUPERFAST
5,6,DAHOD,DHD,00:15,00:15,12903,Daily,SUPERFAST
6,7,MEGHNAGAR,MGN,00:15,00:17,12903,Daily,SUPERFAST
7,8,RATLAM JN,RTM,00:05,00:10,12903,Daily,SUPERFAST
8,9,NAGDA JN,NAD,00:05,00:06,12903,Daily,SUPERFAST
9,10,SHAMGARH,SGZ,00:09,00:12,12903,Daily,SUPERFAST
10,11,BHAWANI MANDI,BWM,00:12,00:13,12903,Daily,SUPERFAST
11,12,RAMGANJ MANDI,RMA,00:18,00:18,12903,Daily,SUPERFAST
12,13,KOTA JN,KOTA,00:12,00:13,12903,Daily,SUPERFAST
13,14,SAWAI MADHOPUR,SWM,00:24,00:23,12903,Daily,SUPERFAST
14,15,GANGAPUR CITY,GGC,00:20,00:20,12903,Daily,SUPERFAST
15,16,SHRI MAHAVEERJI,SMVJ,00:20,00:20,12903,Daily,SUPERFAST
16,17,HINDAUN CITY,HAN,00:17,00:17,12903,Daily,SUPERFAST
17,18,BAYANA JN,BXN,00:15,00:16,12903,Daily,SUPERFAST
18,19,BHARATPUR JN,BTE,00:09,00:10,12903,Daily,SUPERFAST
19,20,MATHURA JN.,MTJ,00:08,00:14,12903,Daily,SUPERFAST
20,21,FARIDABAD,FDB,00:04,00:06,12903,Daily,SUPERFAST
21,22,HAZRAT NIZAMUDDIN JN,NZM,00:07,00:08,12903,Daily,SUPERFAST
22,23,GHAZIABAD,GZB,00:17,00:18,12903,Daily,SUPERFAST
23,24,MEERUT CITY,MTC,00:28,00:28,12903,Daily,SUPERFAST
24,25,MEERUT CANT,MUT,00:30,00:30,12903,Daily,SUPERFAST
25,26,SAKHOTI TANDA,SKF,00:29,00:29,12903,Daily,SUPERFAST
26,27,MUZAFFARNAGAR,MOZ,00:34,00:34,12903,Daily,SUPERFAST
27,28,SAHARANPUR JN.,SRE,00:10,00:13,12903,Daily,SUPERFAST
28,29,YAMUNANAGAR JAGADHRI,YJUD,00:16,00:17,12903,Daily,SUPERFAST
29,30,AMBALA CANT JN,UMB,00:15,00:20,12903,Daily,SUPERFAST
30,31,LUDHIANA JN,LDH,00:25,00:28,12903,Daily,SUPERFAST
31,32,JALANDHAR CITY,JUC,00:11,00:15,12903,Daily,SUPERFAST
32,33,BEAS,BEAS,00:12,00:13,12903,Daily,SUPERFAST
33,34,AMRITSAR JN,ASR,00:00,0,12903,Daily,SUPERFAST
