,sr_no,station,station_code,avg_arr_delay,avg_dep_delay,train_no,days,type
0,1,MUMBAI CENTRAL,MMCT,0,00:04,12925,Daily,SUPERFAST
1,2,BORIVALI,BVI,00:16,00:18,12925,Daily,SUPERFAST
2,3,DAHANU ROAD,DRD,00:20,00:20,12925,Daily,SUPERFAST
3,4,VAPI,VAPI,00:25,00:26,12925,Daily,SUPERFAST
4,5,VALSAD,BL,00:37,00:37,12925,Daily,SUPERFAST
5,6,NAVSARI,NVS,00:32,00:32,12925,Daily,SUPERFAST
6,7,SURAT,ST,00:02,00:05,12925,Daily,SUPERFAST
7,8,BHARUCH JN,BH,00:10,00:10,12925,Daily,SUPERFAST
8,9,VADODARA JN,BRC,00:08,00:08,12925,Daily,SUPERFAST
9,10,GODHRA JN,GDA,00:01,00:05,12925,Daily,SUPERFAST
10,11,DAHOD,DHD,00:08,00:08,12925,Daily,SUPERFAST
11,12,MEGHNAGAR,MGN,00:07,00:07,12925,Daily,SUPERFAST
12,13,RATLAM JN,RTM,00:02,00:05,12925,Daily,SUPERFAST
13,14,KHACHROD,KUH,00:06,00:08,12925,Daily,SUPERFAST
14,15,NAGDA JN,NAD,00:00,00:00,12925,Daily,SUPERFAST
15,16,SHAMGARH,SGZ,00:00,00:01,12925,Daily,SUPERFAST
16,17,RAMGANJ MANDI,RMA,00:04,00:04,12925,Daily,SUPERFAST
17,18,KOTA JN,KOTA,00:01,00:09,12925,Daily,SUPERFAST
18,19,SAWAI MADHOPUR,SWM,00:20,00:21,12925,Daily,SUPERFAST
19,20,GANGAPUR CITY,GGC,00:02,00:08,12925,Daily,SUPERFAST
20,21,HINDAUN CITY,HAN,00:14,00:15,12925,Daily,SUPERFAST
21,22,BAYANA JN,BXN,00:13,00:17,12925,Daily,SUPERFAST
22,23,BHARATPUR JN,BTE,00:04,00:11,12925,Daily,SUPERFAST
23,24,MATHURA JN.,MTJ,00:00,00:04,12925,Daily,SUPERFAST
24,25,FARIDABAD,FDB,00:00,00:07,12925,Daily,SUPERFAST
25,26,HAZRAT NIZAMUDDIN JN,NZM,00:17,00:17,12925,Daily,SUPERFAST
26,27,NEW DELHI,NDLS,00:11,00:16,12925,Daily,SUPERFAST
27,28,SUBZI MANDI,SZM,00:24,00:24,12925,Daily,SUPERFAST
28,29,SONIPAT,SNP,00:29,00:33,12925,Daily,SUPERFAST
29,30,PANIPAT JN,PNP,00:38,00:40,12925,Daily,SUPERFAST
30,31,KARNAL,KUN,00:42,00:42,12925,Daily,SUPERFAST
31,32,KURUKSHETRA JN,KKDE,00:43,00:43,12925,Daily,SUPERFAST
32,33,AMBALA CANT JN,UMB,00:15,00:14,12925,Daily,SUPERFAST
33,34,CHANDIGARH,CDG,00:13,00:14,12925,Daily,SUPERFAST
34,35,SAHIBZADA AJIT SINGH NAGAR,SASN,00:19,00:19,12925,Daily,SUPERFAST
35,36,LUDHIANA JN,LDH,00:10,00:10,12925,Daily,SUPERFAST
36,37,PHAGWARA JN,PGW,00:13,00:22,12925,Daily,SUPERFAST
37,38,JALANDHAR CANT,JRC,00:24,00:24,12925,Daily,SUPERFAST
38,39,JALANDHAR CITY,JUC,00:24,00:23,12925,Daily,SUPERFAST
39,40,BEAS,BEAS,00:20,00:22,12925,Daily,SUPERFAST
40,41,AMRITSAR JN,ASR,00:16,0,12925,Daily,SUPERFAST
