,sr_no,station,station_code,avg_arr_delay,avg_dep_delay,train_no,days,type
0,1,MUMBAI CENTRAL,MMCT,0,00:00,12921,Daily,SUPERFAST
1,2,ANDHERI,ADH,00:13,00:12,12921,Daily,SUPERFAST
2,3,BORIVALI,BVI,00:15,00:17,12921,Daily,SUPERFAST
3,4,PALGHAR,PLG,00:14,00:14,12921,Daily,SUPERFAST
4,5,DAHANU ROAD,DRD,00:14,00:14,12921,Daily,SUPERFAST
5,6,VAPI,VAPI,00:13,00:13,12921,Daily,SUPERFAST
6,7,VALSAD,BL,00:04,00:05,12921,Daily,SUPERFAST
7,8,BILIMORA JN,BIM,00:06,00:06,12921,Daily,SUPERFAST
8,9,AMALSAD,AML,00:08,00:08,12921,Daily,SUPERFAST
9,10,NAVSARI,NVS,00:04,00:08,12921,Daily,SUPERFAST
10,11,MAROLI,MRL,00:11,00:13,12921,Daily,SUPERFAST
11,12,SACHIN,SCH,00:14,00:15,12921,Daily,SUPERFAST
12,13,UDHNA JN,UDN,00:14,00:19,12921,Daily,SUPERFAST
13,14,SURAT,ST,00:07,0,12921,Daily,SUPERFAST
