,sr_no,station,station_code,avg_arr_delay,avg_dep_delay,train_no,days,type
0,1,BANDRA TERMINUS,BDTS,0,00:01,12935,Daily,SUPERFAST
1,2,ANDHERI,ADH,00:06,00:06,12935,Daily,SUPERFAST
2,3,BORIVALI,BVI,00:13,00:13,12935,Daily,SUPERFAST
3,4,VIRAR,VR,00:10,00:10,12935,Daily,SUPERFAST
4,5,BOISAR,BOR,00:08,00:08,12935,Daily,SUPERFAST
5,6,VAPI,VAPI,00:16,00:16,12935,Daily,SUPERFAST
6,7,VALSAD,BL,00:21,00:20,12935,Daily,SUPERFAST
7,8,BILIMORA JN,BIM,00:19,00:19,12935,Daily,SUPERFAST
8,9,NAVSARI,NVS,00:17,00:16,12935,Daily,SUPERFAST
9,10,UDHNA JN,UDN,00:16,00:00,12935,Daily,SUPERFAST
