,sr_no,station,station_code,avg_arr_delay,avg_dep_delay,train_no,days,type
0,1,MUMBAI CENTRAL,MMCT,0,00:00,12931,"Mon,Tue,Wed,Thu,Fri,Sat",SUPERFAST
1,2,BORIVALI,BVI,00:19,00:19,12931,"Mon,Tue,Wed,Thu,Fri,Sat",SUPERFAST
2,3,VAPI,VAPI,00:09,00:10,12931,"Mon,Tue,Wed,Thu,Fri,Sat",SUPERFAST
3,4,VALSAD,BL,00:10,00:11,12931,"Mon,Tue,Wed,Thu,Fri,Sat",SUPERFAST
4,5,NAVSARI,NVS,00:07,00:07,12931,"Mon,Tue,Wed,Thu,Fri,Sat",SUPERFAST
5,6,SURAT,ST,00:04,00:05,12931,"Mon,Tue,Wed,Thu,Fri,Sat",SUPERFAST
6,7,BHARUCH JN,BH,00:15,00:15,12931,"Mon,Tue,Wed,Thu,Fri,Sat",SUPERFAST
7,8,VADODARA JN,BRC,00:22,00:22,12931,"Mon,Tue,Wed,Thu,Fri,Sat",SUPERFAST
8,9,ANAND JN,ANND,00:17,00:18,12931,"Mon,Tue,Wed,Thu,Fri,Sat",SUPERFAST
9,10,NADIAD JN,ND,00:18,00:21,12931,"Mon,Tue,Wed,Thu,Fri,Sat",SUPERFAST
10,11,AHMEDABAD JN,ADI,00:00,0,12931,"Mon,Tue,Wed,Thu,Fri,Sat",SUPERFAST
