,sr_no,station,station_code,avg_arr_delay,avg_dep_delay,train_no,days,type
0,1,MUMBAI CENTRAL,MMCT,0,00:01,12933,Daily,SUPERFAST
1,2,BORIVALI,BVI,00:17,00:15,12933,Daily,SUPERFAST
2,3,VAPI,VAPI,00:10,00:11,12933,Daily,SUPERFAST
3,4,VALSAD,BL,00:12,00:12,12933,Daily,SUPERFAST
4,5,SURAT,ST,00:07,00:07,12933,Daily,SUPERFAST
5,6,BHARUCH JN,BH,00:18,00:19,12933,Daily,SUPERFAST
6,7,VADODARA JN,BRC,00:20,00:19,12933,Daily,SUPERFAST
7,8,ANAND JN,ANND,00:27,00:27,12933,Daily,SUPERFAST
8,9,NADIAD JN,ND,00:27,00:26,12933,Daily,SUPERFAST
9,10,AHMEDABAD JN,ADI,00:02,0,12933,Daily,SUPERFAST
