,sr_no,station,station_code,avg_arr_delay,avg_dep_delay,train_no,days,type
0,1,MUMBAI CENTRAL,MMCT,0,00:00,12953,Daily,RAJDHANI
1,2,BORIVALI,BVI,00:09,00:10,12953,Daily,RAJDHANI
2,3,VAPI,VAPI,00:04,00:05,12953,Daily,RAJDHANI
3,4,VALSAD,BL,00:06,00:06,12953,Daily,RAJDHANI
4,5,SURAT,ST,00:00,00:01,12953,Daily,RAJDHANI
5,6,BHARUCH JN,BH,00:08,00:08,12953,Daily,RAJDHANI
6,7,VADODARA JN,BRC,00:13,00:13,12953,Daily,RAJDHANI
7,8,RATLAM JN,RTM,00:06,00:08,12953,Daily,RAJDHANI
8,9,KOTA JN,KOTA,00:10,00:12,12953,Daily,RAJDHANI
9,10,SAWAI MADHOPUR,SWM,00:17,00:17,12953,Daily,RAJDHANI
10,11,MATHURA JN.,MTJ,00:05,00:10,12953,Daily,RAJDHANI
11,12,HAZRAT NIZAMUDDIN JN,NZM,00:07,0,12953,Daily,RAJDHANI
