,sr_no,station,station_code,avg_arr_delay,avg_dep_delay,train_no,days,type
0,1,MUMBAI CENTRAL,MMCT,0,00:01,12955,Daily,SUPERFAST
1,2,BORIVALI,BVI,00:17,00:17,12955,Daily,SUPERFAST
2,3,VAPI,VAPI,00:19,00:20,12955,Daily,SUPERFAST
3,4,SURAT,ST,00:04,00:05,12955,Daily,SUPERFAST
4,5,ANKLESHWAR JN,AKV,00:08,00:08,12955,Daily,SUPERFAST
5,6,VADODARA JN,BRC,00:18,00:16,12955,Daily,SUPERFAST
6,7,DAHOD,DHD,00:28,00:28,12955,Daily,SUPERFAST
7,8,MEGHNAGAR,MGN,00:27,00:27,12955,Daily,SUPERFAST
8,9,RATLAM JN,RTM,00:12,00:15,12955,Daily,SUPERFAST
9,10,NAGDA JN,NAD,00:02,00:09,12955,Daily,SUPERFAST
10,11,VIKRAMGARH ALOT,VMA,00:17,00:17,12955,Daily,SUPERFAST
11,12,CHAU MAHLA,CMU,00:17,00:17,12955,Daily,SUPERFAST
12,13,SUWASRA,SVA,00:20,00:20,12955,Daily,SUPERFAST
13,14,SHAMGARH,SGZ,00:22,00:22,12955,Daily,SUPERFAST
14,15,BHAWANI MANDI,BWM,00:22,00:22,12955,Daily,SUPERFAST
15,16,RAMGANJ MANDI,RMA,00:28,00:28,12955,Daily,SUPERFAST
16,17,KOTA JN,KOTA,00:23,00:24,12955,Daily,SUPERFAST
17,18,SAWAI MADHOPUR,SWM,00:12,00:11,12955,Daily,SUPERFAST
18,19,DURGAPURA,DPA,00:11,00:12,12955,Daily,SUPERFAST
19,20,JAIPUR JN.,JP,00:00,0,12955,Daily,SUPERFAST
