,sr_no,station,station_code,avg_arr_delay,avg_dep_delay,train_no,days,type
0,1,BANDRA TERMINUS,BDTS,0,00:00,12959,Sat,SUPERFAST
1,2,BORIVALI,BVI,00:12,00:14,12959,Sat,SUPERFAST
2,3,SURAT,ST,00:01,00:01,12959,Sat,SUPERFAST
3,4,VADODARA JN,BRC,00:08,00:09,12959,Sat,SUPERFAST
4,5,ANAND JN,ANND,00:17,00:17,12959,Sat,SUPERFAST
5,6,NADIAD JN,ND,00:16,00:15,12959,Sat,SUPERFAST
6,7,AHMEDABAD JN,ADI,00:00,00:00,12959,Sat,SUPERFAST
7,8,MAHESANA JN,MSH,00:00,00:00,12959,Sat,SUPERFAST
8,9,PALANPUR JN,PNU,00:00,00:23,12959,Sat,SUPERFAST
9,10,DISA,DISA,00:23,00:22,12959,Sat,SUPERFAST
10,11,BHILDI JN.,BLDI,00:26,00:25,12959,Sat,SUPERFAST
11,12,DIYODAR,DEOR,00:22,00:23,12959,Sat,SUPERFAST
12,13,RADHANPUR,RDHP,00:23,00:24,12959,Sat,SUPERFAST
13,14,ADESAR,AAR,00:31,00:31,12959,Sat,SUPERFAST
14,15,SAMAKHIALI B G,SIOB,02:31,02:41,12959,Sat,SUPERFAST
15,16,BHACHAU BG,BCOB,02:43,02:43,12959,Sat,SUPERFAST
16,17,GANDHIDHAM BG,GIMB,02:25,02:30,12959,Sat,SUPERFAST
17,18,BHUJ,BHUJ,02:22,0,12959,Sat,SUPERFAST
