,sr_no,station,station_code,avg_arr_delay,avg_dep_delay,train_no,days,type
0,1,MUMBAI CENTRAL,MMCT,0,00:01,12961,Daily,SUPERFAST
1,2,BORIVALI,BVI,00:18,00:18,12961,Daily,SUPERFAST
2,3,VAPI,VAPI,00:31,00:32,12961,Daily,SUPERFAST
3,4,VALSAD,BL,00:35,00:36,12961,Daily,SUPERFAST
4,5,NAVSARI,NVS,00:36,00:36,12961,Daily,SUPERFAST
5,6,SURAT,ST,00:15,00:15,12961,Daily,SUPERFAST
6,7,ANKLESHWAR JN,AKV,00:15,00:16,12961,Daily,SUPERFAST
7,8,BHARUCH JN,BH,00:20,00:19,12961,Daily,SUPERFAST
8,9,VADODARA JN,BRC,00:18,00:19,12961,Daily,SUPERFAST
9,10,GODHRA JN,GDA,00:16,00:17,12961,Daily,SUPERFAST
10,11,DAHOD,DHD,00:22,00:24,12961,Daily,SUPERFAST
11,12,MEGHNAGAR,MGN,00:25,00:25,12961,Daily,SUPERFAST
12,13,THANDLA RD,THDR,00:24,00:24,12961,Daily,SUPERFAST
13,14,BAMNIA,BMI,00:16,00:17,12961,Daily,SUPERFAST
14,15,RATLAM JN,RTM,00:18,00:19,12961,Daily,SUPERFAST
15,16,KHACHROD,KUH,00:25,00:25,12961,Daily,SUPERFAST
16,17,NAGDA JN,NAD,00:22,00:22,12961,Daily,SUPERFAST
17,18,UJJAIN JN,UJN,00:13,00:15,12961,Daily,SUPERFAST
18,19,DEWAS,DWX,00:17,00:17,12961,Daily,SUPERFAST
19,20,INDORE JN,INDB,00:00,0,12961,Daily,SUPERFAST
