,sr_no,station,station_code,avg_arr_delay,avg_dep_delay,train_no,days,type
0,1,BANDRA TERMINUS,BDTS,0,00:00,12965,Tue,SUPERFAST
1,2,BORIVALI,BVI,00:27,00:26,12965,Tue,SUPERFAST
2,3,SURAT,ST,00:07,00:08,12965,Tue,SUPERFAST
3,4,VADODARA JN,BRC,00:13,00:14,12965,Tue,SUPERFAST
4,5,ANAND JN,ANND,00:15,00:15,12965,Tue,SUPERFAST
5,6,NADIAD JN,ND,00:14,00:14,12965,Tue,SUPERFAST
6,7,AHMEDABAD JN,ADI,00:03,00:02,12965,Tue,SUPERFAST
7,8,MAHESANA JN,MSH,00:00,00:00,12965,Tue,SUPERFAST
8,9,PALANPUR JN,PNU,00:00,00:26,12965,Tue,SUPERFAST
9,10,DISA,DISA,00:27,00:27,12965,Tue,SUPERFAST
10,11,BHILDI JN.,BLDI,00:29,00:29,12965,Tue,SUPERFAST
11,12,DIYODAR,DEOR,00:28,00:28,12965,Tue,SUPERFAST
12,13,RADHANPUR,RDHP,00:24,00:25,12965,Tue,SUPERFAST
13,14,ADESAR,AAR,00:35,00:36,12965,Tue,SUPERFAST
14,15,SAMAKHIALI B G,SIOB,00:22,00:22,12965,Tue,SUPERFAST
15,16,BHACHAU BG,BCOB,00:24,00:23,12965,Tue,SUPERFAST
16,17,GANDHIDHAM BG,GIMB,00:16,00:37,12965,Tue,SUPERFAST
17,18,BHUJ,BHUJ,00:07,0,12965,Tue,SUPERFAST
