,sr_no,station,station_code,avg_arr_delay,avg_dep_delay,train_no,days,type
0,1,BANDRA TERMINUS,BDTS,0,00:00,12971,Daily,SUPERFAST
1,2,ANDHERI,ADH,00:13,00:14,12971,Daily,SUPERFAST
2,3,BORIVALI,BVI,00:19,00:19,12971,Daily,SUPERFAST
3,4,VAPI,VAPI,00:13,00:14,12971,Daily,SUPERFAST
4,5,VALSAD,BL,00:17,00:17,12971,Daily,SUPERFAST
5,6,NAVSARI,NVS,00:16,00:16,12971,Daily,SUPERFAST
6,7,SURAT,ST,00:04,00:05,12971,Daily,SUPERFAST
7,8,VADODARA JN,BRC,00:13,00:14,12971,Daily,SUPERFAST
8,9,NADIAD JN,ND,00:14,00:13,12971,Daily,SUPERFAST
9,10,AHMEDABAD JN,ADI,00:04,00:09,12971,Daily,SUPERFAST
10,11,VIRAMGAM JN,VG,00:14,00:14,12971,Daily,SUPERFAST
11,12,LIMBDI,LM,00:04,00:06,12971,Daily,SUPERFAST
12,13,RANPUR,RUR,00:07,00:08,12971,Daily,SUPERFAST
13,14,BOTAD JN,BTD,00:10,00:12,12971,Daily,SUPERFAST
14,15,DHOLA JN,DLJ,00:20,00:21,12971,Daily,SUPERFAST
15,16,SONGADH,SGD,00:20,00:20,12971,Daily,SUPERFAST
16,17,SIHOR GUJARAT,SOJN,00:20,00:21,12971,Daily,SUPERFAST
17,18,BHAVANAGAR PARA,BVP,00:19,00:20,12971,Daily,SUPERFAST
18,19,BHAVNAGAR TERMINUS,BVC,00:00,0,12971,Daily,SUPERFAST
