,sr_no,station,station_code,avg_arr_delay,avg_dep_delay,train_no,days,type
0,1,BANDRA TERMINUS,BDTS,0,00:03,12979,"Tue,Thu,Sat",SUPERFAST
1,2,ANDHERI,ADH,00:10,00:11,12979,"Tue,Thu,Sat",SUPERFAST
2,3,BORIVALI,BVI,00:17,00:18,12979,"Tue,Thu,Sat",SUPERFAST
3,4,PALGHAR,PLG,00:08,00:08,12979,"Tue,Thu,Sat",SUPERFAST
4,5,VAPI,VAPI,00:09,00:08,12979,"Tue,Thu,Sat",SUPERFAST
5,6,VALSAD,BL,00:07,00:05,12979,"Tue,Thu,Sat",SUPERFAST
6,7,NAVSARI,NVS,00:06,00:06,12979,"Tue,Thu,Sat",SUPERFAST
7,8,SURAT,ST,00:02,00:02,12979,"Tue,Thu,Sat",SUPERFAST
8,9,VADODARA JN,BRC,00:03,00:03,12979,"Tue,Thu,Sat",SUPERFAST
9,10,GODHRA JN,GDA,00:18,00:18,12979,"Tue,Thu,Sat",SUPERFAST
10,11,DAHOD,DHD,00:21,00:22,12979,"Tue,Thu,Sat",SUPERFAST
11,12,MEGHNAGAR,MGN,00:22,00:21,12979,"Tue,Thu,Sat",SUPERFAST
12,13,RATLAM JN,RTM,00:08,00:08,12979,"Tue,Thu,Sat",SUPERFAST
13,14,NAGDA JN,NAD,00:00,00:00,12979,"Tue,Thu,Sat",SUPERFAST
14,15,KOTA JN,KOTA,00:04,00:08,12979,"Tue,Thu,Sat",SUPERFAST
15,16,SAWAI MADHOPUR,SWM,00:00,00:04,12979,"Tue,Thu,Sat",SUPERFAST
16,17,DURGAPURA,DPA,00:02,00:24,12979,"Tue,Thu,Sat",SUPERFAST
17,18,JAIPUR JN.,JP,00:00,0,12979,"Tue,Thu,Sat",SUPERFAST
