,sr_no,station,station_code,avg_arr_delay,avg_dep_delay,train_no,days,type
0,1,DADAR,DDR,0,00:02,12989,"Mon,Thu,Sat",SUPERFAST
1,2,BORIVALI,BVI,00:14,00:15,12989,"Mon,Thu,Sat",SUPERFAST
2,3,VALSAD,BL,00:09,00:07,12989,"Mon,Thu,Sat",SUPERFAST
3,4,NAVSARI,NVS,00:02,00:03,12989,"Mon,Thu,Sat",SUPERFAST
4,5,SURAT,ST,00:02,00:05,12989,"Mon,Thu,Sat",SUPERFAST
5,6,BHARUCH JN,BH,00:23,00:24,12989,"Mon,Thu,Sat",SUPERFAST
6,7,VADODARA JN,BRC,00:09,00:14,12989,"Mon,Thu,Sat",SUPERFAST
7,8,ANAND JN,ANND,00:06,00:06,12989,"Mon,Thu,Sat",SUPERFAST
8,9,NADIAD JN,ND,00:04,00:04,12989,"Mon,Thu,Sat",SUPERFAST
9,10,AHMEDABAD JN,ADI,00:06,00:07,12989,"Mon,Thu,Sat",SUPERFAST
10,11,MAHESANA JN,MSH,00:12,00:13,12989,"Mon,Thu,Sat",SUPERFAST
11,12,UNJHA,UJA,00:19,00:19,12989,"Mon,Thu,Sat",SUPERFAST
12,13,PALANPUR JN,PNU,00:00,00:00,12989,"Mon,Thu,Sat",SUPERFAST
13,14,ABU ROAD,ABR,00:00,00:01,12989,"Mon,Thu,Sat",SUPERFAST
14,15,PINDWARA,PDWA,00:00,00:00,12989,"Mon,Thu,Sat",SUPERFAST
15,16,JAWAI BANDH,JWB,00:00,00:00,12989,"Mon,Thu,Sat",SUPERFAST
16,17,FALNA,FA,00:00,00:00,12989,"Mon,Thu,Sat",SUPERFAST
17,18,RANI,RANI,00:00,00:00,12989,"Mon,Thu,Sat",SUPERFAST
18,19,MARWAR JN,MJ,00:00,00:00,12989,"Mon,Thu,Sat",SUPERFAST
19,20,SOJAT ROAD,SOD,00:00,00:00,12989,"Mon,Thu,Sat",SUPERFAST
20,21,BEAWAR,BER,00:00,00:00,12989,"Mon,Thu,Sat",SUPERFAST
21,22,AJMER JN,AII,00:00,0,12989,"Mon,Thu,Sat",SUPERFAST
