,sr_no,station,station_code,avg_arr_delay,avg_dep_delay,train_no,days,type
0,1,BANDRA TERMINUS,BDTS,0,00:01,12995,"Wed,Fri,Sun",SUPERFAST
1,2,BORIVALI,BVI,00:02,00:05,12995,"Wed,Fri,Sun",SUPERFAST
2,3,PALGHAR,PLG,00:05,00:05,12995,"Wed,Fri,Sun",SUPERFAST
3,4,VAPI,VAPI,00:00,00:02,12995,"Wed,Fri,Sun",SUPERFAST
4,5,VALSAD,BL,00:03,00:04,12995,"Wed,Fri,Sun",SUPERFAST
5,6,SURAT,ST,00:04,00:05,12995,"Wed,Fri,Sun",SUPERFAST
6,7,BHARUCH JN,BH,00:10,00:10,12995,"Wed,Fri,Sun",SUPERFAST
7,8,VADODARA JN,BRC,00:17,00:19,12995,"Wed,Fri,Sun",SUPERFAST
8,9,GODHRA JN,GDA,00:17,00:17,12995,"Wed,Fri,Sun",SUPERFAST
9,10,DAHOD,DHD,00:25,00:26,12995,"Wed,Fri,Sun",SUPERFAST
10,11,RATLAM JN,RTM,00:15,00:14,12995,"Wed,Fri,Sun",SUPERFAST
11,12,MANDASOR,MDS,00:31,00:29,12995,"Wed,Fri,Sun",SUPERFAST
12,13,NIMACH,NMH,00:09,00:09,12995,"Wed,Fri,Sun",SUPERFAST
13,14,NIMBAHERA,NBH,00:00,00:04,12995,"Wed,Fri,Sun",SUPERFAST
14,15,CHITTAURGARH JN.,COR,00:00,00:00,12995,"Wed,Fri,Sun",SUPERFAST
15,16,BHILWARA,BHL,00:00,00:00,12995,"Wed,Fri,Sun",SUPERFAST
16,17,BIJAINAGAR,BJNR,00:12,00:12,12995,"Wed,Fri,Sun",SUPERFAST
17,18,NASIRABAD,NSD,00:13,00:12,12995,"Wed,Fri,Sun",SUPERFAST
18,19,AJMER JN,AII,00:00,0,12995,"Wed,Fri,Sun",SUPERFAST
