,sr_no,station,station_code,avg_arr_delay,avg_dep_delay,train_no,days,type
0,1,BANDRA TERMINUS,BDTS,0,00:00,12997,Wed,SUPERFAST
1,2,VAPI,VAPI,00:01,00:01,12997,Wed,SUPERFAST
2,3,VALSAD,BL,00:07,00:08,12997,Wed,SUPERFAST
3,4,SURAT,ST,00:03,00:03,12997,Wed,SUPERFAST
4,5,ANKLESHWAR JN,AKV,00:08,00:08,12997,Wed,SUPERFAST
5,6,VADODARA JN,BRC,00:08,00:11,12997,Wed,SUPERFAST
6,7,ANAND JN,ANND,00:25,00:25,12997,Wed,SUPERFAST
7,8,NADIAD JN,ND,00:25,00:25,12997,Wed,SUPERFAST
8,9,AHMEDABAD JN,ADI,00:14,00:13,12997,Wed,SUPERFAST
9,10,MAHESANA JN,MSH,00:06,00:09,12997,Wed,SUPERFAST
10,11,PATAN,PTN,00:07,00:08,12997,Wed,SUPERFAST
11,12,BHILDI JN.,BLDI,00:00,00:00,12997,Wed,SUPERFAST
12,13,RANIWARA,RNV,00:11,00:10,12997,Wed,SUPERFAST
13,14,MARWAR BHINMAL,MBNL,00:08,00:10,12997,Wed,SUPERFAST
14,15,MODRAN,MON,00:10,00:10,12997,Wed,SUPERFAST
15,16,JALOR,JOR,00:15,00:15,12997,Wed,SUPERFAST
16,17,MOKALSAR,MKSR,00:16,00:14,12997,Wed,SUPERFAST
17,18,SAMDHARI JN,SMR,00:00,00:22,12997,Wed,SUPERFAST
18,19,BALOTRA JN.,BLT,00:17,00:13,12997,Wed,SUPERFAST
19,20,BAYTU,BUT,00:16,00:16,12997,Wed,SUPERFAST
20,21,BARMER,BME,00:00,0,12997,Wed,SUPERFAST
