,sr_no,station,station_code,avg_arr_delay,avg_dep_delay,train_no,days,type
0,1,LOKMANYATILAK,LTT,0,00:01,13202,Daily,MAIL EXPRESS
1,2,KALYAN JN,KYN,00:08,00:10,13202,Daily,MAIL EXPRESS
2,3,KASARA,KSRA,00:08,00:14,13202,Daily,MAIL EXPRESS
3,4,DEVLALI,DVL,00:18,00:18,13202,Daily,MAIL EXPRESS
4,5,NASIK ROAD,NK,00:17,00:18,13202,Daily,MAIL EXPRESS
5,6,NIPHAD,NR,00:19,00:19,13202,Daily,MAIL EXPRESS
6,7,MANMAD JN,MMR,00:31,00:36,13202,Daily,MAIL EXPRESS
7,8,NANDGAON,NGN,00:39,00:41,13202,Daily,MAIL EXPRESS
8,9,CHALISGAON JN,CSN,00:41,00:41,13202,Daily,MAIL EXPRESS
9,10,JALGAON JN,JL,00:36,00:37,13202,Daily,MAIL EXPRESS
10,11,BHUSAVAL JN,BSL,00:22,00:29,13202,Daily,MAIL EXPRESS
11,12,RAVER,RV,00:30,00:30,13202,Daily,MAIL EXPRESS
12,13,BURHANPUR,BAU,00:31,00:31,13202,Daily,MAIL EXPRESS
13,14,NEPANAGAR,NPNR,00:29,00:30,13202,Daily,MAIL EXPRESS
14,15,KHANDWA JUNCTION,KNW,00:05,00:06,13202,Daily,MAIL EXPRESS
15,16,TALVADYA,TLV,00:02,00:05,13202,Daily,MAIL EXPRESS
16,17,CHHANERA,CAER,00:05,00:07,13202,Daily,MAIL EXPRESS
17,18,KHIRKIYA,KKN,00:02,00:04,13202,Daily,MAIL EXPRESS
18,19,HARDA,HD,00:17,00:19,13202,Daily,MAIL EXPRESS
19,20,TIMARNI,TBN,00:24,00:28,13202,Daily,MAIL EXPRESS
20,21,BANAPURA,BPF,00:38,00:39,13202,Daily,MAIL EXPRESS
21,22,ITARSI JN,ET,00:00,00:05,13202,Daily,MAIL EXPRESS
22,23,SOHAGPUR,SGP,00:04,00:07,13202,Daily,MAIL EXPRESS
23,24,PIPARIYA,PPI,00:05,00:07,13202,Daily,MAIL EXPRESS
24,25,BANKHEDI,BKH,00:11,00:11,13202,Daily,MAIL EXPRESS
25,26,SALICHAUKA ROAD,SCKR,00:16,00:16,13202,Daily,MAIL EXPRESS
26,27,GADARWARA,GAR,00:21,00:21,13202,Daily,MAIL EXPRESS
27,28,KARELI,KY,00:19,00:19,13202,Daily,MAIL EXPRESS
28,29,NARSINGHPUR,NU,00:21,00:21,13202,Daily,MAIL EXPRESS
29,30,SRIDHAM,SRID,00:21,00:21,13202,Daily,MAIL EXPRESS
30,31,MADAN MAHAL,MML,00:16,00:17,13202,Daily,MAIL EXPRESS
31,32,JABALPUR,JBP,00:20,00:25,13202,Daily,MAIL EXPRESS
32,33,SIHORA ROAD,SHR,00:16,00:17,13202,Daily,MAIL EXPRESS
33,34,KATNI,KTE,00:19,00:21,13202,Daily,MAIL EXPRESS
34,35,MAIHAR,MYR,00:19,00:20,13202,Daily,MAIL EXPRESS
35,36,SATNA,STA,00:00,00:03,13202,Daily,MAIL EXPRESS
36,37,JAITWAR,JTW,00:11,00:11,13202,Daily,MAIL EXPRESS
37,38,MAJHAGAWAN,MJG,00:15,00:16,13202,Daily,MAIL EXPRESS
38,39,MANIKPUR JN,MKP,00:00,00:02,13202,Daily,MAIL EXPRESS
39,40,DABHAURA,DBR,00:03,00:05,13202,Daily,MAIL EXPRESS
40,41,SHANKARGARH,SRJ,00:17,00:18,13202,Daily,MAIL EXPRESS
41,42,PRAYAGRAJ CHHEOKI,PCOI,00:19,00:22,13202,Daily,MAIL EXPRESS
42,43,MANDA ROAD,MNF,00:38,00:39,13202,Daily,MAIL EXPRESS
43,44,VINDHYACHAL,BDL,00:32,00:33,13202,Daily,MAIL EXPRESS
44,45,MIRZAPUR,MZP,00:32,00:31,13202,Daily,MAIL EXPRESS
45,46,CHUNAR,CAR,00:07,00:12,13202,Daily,MAIL EXPRESS
46,47,PT.DEEN DAYAL UPADHYAYA JN.,DDU,00:00,00:01,13202,Daily,MAIL EXPRESS
47,48,ZAMANIA,ZNA,00:03,00:03,13202,Daily,MAIL EXPRESS
48,49,DILDARNAGAR JN,DLN,00:04,00:04,13202,Daily,MAIL EXPRESS
49,50,GAHMAR,GMR,00:11,00:13,13202,Daily,MAIL EXPRESS
50,51,BUXAR,BXR,00:00,00:05,13202,Daily,MAIL EXPRESS
51,52,RAGHUNATHPUR,RPR,00:17,00:18,13202,Daily,MAIL EXPRESS
52,53,BIHIYA,BEA,00:21,00:23,13202,Daily,MAIL EXPRESS
53,54,ARA,ARA,00:23,00:24,13202,Daily,MAIL EXPRESS
54,55,BIHTA,BTA,00:30,00:35,13202,Daily,MAIL EXPRESS
55,56,SADISOPUR,SDE,00:36,00:35,13202,Daily,MAIL EXPRESS
56,57,DANAPUR,DNR,00:42,00:43,13202,Daily,MAIL EXPRESS
57,58,PATNA JN,PNBE,00:00,0,13202,Daily,MAIL EXPRESS
