,sr_no,station,station_code,avg_arr_delay,avg_dep_delay,train_no,days,type
0,1,LOKMANYATILAK,LTT,0,00:02,14313,Mon,MAIL EXPRESS
1,2,KALYAN JN,KYN,00:16,00:16,14313,Mon,MAIL EXPRESS
2,3,NASIK ROAD,NK,00:14,00:13,14313,Mon,MAIL EXPRESS
3,4,MANMAD JN,MMR,00:11,00:11,14313,Mon,MAIL EXPRESS
4,5,JALGAON JN,JL,00:13,00:14,14313,Mon,MAIL EXPRESS
5,6,BHUSAVAL JN,BSL,00:01,00:07,14313,Mon,MAIL EXPRESS
6,7,BURHANPUR,BAU,00:28,00:28,14313,Mon,MAIL EXPRESS
7,8,KHANDWA JUNCTION,KNW,00:12,00:13,14313,Mon,MAIL EXPRESS
8,9,HARDA,HD,00:07,00:08,14313,Mon,MAIL EXPRESS
9,10,ITARSI JN,ET,00:17,00:19,14313,Mon,MAIL EXPRESS
10,11,RANI KAMALAPATI,RKMP,00:07,00:09,14313,Mon,MAIL EXPRESS
11,12,BHOPAL,BPL,00:06,00:13,14313,Mon,MAIL EXPRESS
12,13,BINA JN,BINA,00:01,00:09,14313,Mon,MAIL EXPRESS
13,14,VIRANGANA LAKSHMIBAI JHANSI,VGLJ,00:00,00:01,14313,Mon,MAIL EXPRESS
14,15,GWALIOR,GWL,00:04,00:06,14313,Mon,MAIL EXPRESS
15,16,MORENA,MRA,00:15,00:14,14313,Mon,MAIL EXPRESS
16,17,AGRA CANTT,AGC,00:09,00:25,14313,Mon,MAIL EXPRESS
17,18,AGRA FORT,AF,00:21,00:21,14313,Mon,MAIL EXPRESS
18,19,ETMADPUR,ETUE,00:17,00:17,14313,Mon,MAIL EXPRESS
19,20,ALIGARH JN,ALJN,00:00,00:12,14313,Mon,MAIL EXPRESS
20,21,BABRALA,BBA,00:00,00:01,14313,Mon,MAIL EXPRESS
21,22,CHANDAUSI JN,CH,00:12,00:17,14313,Mon,MAIL EXPRESS
22,23,DABTARA,DUB,00:00,00:02,14313,Mon,MAIL EXPRESS
23,24,AONLA,AO,00:00,00:02,14313,Mon,MAIL EXPRESS
24,25,BAREILLY(NR),BE,00:00,0,14313,Mon,MAIL EXPRESS
