,sr_no,station,station_code,avg_arr_delay,avg_dep_delay,train_no,days,type
0,1,BANDRA TERMINUS,BDTS,0,00:01,14702,Daily,MAIL EXPRESS
1,2,ANDHERI,ADH,00:12,00:10,14702,Daily,MAIL EXPRESS
2,3,BORIVALI,BVI,00:14,00:18,14702,Daily,MAIL EXPRESS
3,4,DAHANU ROAD,DRD,00:11,00:11,14702,Daily,MAIL EXPRESS
4,5,VAPI,VAPI,00:21,00:21,14702,Daily,MAIL EXPRESS
5,6,NAVSARI,NVS,00:17,00:18,14702,Daily,MAIL EXPRESS
6,7,SURAT,ST,00:07,00:08,14702,Daily,MAIL EXPRESS
7,8,BHARUCH JN,BH,00:12,00:12,14702,Daily,MAIL EXPRESS
8,9,VADODARA JN,BRC,00:08,00:09,14702,Daily,MAIL EXPRESS
9,10,ANAND JN,ANND,00:07,00:07,14702,Daily,MAIL EXPRESS
10,11,NADIAD JN,ND,00:07,00:07,14702,Daily,MAIL EXPRESS
11,12,AHMEDABAD JN,ADI,00:00,00:03,14702,Daily,MAIL EXPRESS
12,13,SABARMATI BG,SBIB,00:09,00:10,14702,Daily,MAIL EXPRESS
13,14,KALOL,KLL,00:12,00:12,14702,Daily,MAIL EXPRESS
14,15,MAHESANA JN,MSH,00:11,00:10,14702,Daily,MAIL EXPRESS
15,16,UNJHA,UJA,00:22,00:25,14702,Daily,MAIL EXPRESS
16,17,SIDDHPUR,SID,00:24,00:24,14702,Daily,MAIL EXPRESS
17,18,CHHAPI,CHP,00:21,00:20,14702,Daily,MAIL EXPRESS
18,19,PALANPUR JN,PNU,00:04,00:03,14702,Daily,MAIL EXPRESS
19,20,ABU ROAD,ABR,00:00,00:00,14702,Daily,MAIL EXPRESS
20,21,SWARUPGANJ,SRPJ,00:00,00:00,14702,Daily,MAIL EXPRESS
21,22,PINDWARA,PDWA,00:01,00:01,14702,Daily,MAIL EXPRESS
22,23,NANA,NANA,00:00,00:01,14702,Daily,MAIL EXPRESS
23,24,JAWAI BANDH,JWB,00:00,00:00,14702,Daily,MAIL EXPRESS
24,25,FALNA,FA,00:00,00:00,14702,Daily,MAIL EXPRESS
25,26,RANI,RANI,00:00,00:00,14702,Daily,MAIL EXPRESS
26,27,SOMESAR,SOS,00:01,00:01,14702,Daily,MAIL EXPRESS
27,28,MARWAR JN,MJ,00:00,00:01,14702,Daily,MAIL EXPRESS
28,29,SOJAT ROAD,SOD,00:02,00:03,14702,Daily,MAIL EXPRESS
29,30,BEAWAR,BER,00:02,00:03,14702,Daily,MAIL EXPRESS
30,31,AJMER JN,AII,00:00,00:02,14702,Daily,MAIL EXPRESS
31,32,KISHANGARH,KSG,00:05,00:05,14702,Daily,MAIL EXPRESS
32,33,NARAINA,NRI,00:08,00:07,14702,Daily,MAIL EXPRESS
33,34,PHULERA,FL,00:11,00:17,14702,Daily,MAIL EXPRESS
34,35,ASALPURJOBNER,JOB,00:13,00:17,14702,Daily,MAIL EXPRESS
35,36,JAIPUR JN.,JP,00:00,00:07,14702,Daily,MAIL EXPRESS
36,37,DAHAR KA BALAJI,DKBJ,00:05,00:06,14702,Daily,MAIL EXPRESS
37,38,CHOMUN SAMOD,COM,00:09,00:09,14702,Daily,MAIL EXPRESS
38,39,GOVINDGARH MALIKPUR,GND,00:11,00:11,14702,Daily,MAIL EXPRESS
39,40,RINGAS JN,RGS,00:03,00:11,14702,Daily,MAIL EXPRESS
40,41,PALSANA,PLSN,00:13,00:13,14702,Daily,MAIL EXPRESS
41,42,SIKAR JN,SIKR,00:21,00:28,14702,Daily,MAIL EXPRESS
42,43,LACHHMAN GARH SIKAR,LNH,00:25,00:25,14702,Daily,MAIL EXPRESS
43,44,FATEHPUR-SHEKHAWATI,FPS,00:25,00:24,14702,Daily,MAIL EXPRESS
44,45,BISSAU,BUB,00:08,00:10,14702,Daily,MAIL EXPRESS
45,46,CHURU,CUR,00:00,00:04,14702,Daily,MAIL EXPRESS
46,47,SADULPUR JN,SDLP,00:06,00:05,14702,Daily,MAIL EXPRESS
47,48,TAHSIL BHADRA,TSD,00:15,00:16,14702,Daily,MAIL EXPRESS
48,49,NOHAR,NHR,00:16,00:15,14702,Daily,MAIL EXPRESS
49,50,ELLENABAD,ENB,00:15,00:15,14702,Daily,MAIL EXPRESS
50,51,HANUMANGARHTOWN,HMO,00:15,00:15,14702,Daily,MAIL EXPRESS
51,52,HANUMANGARH JN,HMH,00:00,00:05,14702,Daily,MAIL EXPRESS
52,53,SADULSHAHR,SDS,00:12,00:13,14702,Daily,MAIL EXPRESS
53,54,SHRI GANGANAGAR,SGNR,00:00,0,14702,Daily,MAIL EXPRESS
