,sr_no,station,station_code,avg_arr_delay,avg_dep_delay,train_no,days,type
0,1,DADAR,DDR,0,00:01,14708,Daily,MAIL EXPRESS
1,2,BORIVALI,BVI,00:19,00:17,14708,Daily,MAIL EXPRESS
2,3,PALGHAR,PLG,00:11,00:08,14708,Daily,MAIL EXPRESS
3,4,VAPI,VAPI,00:02,00:02,14708,Daily,MAIL EXPRESS
4,5,VALSAD,BL,00:06,00:04,14708,Daily,MAIL EXPRESS
5,6,NAVSARI,NVS,00:13,00:13,14708,Daily,MAIL EXPRESS
6,7,SURAT,ST,00:00,00:01,14708,Daily,MAIL EXPRESS
7,8,BHARUCH JN,BH,00:13,00:15,14708,Daily,MAIL EXPRESS
8,9,VADODARA JN,BRC,00:16,00:22,14708,Daily,MAIL EXPRESS
9,10,ANAND JN,ANND,00:30,00:30,14708,Daily,MAIL EXPRESS
10,11,NADIAD JN,ND,00:32,00:32,14708,Daily,MAIL EXPRESS
11,12,AHMEDABAD JN,ADI,00:00,00:02,14708,Daily,MAIL EXPRESS
12,13,SABARMATI BG,SBIB,00:10,00:15,14708,Daily,MAIL EXPRESS
13,14,KALOL,KLL,00:12,00:14,14708,Daily,MAIL EXPRESS
14,15,MAHESANA JN,MSH,00:11,00:13,14708,Daily,MAIL EXPRESS
15,16,PALANPUR JN,PNU,00:00,00:01,14708,Daily,MAIL EXPRESS
16,17,ABU ROAD,ABR,00:00,00:00,14708,Daily,MAIL EXPRESS
17,18,PINDWARA,PDWA,00:01,00:02,14708,Daily,MAIL EXPRESS
18,19,JAWAI BANDH,JWB,00:00,00:03,14708,Daily,MAIL EXPRESS
19,20,FALNA,FA,00:01,00:02,14708,Daily,MAIL EXPRESS
20,21,RANI,RANI,00:01,00:01,14708,Daily,MAIL EXPRESS
21,22,SOMESAR,SOS,00:03,00:03,14708,Daily,MAIL EXPRESS
22,23,MARWAR JN,MJ,00:00,00:00,14708,Daily,MAIL EXPRESS
23,24,PALI MARWAR,PMY,00:00,00:00,14708,Daily,MAIL EXPRESS
24,25,LUNI JN,LUNI,00:19,00:22,14708,Daily,MAIL EXPRESS
25,26,JODHPUR JN,JU,00:24,00:26,14708,Daily,MAIL EXPRESS
26,27,RAIKA BAGH,RKB,00:25,00:25,14708,Daily,MAIL EXPRESS
27,28,GOTAN,GOTN,00:27,00:27,14708,Daily,MAIL EXPRESS
28,29,MERTA ROAD JN,MTD,00:27,00:25,14708,Daily,MAIL EXPRESS
29,30,MARWAR MUNDWA,MDW,00:30,00:30,14708,Daily,MAIL EXPRESS
30,31,NAGAUR,NGO,00:31,00:29,14708,Daily,MAIL EXPRESS
31,32,NOKHA,NOK,00:35,00:36,14708,Daily,MAIL EXPRESS
32,33,DESHNOK,DSO,00:31,00:31,14708,Daily,MAIL EXPRESS
33,34,BIKANER JN,BKN,00:00,00:06,14708,Daily,MAIL EXPRESS
34,35,LALGARH JN,LGH,00:00,0,14708,Daily,MAIL EXPRESS
