,sr_no,station,station_code,avg_arr_delay,avg_dep_delay,train_no,days,type
0,1,DADAR,DDR,0,00:02,14808,"Mon,Wed,Sat",MAIL EXPRESS
1,2,BORIVALI,BVI,00:18,00:16,14808,"Mon,Wed,Sat",MAIL EXPRESS
2,3,VAPI,VAPI,00:16,00:17,14808,"Mon,Wed,Sat",MAIL EXPRESS
3,4,SURAT,ST,00:00,00:06,14808,"Mon,Wed,Sat",MAIL EXPRESS
4,5,BHARUCH JN,BH,00:05,00:06,14808,"Mon,Wed,Sat",MAIL EXPRESS
5,6,VADODARA JN,BRC,00:00,00:05,14808,"Mon,Wed,Sat",MAIL EXPRESS
6,7,AHMEDABAD JN,ADI,00:00,00:03,14808,"Mon,Wed,Sat",MAIL EXPRESS
7,8,SABARMATI BG,SBIB,00:08,00:12,14808,"Mon,Wed,Sat",MAIL EXPRESS
8,9,MAHESANA JN,MSH,00:12,00:27,14808,"Mon,Wed,Sat",MAIL EXPRESS
9,10,PATAN,PTN,00:04,00:06,14808,"Mon,Wed,Sat",MAIL EXPRESS
10,11,BHILDI JN.,BLDI,00:00,00:00,14808,"Mon,Wed,Sat",MAIL EXPRESS
11,12,DHANERA,DQN,00:00,00:00,14808,"Mon,Wed,Sat",MAIL EXPRESS
12,13,RANIWARA,RNV,00:05,00:05,14808,"Mon,Wed,Sat",MAIL EXPRESS
13,14,MARWAR BHINMAL,MBNL,00:06,00:13,14808,"Mon,Wed,Sat",MAIL EXPRESS
14,15,MODRAN,MON,00:08,00:08,14808,"Mon,Wed,Sat",MAIL EXPRESS
15,16,JALOR,JOR,00:14,00:13,14808,"Mon,Wed,Sat",MAIL EXPRESS
16,17,MOKALSAR,MKSR,00:17,00:17,14808,"Mon,Wed,Sat",MAIL EXPRESS
17,18,SAMDHARI JN,SMR,00:22,00:22,14808,"Mon,Wed,Sat",MAIL EXPRESS
18,19,BHAGAT KI KOTHI,BGKT,00:07,00:12,14808,"Mon,Wed,Sat",MAIL EXPRESS
19,20,JODHPUR JN,JU,00:02,0,14808,"Mon,Wed,Sat",MAIL EXPRESS
