,sr_no,station,station_code,avg_arr_delay,avg_dep_delay,train_no,days,type
0,1,LOKMANYATILAK,LTT,0,00:16,15017,Daily,MAIL EXPRESS
1,2,THANE,TNA,00:19,00:21,15017,Daily,MAIL EXPRESS
2,3,KALYAN JN,KYN,00:28,00:31,15017,Daily,MAIL EXPRESS
3,4,IGATPURI,IGP,00:41,00:42,15017,Daily,MAIL EXPRESS
4,5,NASIK ROAD,NK,00:38,00:41,15017,Daily,MAIL EXPRESS
5,6,LASALGAON,LS,00:39,00:39,15017,Daily,MAIL EXPRESS
6,7,MANMAD JN,MMR,00:25,00:27,15017,Daily,MAIL EXPRESS
7,8,NANDGAON,NGN,00:33,00:35,15017,Daily,MAIL EXPRESS
8,9,CHALISGAON JN,CSN,00:44,00:44,15017,Daily,MAIL EXPRESS
9,10,PACHORA JN,PC,00:44,00:45,15017,Daily,MAIL EXPRESS
10,11,JALGAON JN,JL,00:48,00:50,15017,Daily,MAIL EXPRESS
11,12,BHUSAVAL JN,BSL,00:31,00:38,15017,Daily,MAIL EXPRESS
12,13,RAVER,RV,01:02,01:07,15017,Daily,MAIL EXPRESS
13,14,BURHANPUR,BAU,01:14,01:14,15017,Daily,MAIL EXPRESS
14,15,NEPANAGAR,NPNR,01:07,01:10,15017,Daily,MAIL EXPRESS
15,16,KHANDWA JUNCTION,KNW,00:40,00:42,15017,Daily,MAIL EXPRESS
16,17,TALVADYA,TLV,00:31,00:46,15017,Daily,MAIL EXPRESS
17,18,CHHANERA,CAER,00:49,00:55,15017,Daily,MAIL EXPRESS
18,19,KHIRKIYA,KKN,00:38,00:38,15017,Daily,MAIL EXPRESS
19,20,HARDA,HD,00:48,00:49,15017,Daily,MAIL EXPRESS
20,21,TIMARNI,TBN,01:00,01:04,15017,Daily,MAIL EXPRESS
21,22,BANAPURA,BPF,00:26,00:32,15017,Daily,MAIL EXPRESS
22,23,ITARSI JN,ET,00:10,00:14,15017,Daily,MAIL EXPRESS
23,24,SOHAGPUR,SGP,00:22,00:22,15017,Daily,MAIL EXPRESS
24,25,PIPARIYA,PPI,00:20,00:21,15017,Daily,MAIL EXPRESS
25,26,GADARWARA,GAR,00:29,00:28,15017,Daily,MAIL EXPRESS
26,27,KARELI,KY,00:33,00:32,15017,Daily,MAIL EXPRESS
27,28,NARSINGHPUR,NU,00:31,00:31,15017,Daily,MAIL EXPRESS
28,29,SRIDHAM,SRID,00:31,00:32,15017,Daily,MAIL EXPRESS
29,30,MADAN MAHAL,MML,00:17,00:20,15017,Daily,MAIL EXPRESS
30,31,JABALPUR,JBP,00:23,00:25,15017,Daily,MAIL EXPRESS
31,32,SIHORA ROAD,SHR,00:24,00:26,15017,Daily,MAIL EXPRESS
32,33,KATNI,KTE,00:29,00:31,15017,Daily,MAIL EXPRESS
33,34,MAIHAR,MYR,00:42,00:42,15017,Daily,MAIL EXPRESS
34,35,SATNA,STA,00:26,00:28,15017,Daily,MAIL EXPRESS
35,36,JAITWAR,JTW,00:37,00:37,15017,Daily,MAIL EXPRESS
36,37,MANIKPUR JN,MKP,00:02,00:20,15017,Daily,MAIL EXPRESS
37,38,DABHAURA,DBR,00:20,00:22,15017,Daily,MAIL EXPRESS
38,39,SHANKARGARH,SRJ,00:33,00:40,15017,Daily,MAIL EXPRESS
39,40,AUNRIHAR JN.,ARJ,02:36,02:37,15017,Daily,MAIL EXPRESS
40,41,SADAT,SDT,02:39,02:39,15017,Daily,MAIL EXPRESS
41,42,JAKHANIAN,JKN,02:39,02:41,15017,Daily,MAIL EXPRESS
42,43,DULLAHAPUR,DLR,02:40,02:43,15017,Daily,MAIL EXPRESS
43,44,MAU JN,MAU,02:39,02:42,15017,Daily,MAIL EXPRESS
44,45,INDARA JN,IAA,02:45,02:46,15017,Daily,MAIL EXPRESS
45,46,BELTHARA ROAD,BLTR,02:38,02:48,15017,Daily,MAIL EXPRESS
46,47,LAR ROAD,LRD,02:49,02:49,15017,Daily,MAIL EXPRESS
47,48,SALEMPUR JN,SRU,02:49,02:50,15017,Daily,MAIL EXPRESS
48,49,BHATNI JN,BTT,02:52,03:05,15017,Daily,MAIL EXPRESS
49,50,DEORIA SADAR,DEOS,03:08,03:06,15017,Daily,MAIL EXPRESS
50,51,CHAURI CHAURA,CC,03:08,03:09,15017,Daily,MAIL EXPRESS
51,52,GORAKHPUR JN,GKP,03:48,0,15017,Daily,MAIL EXPRESS
