,sr_no,station,station_code,avg_arr_delay,avg_dep_delay,train_no,days,type
0,1,BANDRA TERMINUS,BDTS,0,00:00,15068,Fri,MAIL EXPRESS
1,2,BORIVALI,BVI,00:16,00:14,15068,Fri,MAIL EXPRESS
2,3,VAPI,VAPI,00:09,00:12,15068,Fri,MAIL EXPRESS
3,4,BHESTAN,BHET,00:24,00:38,15068,Fri,MAIL EXPRESS
4,5,NANDURBAR,NDB,00:00,00:01,15068,Fri,MAIL EXPRESS
5,6,JALGAON JN,JL,00:00,00:00,15068,Fri,MAIL EXPRESS
6,7,BHUSAVAL JN,BSL,00:00,00:01,15068,Fri,MAIL EXPRESS
7,8,KHANDWA JUNCTION,KNW,00:04,00:04,15068,Fri,MAIL EXPRESS
8,9,HARDA,HD,00:10,00:10,15068,Fri,MAIL EXPRESS
9,10,ITARSI JN,ET,00:12,00:13,15068,Fri,MAIL EXPRESS
10,11,RANI KAMALAPATI,RKMP,00:10,00:15,15068,Fri,MAIL EXPRESS
11,12,VIDISHA,BHS,01:03,01:03,15068,Fri,MAIL EXPRESS
12,13,VIRANGANA LAKSHMIBAI JHANSI,VGLJ,00:15,00:16,15068,Fri,MAIL EXPRESS
13,14,ORAI,ORAI,00:26,00:28,15068,Fri,MAIL EXPRESS
14,15,POKHRAYAN,PHN,00:34,00:36,15068,Fri,MAIL EXPRESS
15,16,KANPUR CENTRAL,CNB,00:00,00:18,15068,Fri,MAIL EXPRESS
16,17,LUCKNOW,LKO,00:38,00:40,15068,Fri,MAIL EXPRESS
17,18,BARABANKI JN,BBK,00:19,00:19,15068,Fri,MAIL EXPRESS
18,19,GONDA JN,GD,00:23,00:38,15068,Fri,MAIL EXPRESS
19,20,BALRAMPUR,BLP,00:35,00:35,15068,Fri,MAIL EXPRESS
20,21,KAUWAPUR,KPE,00:28,00:28,15068,Fri,MAIL EXPRESS
21,22,TULSIPUR,TLR,00:27,00:28,15068,Fri,MAIL EXPRESS
22,23,GAINSARI JN,GIR,00:28,00:29,15068,Fri,MAIL EXPRESS
23,24,PACHPERWA,PPW,00:27,00:27,15068,Fri,MAIL EXPRESS
24,25,BARHNI,BNY,00:18,00:18,15068,Fri,MAIL EXPRESS
25,26,SHOHRATGARH,SOT,00:11,00:11,15068,Fri,MAIL EXPRESS
26,27,SIDDHARTH NAGAR,SDDN,00:13,00:14,15068,Fri,MAIL EXPRESS
27,28,ANAND NAGAR,ANDN,00:00,00:01,15068,Fri,MAIL EXPRESS
28,29,GORAKHPUR JN,GKP,00:00,0,15068,Fri,MAIL EXPRESS
