,sr_no,station,station_code,avg_arr_delay,avg_dep_delay,train_no,days,type
0,1,PANVEL,PNVL,0,02:48,15066,"Mon,Tue,Wed,Fri,Sat",MAIL EXPRESS
1,2,KALYAN JN,KYN,03:21,03:28,15066,"Mon,Tue,Wed,Fri,Sat",MAIL EXPRESS
2,3,NASIK ROAD,NK,03:12,03:17,15066,"Mon,Tue,Wed,Fri,Sat",MAIL EXPRESS
3,4,BHUSAVAL JN,BSL,03:01,03:06,15066,"Mon,Tue,Wed,Fri,Sat",MAIL EXPRESS
4,5,KHANDWA JUNCTION,KNW,02:47,02:46,15066,"Mon,Tue,Wed,Fri,Sat",MAIL EXPRESS
5,6,HARDA,HD,02:55,02:56,15066,"Mon,Tue,Wed,Fri,Sat",MAIL EXPRESS
6,7,ITARSI JN,ET,02:47,02:47,15066,"Mon,Tue,Wed,Fri,Sat",MAIL EXPRESS
7,8,RANI KAMALAPATI,RKMP,02:55,02:56,15066,"Mon,Tue,Wed,Fri,Sat",MAIL EXPRESS
8,9,VIDISHA,BHS,03:11,03:11,15066,"Mon,Tue,Wed,Fri,Sat",MAIL EXPRESS
9,10,VIRANGANA LAKSHMIBAI JHANSI,VGLJ,03:20,03:24,15066,"Mon,Tue,Wed,Fri,Sat",MAIL EXPRESS
10,11,ORAI,ORAI,03:37,03:39,15066,"Mon,Tue,Wed,Fri,Sat",MAIL EXPRESS
11,12,POKHRAYAN,PHN,03:51,03:52,15066,"Mon,Tue,Wed,Fri,Sat",MAIL EXPRESS
12,13,KANPUR CENTRAL,CNB,03:31,03:33,15066,"Mon,Tue,Wed,Fri,Sat",MAIL EXPRESS
13,14,LUCKNOW,LKO,04:20,04:29,15066,"Mon,Tue,Wed,Fri,Sat",MAIL EXPRESS
14,15,BARABANKI JN,BBK,04:22,04:21,15066,"Mon,Tue,Wed,Fri,Sat",MAIL EXPRESS
15,16,GONDA JN,GD,03:42,03:50,15066,"Mon,Tue,Wed,Fri,Sat",MAIL EXPRESS
16,17,BALRAMPUR,BLP,03:55,03:55,15066,"Mon,Tue,Wed,Fri,Sat",MAIL EXPRESS
17,18,TULSIPUR,TLR,03:57,03:57,15066,"Mon,Tue,Wed,Fri,Sat",MAIL EXPRESS
18,19,BARHNI,BNY,03:57,03:57,15066,"Mon,Tue,Wed,Fri,Sat",MAIL EXPRESS
19,20,SHOHRATGARH,SOT,03:59,04:01,15066,"Mon,Tue,Wed,Fri,Sat",MAIL EXPRESS
20,21,SIDDHARTH NAGAR,SDDN,03:53,03:57,15066,"Mon,Tue,Wed,Fri,Sat",MAIL EXPRESS
21,22,ANAND NAGAR,ANDN,03:49,03:46,15066,"Mon,Tue,Wed,Fri,Sat",MAIL EXPRESS
22,23,GORAKHPUR JN,GKP,03:33,0,15066,"Mon,Tue,Wed,Fri,Sat",MAIL EXPRESS
