,sr_no,station,station_code,avg_arr_delay,avg_dep_delay,train_no,days,type
0,1,LOKMANYATILAK,LTT,0,00:03,15102,Thu,MAIL EXPRESS
1,2,KALYAN JN,KYN,00:33,00:36,15102,Thu,MAIL EXPRESS
2,3,NASIK ROAD,NK,00:19,00:21,15102,Thu,MAIL EXPRESS
3,4,MANMAD JN,MMR,00:08,00:08,15102,Thu,MAIL EXPRESS
4,5,BHUSAVAL JN,BSL,00:00,00:05,15102,Thu,MAIL EXPRESS
5,6,KHANDWA JUNCTION,KNW,00:01,00:00,15102,Thu,MAIL EXPRESS
6,7,ITARSI JN,ET,00:00,00:02,15102,Thu,MAIL EXPRESS
7,8,BHOPAL,BPL,00:00,00:01,15102,Thu,MAIL EXPRESS
8,9,VIRANGANA LAKSHMIBAI JHANSI,VGLJ,00:30,00:37,15102,Thu,MAIL EXPRESS
9,10,ORAI,ORAI,00:53,00:56,15102,Thu,MAIL EXPRESS
10,11,GOVINDPURI,GOY,00:24,00:27,15102,Thu,MAIL EXPRESS
11,12,FATEHPUR,FTP,00:28,00:32,15102,Thu,MAIL EXPRESS
12,13,PRAYAGRAJ JN,PRYJ,00:23,00:51,15102,Thu,MAIL EXPRESS
13,14,MAA BELHA DEVI DHAM PRATAPGARH JUNCTION,MBDP,02:22,02:39,15102,Thu,MAIL EXPRESS
14,15,SULTANPUR,SLN,02:48,02:48,15102,Thu,MAIL EXPRESS
15,16,AYODHYA CANTT,AYC,02:21,02:28,15102,Thu,MAIL EXPRESS
16,17,AYODHYA DHAM JN,AY,02:12,02:18,15102,Thu,MAIL EXPRESS
17,18,MANKAPUR JN,MUR,02:18,02:26,15102,Thu,MAIL EXPRESS
18,19,BASTI,BST,02:35,02:35,15102,Thu,MAIL EXPRESS
19,20,GORAKHPUR JN,GKP,02:31,02:34,15102,Thu,MAIL EXPRESS
20,21,DEORIA SADAR,DEOS,02:31,02:32,15102,Thu,MAIL EXPRESS
21,22,BHATNI JN,BTT,02:28,02:29,15102,Thu,MAIL EXPRESS
22,23,SIWAN JN,SV,02:23,02:21,15102,Thu,MAIL EXPRESS
23,24,CHHAPRA,CPR,02:34,0,15102,Thu,MAIL EXPRESS
