,sr_no,station,station_code,avg_arr_delay,avg_dep_delay,train_no,days,type
0,1,LOKMANYATILAK,LTT,0,00:01,15182,Mon,MAIL EXPRESS
1,2,KALYAN JN,KYN,00:27,00:29,15182,Mon,MAIL EXPRESS
2,3,NASIK ROAD,NK,00:43,00:42,15182,Mon,MAIL EXPRESS
3,4,JALGAON JN,JL,00:32,00:33,15182,Mon,MAIL EXPRESS
4,5,BHUSAVAL JN,BSL,00:48,00:53,15182,Mon,MAIL EXPRESS
5,6,HARDA,HD,00:40,00:40,15182,Mon,MAIL EXPRESS
6,7,ITARSI JN,ET,00:17,00:19,15182,Mon,MAIL EXPRESS
7,8,JABALPUR,JBP,00:29,00:29,15182,Mon,MAIL EXPRESS
8,9,KATNI,KTE,00:28,00:29,15182,Mon,MAIL EXPRESS
9,10,SATNA,STA,00:24,00:30,15182,Mon,MAIL EXPRESS
10,11,MANIKPUR JN,MKP,00:00,00:01,15182,Mon,MAIL EXPRESS
11,12,PRAYAGRAJ JN,PRYJ,00:00,00:04,15182,Mon,MAIL EXPRESS
