,sr_no,station,station_code,avg_arr_delay,avg_dep_delay,train_no,days,type
0,1,LOKMANYATILAK,LTT,0,01:41,15268,Mon,MAIL EXPRESS
1,2,KALYAN JN,KYN,01:58,01:58,15268,Mon,MAIL EXPRESS
2,3,NASIK ROAD,NK,01:27,01:27,15268,Mon,MAIL EXPRESS
3,4,BHUSAVAL JN,BSL,00:56,00:59,15268,Mon,MAIL EXPRESS
4,5,KHANDWA JUNCTION,KNW,00:29,00:27,15268,Mon,MAIL EXPRESS
5,6,PIPARIYA,PPI,00:16,00:17,15268,Mon,MAIL EXPRESS
6,7,JABALPUR,JBP,00:24,00:34,15268,Mon,MAIL EXPRESS
7,8,KATNI,KTE,00:10,00:11,15268,Mon,MAIL EXPRESS
8,9,SATNA,STA,00:22,00:29,15268,Mon,MAIL EXPRESS
9,10,AUNRIHAR JN.,ARJ,03:16,03:13,15268,Mon,MAIL EXPRESS
10,11,GHAZIPUR CITY,GCT,03:13,03:12,15268,Mon,MAIL EXPRESS
