,sr_no,station,station_code,avg_arr_delay,avg_dep_delay,train_no,days,type
0,1,KALYAN JN,KYN,00:06,00:07,15548,Wed,SUPERFAST
1,2,MANMAD JN,MMR,00:22,00:24,15548,Wed,SUPERFAST
2,3,BHUSAVAL JN,BSL,00:25,00:29,15548,Wed,SUPERFAST
3,4,KHANDWA JUNCTION,KNW,00:07,00:08,15548,Wed,SUPERFAST
4,5,ITARSI JN,ET,00:03,00:03,15548,Wed,SUPERFAST
5,6,JABALPUR,JBP,00:26,00:34,15548,Wed,SUPERFAST
6,7,KATNI,KTE,00:25,00:25,15548,Wed,SUPERFAST
7,8,SATNA,STA,00:12,00:13,15548,Wed,SUPERFAST
8,9,PRAYAGRAJ CHHEOKI,PCOI,00:00,00:02,15548,Wed,SUPERFAST
9,10,MIRZAPUR,MZP,00:19,00:20,15548,Wed,SUPERFAST
10,11,PT.DEEN DAYAL UPADHYAYA JN.,DDU,00:00,00:01,15548,Wed,SUPERFAST
11,12,PATLIPUTRA,PPTA,00:03,00:01,15548,Wed,SUPERFAST
12,13,HAJIPUR JN,HJP,00:00,00:00,15548,Wed,SUPERFAST
13,14,MUZAFFARPUR JN,MFP,00:00,00:04,15548,Wed,SUPERFAST
14,15,SITAMARHI,SMI,00:00,00:10,15548,Wed,SUPERFAST
15,16,BAIRAGNIA,BGU,00:09,00:12,15548,Wed,SUPERFAST
16,17,RAXAUL JN,RXL,00:15,0,15548,Wed,SUPERFAST
