,sr_no,station,station_code,avg_arr_delay,avg_dep_delay,train_no,days,type
0,1,LOKMANYATILAK,LTT,0,00:03,15647,Fri,MAIL EXPRESS
1,2,KALYAN JN,KYN,00:21,00:21,15647,Fri,MAIL EXPRESS
2,3,NASIK ROAD,NK,00:27,00:25,15647,Fri,MAIL EXPRESS
3,4,MANMAD JN,MMR,00:25,00:24,15647,Fri,MAIL EXPRESS
4,5,BHUSAVAL JN,BSL,00:11,00:15,15647,Fri,MAIL EXPRESS
5,6,BURHANPUR,BAU,00:24,00:23,15647,Fri,MAIL EXPRESS
6,7,KHANDWA JUNCTION,KNW,00:06,00:09,15647,Fri,MAIL EXPRESS
7,8,HARDA,HD,00:20,00:20,15647,Fri,MAIL EXPRESS
8,9,ITARSI JN,ET,00:00,00:05,15647,Fri,MAIL EXPRESS
9,10,PIPARIYA,PPI,00:10,00:11,15647,Fri,MAIL EXPRESS
10,11,JABALPUR,JBP,00:15,00:17,15647,Fri,MAIL EXPRESS
11,12,KATNI,KTE,00:31,00:30,15647,Fri,MAIL EXPRESS
12,13,SATNA,STA,00:27,00:27,15647,Fri,MAIL EXPRESS
13,14,PRAYAGRAJ CHHEOKI,PCOI,00:00,00:00,15647,Fri,MAIL EXPRESS
14,15,MIRZAPUR,MZP,00:00,00:00,15647,Fri,MAIL EXPRESS
15,16,PT.DEEN DAYAL UPADHYAYA JN.,DDU,00:00,00:01,15647,Fri,MAIL EXPRESS
16,17,DILDARNAGAR JN,DLN,00:00,00:00,15647,Fri,MAIL EXPRESS
17,18,BUXAR,BXR,00:00,00:00,15647,Fri,MAIL EXPRESS
18,19,DUMRAON,DURE,00:03,00:03,15647,Fri,MAIL EXPRESS
19,20,ARA,ARA,00:00,00:00,15647,Fri,MAIL EXPRESS
20,21,DANAPUR,DNR,00:00,00:02,15647,Fri,MAIL EXPRESS
21,22,PATNA JN,PNBE,00:00,00:00,15647,Fri,MAIL EXPRESS
22,23,PATNA SAHEB,PNC,00:05,00:06,15647,Fri,MAIL EXPRESS
23,24,FATUHA,FUT,00:13,00:14,15647,Fri,MAIL EXPRESS
24,25,KHUSROPUR,KOO,00:16,00:26,15647,Fri,MAIL EXPRESS
25,26,BAKHTIYARPUR JN,BKP,00:25,00:26,15647,Fri,MAIL EXPRESS
26,27,BARH,BARH,00:28,00:29,15647,Fri,MAIL EXPRESS
27,28,MOKAMA,MKA,00:26,00:25,15647,Fri,MAIL EXPRESS
28,29,HATHIDAH JN,HTZ,00:27,00:27,15647,Fri,MAIL EXPRESS
29,30,BARHIYA,BRYA,00:32,00:31,15647,Fri,MAIL EXPRESS
30,31,LUCKEESARAI JN,LKR,00:48,00:48,15647,Fri,MAIL EXPRESS
31,32,KIUL JN,KIUL,00:05,00:04,15647,Fri,MAIL EXPRESS
32,33,ABHAIPUR,AHA,00:00,00:01,15647,Fri,MAIL EXPRESS
33,34,JAMALPUR JN,JMP,00:06,00:07,15647,Fri,MAIL EXPRESS
34,35,BARIARPUR,BUP,00:14,00:14,15647,Fri,MAIL EXPRESS
35,36,SULTANGANJ,SGG,00:11,00:12,15647,Fri,MAIL EXPRESS
36,37,BHAGALPUR,BGP,00:01,00:00,15647,Fri,MAIL EXPRESS
37,38,KAHALGAON,CLG,00:02,00:04,15647,Fri,MAIL EXPRESS
38,39,SAHIBGANJ JN,SBG,00:00,00:07,15647,Fri,MAIL EXPRESS
39,40,BARHARWA JN,BHW,00:00,00:00,15647,Fri,MAIL EXPRESS
40,41,NEW FARAKKA JN,NFK,00:06,00:06,15647,Fri,MAIL EXPRESS
41,42,MALDA TOWN,MLDT,00:00,00:00,15647,Fri,MAIL EXPRESS
42,43,KISHANGANJ,KNE,00:29,00:27,15647,Fri,MAIL EXPRESS
43,44,NEW JALPAIGURI,NJP,00:39,00:50,15647,Fri,MAIL EXPRESS
44,45,DHUPGURI,DQG,00:43,00:41,15647,Fri,MAIL EXPRESS
45,46,NEW COOCH BEHAR,NCB,01:05,01:07,15647,Fri,MAIL EXPRESS
46,47,NEW ALIPURDUAR,NOQ,01:04,01:09,15647,Fri,MAIL EXPRESS
47,48,NEW BONGAIGAON,NBQ,00:53,00:53,15647,Fri,MAIL EXPRESS
48,49,BARPETA ROAD,BPRD,00:58,00:57,15647,Fri,MAIL EXPRESS
49,50,RANGIYA JN.,RNY,00:44,01:03,15647,Fri,MAIL EXPRESS
50,51,KAMAKHYA,KYQ,00:21,00:19,15647,Fri,MAIL EXPRESS
51,52,GUWAHATI,GHY,00:04,0,15647,Fri,MAIL EXPRESS
