,sr_no,station,station_code,avg_arr_delay,avg_dep_delay,train_no,days,type
0,1,LOKMANYATILAK,LTT,0,00:01,15945,"Wed,Sat",MAIL EXPRESS
1,2,KALYAN JN,KYN,00:17,00:17,15945,"Wed,Sat",MAIL EXPRESS
2,3,NASIK ROAD,NK,00:10,00:10,15945,"Wed,Sat",MAIL EXPRESS
3,4,MANMAD JN,MMR,00:10,00:10,15945,"Wed,Sat",MAIL EXPRESS
4,5,BHUSAVAL JN,BSL,00:00,00:04,15945,"Wed,Sat",MAIL EXPRESS
5,6,BURHANPUR,BAU,00:09,00:08,15945,"Wed,Sat",MAIL EXPRESS
6,7,KHANDWA JUNCTION,KNW,00:03,00:06,15945,"Wed,Sat",MAIL EXPRESS
7,8,HARDA,HD,00:08,00:08,15945,"Wed,Sat",MAIL EXPRESS
8,9,ITARSI JN,ET,00:00,00:03,15945,"Wed,Sat",MAIL EXPRESS
9,10,JABALPUR,JBP,00:11,00:12,15945,"Wed,Sat",MAIL EXPRESS
10,11,KATNI,KTE,00:31,00:30,15945,"Wed,Sat",MAIL EXPRESS
11,12,SATNA,STA,00:30,00:32,15945,"Wed,Sat",MAIL EXPRESS
12,13,PRAYAGRAJ CHHEOKI,PCOI,00:00,00:08,15945,"Wed,Sat",MAIL EXPRESS
13,14,MIRZAPUR,MZP,00:05,00:10,15945,"Wed,Sat",MAIL EXPRESS
14,15,PT.DEEN DAYAL UPADHYAYA JN.,DDU,00:00,00:02,15945,"Wed,Sat",MAIL EXPRESS
15,16,DILDARNAGAR JN,DLN,00:00,00:00,15945,"Wed,Sat",MAIL EXPRESS
16,17,BUXAR,BXR,00:00,00:00,15945,"Wed,Sat",MAIL EXPRESS
17,18,DUMRAON,DURE,00:02,00:02,15945,"Wed,Sat",MAIL EXPRESS
18,19,ARA,ARA,00:00,00:03,15945,"Wed,Sat",MAIL EXPRESS
19,20,DANAPUR,DNR,00:13,00:26,15945,"Wed,Sat",MAIL EXPRESS
20,21,PATNA JN,PNBE,00:06,00:18,15945,"Wed,Sat",MAIL EXPRESS
21,22,PATNA SAHEB,PNC,00:22,00:24,15945,"Wed,Sat",MAIL EXPRESS
22,23,BAKHTIYARPUR JN,BKP,00:33,00:32,15945,"Wed,Sat",MAIL EXPRESS
23,24,BARH,BARH,00:35,00:35,15945,"Wed,Sat",MAIL EXPRESS
24,25,MOKAMA,MKA,00:29,00:28,15945,"Wed,Sat",MAIL EXPRESS
25,26,NEW BARAUNI JN.,NBJU,00:00,00:01,15945,"Wed,Sat",MAIL EXPRESS
26,27,BEGUSARAI,BGS,00:07,00:07,15945,"Wed,Sat",MAIL EXPRESS
27,28,KHAGARIA JN.,KGG,00:00,00:11,15945,"Wed,Sat",MAIL EXPRESS
28,29,MANSI JN,MNE,00:11,00:15,15945,"Wed,Sat",MAIL EXPRESS
29,30,THANA BIHPUR JN,THB,00:25,00:26,15945,"Wed,Sat",MAIL EXPRESS
30,31,NAUGACHIA,NNA,00:25,00:25,15945,"Wed,Sat",MAIL EXPRESS
31,32,KATIHAR JN,KIR,01:06,01:16,15945,"Wed,Sat",MAIL EXPRESS
32,33,BARSOI JN,BOE,01:41,01:43,15945,"Wed,Sat",MAIL EXPRESS
33,34,KISHANGANJ,KNE,02:14,02:12,15945,"Wed,Sat",MAIL EXPRESS
34,35,NEW JALPAIGURI,NJP,02:26,02:31,15945,"Wed,Sat",MAIL EXPRESS
35,36,DHUPGURI,DQG,02:07,02:06,15945,"Wed,Sat",MAIL EXPRESS
36,37,NEW COOCH BEHAR,NCB,02:02,02:04,15945,"Wed,Sat",MAIL EXPRESS
37,38,NEW ALIPURDUAR,NOQ,02:10,02:09,15945,"Wed,Sat",MAIL EXPRESS
38,39,KOKRAJHAR,KOJ,02:20,02:20,15945,"Wed,Sat",MAIL EXPRESS
39,40,NEW BONGAIGAON,NBQ,01:49,01:53,15945,"Wed,Sat",MAIL EXPRESS
40,41,BARPETA ROAD,BPRD,01:56,01:55,15945,"Wed,Sat",MAIL EXPRESS
41,42,RANGIYA JN.,RNY,02:03,02:22,15945,"Wed,Sat",MAIL EXPRESS
42,43,KAMAKHYA,KYQ,01:51,01:59,15945,"Wed,Sat",MAIL EXPRESS
43,44,GUWAHATI,GHY,01:52,01:52,15945,"Wed,Sat",MAIL EXPRESS
44,45,HOJAI,HJI,02:00,02:00,15945,"Wed,Sat",MAIL EXPRESS
45,46,LUMDING JN,LMG,01:46,01:51,15945,"Wed,Sat",MAIL EXPRESS
46,47,DIPHU,DPU,01:57,02:03,15945,"Wed,Sat",MAIL EXPRESS
47,48,DIMAPUR,DMV,02:10,02:17,15945,"Wed,Sat",MAIL EXPRESS
48,49,FURKATING JN,FKG,01:48,01:49,15945,"Wed,Sat",MAIL EXPRESS
49,50,MARIANI JN,MXN,01:58,02:00,15945,"Wed,Sat",MAIL EXPRESS
50,51,SIMALUGURI JN,SLGR,02:24,02:25,15945,"Wed,Sat",MAIL EXPRESS
51,52,NEW TINSUKIA,NTSK,02:22,02:23,15945,"Wed,Sat",MAIL EXPRESS
52,53,DIBRUGARH,DBRG,01:38,0,15945,"Wed,Sat",MAIL EXPRESS
