,sr_no,station,station_code,avg_arr_delay,avg_dep_delay,train_no,days,type
0,1,CHHATRAPATI SHIVAJI MAHARAJ TERMINUS,CSMT,0,00:04,16331,Sun,MAIL EXPRESS
1,2,DADAR,DR,00:11,00:12,16331,Sun,MAIL EXPRESS
2,3,THANE,TNA,00:13,00:13,16331,Sun,MAIL EXPRESS
3,4,KALYAN JN,KYN,00:20,00:22,16331,Sun,MAIL EXPRESS
4,5,KARJAT,KJT,00:08,00:09,16331,Sun,MAIL EXPRESS
5,6,LONAVALA,LNL,00:20,00:21,16331,Sun,MAIL EXPRESS
6,7,PUNE JN,PUNE,00:24,00:27,16331,Sun,MAIL EXPRESS
7,8,DAUND JN,DD,00:26,00:24,16331,Sun,MAIL EXPRESS
8,9,KURDUVADI JN.,KWV,00:27,00:27,16331,Sun,MAIL EXPRESS
9,10,SOLAPUR JN,SUR,00:39,00:40,16331,Sun,MAIL EXPRESS
10,11,KALABURAGI,KLBG,00:25,00:25,16331,Sun,MAIL EXPRESS
11,12,SHAHABAD,SDB,00:30,00:30,16331,Sun,MAIL EXPRESS
12,13,WADI,WADI,00:00,00:00,16331,Sun,MAIL EXPRESS
13,14,YADGIR,YG,00:05,00:07,16331,Sun,MAIL EXPRESS
14,15,RAICHUR,RC,00:17,00:18,16331,Sun,MAIL EXPRESS
15,16,MANTHRALAYAM RD,MALM,00:22,00:23,16331,Sun,MAIL EXPRESS
16,17,ADONI,AD,00:26,00:29,16331,Sun,MAIL EXPRESS
17,18,GUNTAKAL JN,GTL,00:30,00:43,16331,Sun,MAIL EXPRESS
18,19,ANANTAPUR,ATP,00:17,00:18,16331,Sun,MAIL EXPRESS
19,20,DHARMAVARAM JN,DMM,00:00,00:00,16331,Sun,MAIL EXPRESS
20,21,HINDUPUR,HUP,00:13,00:14,16331,Sun,MAIL EXPRESS
21,22,BANGARAPET,BWT,00:36,00:42,16331,Sun,MAIL EXPRESS
22,23,TIRUPATTUR JN,TPT,00:21,00:22,16331,Sun,MAIL EXPRESS
23,24,SALEM JN,SA,00:20,00:26,16331,Sun,MAIL EXPRESS
24,25,ERODE JN,ED,00:25,00:27,16331,Sun,MAIL EXPRESS
25,26,TIRUPPUR,TUP,00:22,00:22,16331,Sun,MAIL EXPRESS
26,27,COIMBATORE JN,CBE,00:15,00:16,16331,Sun,MAIL EXPRESS
27,28,PODANUR JN,PTJ,00:13,00:14,16331,Sun,MAIL EXPRESS
28,29,PALAKKAD JN,PGT,00:08,00:15,16331,Sun,MAIL EXPRESS
29,30,OTTAPPALAM,OTP,00:09,00:10,16331,Sun,MAIL EXPRESS
30,31,THRISUR,TCR,00:08,00:07,16331,Sun,MAIL EXPRESS
31,32,ALUVA,AWY,00:09,00:09,16331,Sun,MAIL EXPRESS
32,33,ERNAKULAM JN,ERS,00:12,00:20,16331,Sun,MAIL EXPRESS
33,34,CHERTHALA,SRTL,00:19,00:20,16331,Sun,MAIL EXPRESS
34,35,ALAPPUZHA,ALLP,00:36,00:36,16331,Sun,MAIL EXPRESS
35,36,AMBALAPPUZHA,AMPA,00:41,00:42,16331,Sun,MAIL EXPRESS
36,37,HARIPAD,HAD,00:37,00:38,16331,Sun,MAIL EXPRESS
37,38,KAYANKULAM JN,KYJ,00:36,00:36,16331,Sun,MAIL EXPRESS
38,39,KOLLAM JN,QLN,00:37,00:42,16331,Sun,MAIL EXPRESS
39,40,VARKALA,VAK,00:49,00:49,16331,Sun,MAIL EXPRESS
40,41,THIRUVANANTHAPURAM CENTRAL,TVC,00:10,0,16331,Sun,MAIL EXPRESS
