,sr_no,station,station_code,avg_arr_delay,avg_dep_delay,train_no,days,type
0,1,CHHATRAPATI SHIVAJI MAHARAJ TERMINUS,CSMT,0,00:06,16339,"Tue,Wed,Thu,Sat",MAIL EXPRESS
1,2,DADAR,DR,00:27,00:28,16339,"Tue,Wed,Thu,Sat",MAIL EXPRESS
2,3,THANE,TNA,00:41,00:41,16339,"Tue,Wed,Thu,Sat",MAIL EXPRESS
3,4,KALYAN JN,KYN,00:55,00:58,16339,"Tue,Wed,Thu,Sat",MAIL EXPRESS
4,5,KARJAT,KJT,00:51,00:55,16339,"Tue,Wed,Thu,Sat",MAIL EXPRESS
5,6,PUNE JN,PUNE,01:09,01:09,16339,"Tue,Wed,Thu,Sat",MAIL EXPRESS
6,7,DAUND JN,DD,01:39,01:37,16339,"Tue,Wed,Thu,Sat",MAIL EXPRESS
7,8,KURDUVADI JN.,KWV,01:40,01:41,16339,"Tue,Wed,Thu,Sat",MAIL EXPRESS
8,9,SOLAPUR JN,SUR,01:53,01:54,16339,"Tue,Wed,Thu,Sat",MAIL EXPRESS
9,10,KALABURAGI,KLBG,01:35,01:34,16339,"Tue,Wed,Thu,Sat",MAIL EXPRESS
10,11,SHAHABAD,SDB,01:35,01:38,16339,"Tue,Wed,Thu,Sat",MAIL EXPRESS
11,12,WADI,WADI,01:05,01:09,16339,"Tue,Wed,Thu,Sat",MAIL EXPRESS
12,13,YADGIR,YG,01:09,01:10,16339,"Tue,Wed,Thu,Sat",MAIL EXPRESS
13,14,RAICHUR,RC,01:03,01:04,16339,"Tue,Wed,Thu,Sat",MAIL EXPRESS
14,15,MANTHRALAYAM RD,MALM,01:07,01:08,16339,"Tue,Wed,Thu,Sat",MAIL EXPRESS
15,16,ADONI,AD,01:11,01:14,16339,"Tue,Wed,Thu,Sat",MAIL EXPRESS
16,17,GUNTAKAL JN,GTL,01:09,01:14,16339,"Tue,Wed,Thu,Sat",MAIL EXPRESS
17,18,ANANTAPUR,ATP,00:55,00:56,16339,"Tue,Wed,Thu,Sat",MAIL EXPRESS
18,19,DHARMAVARAM JN,DMM,00:41,00:48,16339,"Tue,Wed,Thu,Sat",MAIL EXPRESS
19,20,KADIRI,KRY,00:42,00:44,16339,"Tue,Wed,Thu,Sat",MAIL EXPRESS
20,21,MADANAPALLE RD,MPL,00:36,00:41,16339,"Tue,Wed,Thu,Sat",MAIL EXPRESS
21,22,PILER,PIL,00:44,00:48,16339,"Tue,Wed,Thu,Sat",MAIL EXPRESS
22,23,PAKALA JN,PAK,00:10,01:07,16339,"Tue,Wed,Thu,Sat",MAIL EXPRESS
23,24,CHITTOOR,CTO,01:12,01:11,16339,"Tue,Wed,Thu,Sat",MAIL EXPRESS
24,25,KATPADI JN,KPD,00:40,01:07,16339,"Tue,Wed,Thu,Sat",MAIL EXPRESS
25,26,TIRUPATTUR JN,TPT,00:37,00:39,16339,"Tue,Wed,Thu,Sat",MAIL EXPRESS
26,27,SAMALPATTI,SLY,00:45,00:46,16339,"Tue,Wed,Thu,Sat",MAIL EXPRESS
27,28,SALEM JN,SA,00:32,00:48,16339,"Tue,Wed,Thu,Sat",MAIL EXPRESS
28,29,NAMAKKAL,NMKL,00:45,00:47,16339,"Tue,Wed,Thu,Sat",MAIL EXPRESS
29,30,KARUR,KRR,00:10,00:26,16339,"Tue,Wed,Thu,Sat",MAIL EXPRESS
30,31,DINDIGUL JN,DG,00:00,00:22,16339,"Tue,Wed,Thu,Sat",MAIL EXPRESS
31,32,KODAIKANAL ROAD,KQN,00:24,00:24,16339,"Tue,Wed,Thu,Sat",MAIL EXPRESS
32,33,MADURAI JN,MDU,00:37,00:41,16339,"Tue,Wed,Thu,Sat",MAIL EXPRESS
33,34,VIRUDUNAGAR JN,VPT,00:33,00:34,16339,"Tue,Wed,Thu,Sat",MAIL EXPRESS
34,35,SATUR,SRT,00:32,00:32,16339,"Tue,Wed,Thu,Sat",MAIL EXPRESS
35,36,KOVILPATTI,CVP,00:32,00:33,16339,"Tue,Wed,Thu,Sat",MAIL EXPRESS
36,37,TIRUNELVELI JN,TEN,00:00,00:01,16339,"Tue,Wed,Thu,Sat",MAIL EXPRESS
37,38,NANGUNERI,NNN,00:06,00:08,16339,"Tue,Wed,Thu,Sat",MAIL EXPRESS
38,39,VALLIYUR,VLY,00:10,00:10,16339,"Tue,Wed,Thu,Sat",MAIL EXPRESS
39,40,NAGERCOIL JUNCTION,NCJ,00:00,0,16339,"Tue,Wed,Thu,Sat",MAIL EXPRESS
