,sr_no,station,station_code,avg_arr_delay,avg_dep_delay,train_no,days,type
0,1,LOKMANYATILAK,LTT,0,00:00,16345,Daily,MAIL EXPRESS
1,2,THANE,TNA,00:06,00:07,16345,Daily,MAIL EXPRESS
2,3,PANVEL,PNVL,00:05,00:06,16345,Daily,MAIL EXPRESS
3,4,ROHA,ROHA,00:01,00:03,16345,Daily,MAIL EXPRESS
4,5,KHED,KHED,00:21,00:34,16345,Daily,MAIL EXPRESS
5,6,CHIPLUN,CHI,00:34,00:45,16345,Daily,MAIL EXPRESS
6,7,SANGAMESHWAR ROAD,SGR,01:08,01:28,16345,Daily,MAIL EXPRESS
7,8,RATNAGIRI,RN,01:12,01:23,16345,Daily,MAIL EXPRESS
8,9,KUDAL,KUDL,01:43,01:43,16345,Daily,MAIL EXPRESS
9,10,THIVIM,THVM,01:57,02:03,16345,Daily,MAIL EXPRESS
10,11,KARMALI,KRMI,01:59,02:07,16345,Daily,MAIL EXPRESS
11,12,MADGAON JUNCTION,MAO,01:18,01:29,16345,Daily,MAIL EXPRESS
12,13,CANACONA,CNO,01:41,01:42,16345,Daily,MAIL EXPRESS
13,14,KARWAR,KAWR,01:38,01:42,16345,Daily,MAIL EXPRESS
14,15,KUMTA,KT,01:37,01:38,16345,Daily,MAIL EXPRESS
15,16,MURDESHWAR,MRDW,01:38,01:39,16345,Daily,MAIL EXPRESS
16,17,BHATKAL,BTJL,01:35,01:35,16345,Daily,MAIL EXPRESS
17,18,KUNDAPURA,KUDA,01:37,01:38,16345,Daily,MAIL EXPRESS
18,19,UDUPI,UD,01:44,01:44,16345,Daily,MAIL EXPRESS
19,20,SURATHKAL,SL,01:09,01:09,16345,Daily,MAIL EXPRESS
20,21,MANGALORE JUNCTION,MAJN,00:59,01:06,16345,Daily,MAIL EXPRESS
21,22,KASARAGOD,KGQ,01:07,01:08,16345,Daily,MAIL EXPRESS
22,23,KANHANGAD,KZE,01:08,01:12,16345,Daily,MAIL EXPRESS
23,24,NILESHWAR,NLE,01:12,01:13,16345,Daily,MAIL EXPRESS
24,25,CHARVATTUR,CHV,01:11,01:12,16345,Daily,MAIL EXPRESS
25,26,PAYYANUR,PAY,01:12,01:15,16345,Daily,MAIL EXPRESS
26,27,KANNAPURAM,KPQ,01:13,01:13,16345,Daily,MAIL EXPRESS
27,28,KANNUR,CAN,01:00,01:02,16345,Daily,MAIL EXPRESS
28,29,THALASSERY,TLY,01:04,01:06,16345,Daily,MAIL EXPRESS
29,30,VADAKARA,BDJ,01:00,01:01,16345,Daily,MAIL EXPRESS
30,31,KOZHIKKODE,CLT,01:05,01:09,16345,Daily,MAIL EXPRESS
31,32,PARPANANGADI,PGI,01:08,01:09,16345,Daily,MAIL EXPRESS
32,33,TIRUR,TIR,01:04,01:06,16345,Daily,MAIL EXPRESS
33,34,KUTTIPPURAM,KTU,01:00,01:01,16345,Daily,MAIL EXPRESS
34,35,SHORANUR JN,SRR,00:25,00:52,16345,Daily,MAIL EXPRESS
35,36,THRISUR,TCR,00:59,00:59,16345,Daily,MAIL EXPRESS
36,37,ALUVA,AWY,01:00,01:02,16345,Daily,MAIL EXPRESS
37,38,ERNAKULAM JN,ERS,01:08,01:15,16345,Daily,MAIL EXPRESS
38,39,CHERTHALA,SRTL,01:14,01:18,16345,Daily,MAIL EXPRESS
39,40,ALAPPUZHA,ALLP,01:27,01:32,16345,Daily,MAIL EXPRESS
40,41,AMBALAPPUZHA,AMPA,01:35,01:36,16345,Daily,MAIL EXPRESS
41,42,HARIPAD,HAD,01:34,01:35,16345,Daily,MAIL EXPRESS
42,43,KAYANKULAM JN,KYJ,01:19,01:19,16345,Daily,MAIL EXPRESS
43,44,KARUNAGAPPALLI,KPY,01:12,01:12,16345,Daily,MAIL EXPRESS
44,45,KOLLAM JN,QLN,01:03,01:04,16345,Daily,MAIL EXPRESS
45,46,VARKALA,VAK,01:05,01:06,16345,Daily,MAIL EXPRESS
46,47,THIRUVANANTHAPURAM CENTRAL,TVC,00:25,0,16345,Daily,MAIL EXPRESS
