,sr_no,station,station_code,avg_arr_delay,avg_dep_delay,train_no,days,type
0,1,CHHATRAPATI SHIVAJI MAHARAJ TERMINUS,CSMT,0,00:02,16351,"Mon,Fri",MAIL EXPRESS
1,2,DADAR,DR,00:05,00:05,16351,"Mon,Fri",MAIL EXPRESS
2,3,THANE,TNA,00:09,00:09,16351,"Mon,Fri",MAIL EXPRESS
3,4,KALYAN JN,KYN,00:27,00:29,16351,"Mon,Fri",MAIL EXPRESS
4,5,KARJAT,KJT,00:13,00:12,16351,"Mon,Fri",MAIL EXPRESS
5,6,LONAVALA,LNL,00:23,00:24,16351,"Mon,Fri",MAIL EXPRESS
6,7,PUNE JN,PUNE,00:34,00:37,16351,"Mon,Fri",MAIL EXPRESS
7,8,DAUND JN,DD,00:38,00:36,16351,"Mon,Fri",MAIL EXPRESS
8,9,KURDUVADI JN.,KWV,00:39,00:38,16351,"Mon,Fri",MAIL EXPRESS
9,10,SOLAPUR JN,SUR,00:48,00:49,16351,"Mon,Fri",MAIL EXPRESS
10,11,KALABURAGI,KLBG,00:30,00:30,16351,"Mon,Fri",MAIL EXPRESS
11,12,SHAHABAD,SDB,00:31,00:31,16351,"Mon,Fri",MAIL EXPRESS
12,13,WADI,WADI,00:00,00:02,16351,"Mon,Fri",MAIL EXPRESS
13,14,YADGIR,YG,00:00,00:00,16351,"Mon,Fri",MAIL EXPRESS
14,15,RAICHUR,RC,00:13,00:14,16351,"Mon,Fri",MAIL EXPRESS
15,16,MANTHRALAYAM RD,MALM,00:13,00:22,16351,"Mon,Fri",MAIL EXPRESS
16,17,ADONI,AD,00:26,00:28,16351,"Mon,Fri",MAIL EXPRESS
17,18,GUNTAKAL JN,GTL,00:28,00:30,16351,"Mon,Fri",MAIL EXPRESS
18,19,TADIPATRI,TU,00:30,00:31,16351,"Mon,Fri",MAIL EXPRESS
19,20,YERRAGUNTLA,YA,00:22,00:23,16351,"Mon,Fri",MAIL EXPRESS
20,21,CUDDAPAH,HX,00:19,00:20,16351,"Mon,Fri",MAIL EXPRESS
21,22,RENIGUNTA JN,RU,00:00,00:01,16351,"Mon,Fri",MAIL EXPRESS
22,23,TIRUTTANI,TRT,00:00,00:01,16351,"Mon,Fri",MAIL EXPRESS
23,24,ARAKKONAM,AJJ,00:00,00:01,16351,"Mon,Fri",MAIL EXPRESS
24,25,KANCHIPURAM,CJ,00:03,00:03,16351,"Mon,Fri",MAIL EXPRESS
25,26,CHENGALPATTU,CGL,00:08,00:08,16351,"Mon,Fri",MAIL EXPRESS
26,27,MELMARUVATHUR,MLMR,00:18,00:18,16351,"Mon,Fri",MAIL EXPRESS
27,28,TINDIVANAM,TMV,00:10,00:19,16351,"Mon,Fri",MAIL EXPRESS
28,29,VILLUPURAM JN,VM,00:09,00:11,16351,"Mon,Fri",MAIL EXPRESS
29,30,VRIDDHACHALAM JN,VRI,00:17,00:18,16351,"Mon,Fri",MAIL EXPRESS
30,31,ARIYALUR,ALU,00:14,00:16,16351,"Mon,Fri",MAIL EXPRESS
31,32,SRIRANGAM,SRGM,00:15,00:15,16351,"Mon,Fri",MAIL EXPRESS
32,33,TIRUCHCHIRAPPALLI JN.,TPJ,00:00,00:00,16351,"Mon,Fri",MAIL EXPRESS
33,34,DINDIGUL JN,DG,00:04,00:06,16351,"Mon,Fri",MAIL EXPRESS
34,35,MADURAI JN,MDU,00:11,00:15,16351,"Mon,Fri",MAIL EXPRESS
35,36,VIRUDUNAGAR JN,VPT,00:12,00:13,16351,"Mon,Fri",MAIL EXPRESS
36,37,SATUR,SRT,00:11,00:11,16351,"Mon,Fri",MAIL EXPRESS
37,38,KOVILPATTI,CVP,00:12,00:12,16351,"Mon,Fri",MAIL EXPRESS
38,39,TIRUNELVELI JN,TEN,00:00,00:01,16351,"Mon,Fri",MAIL EXPRESS
39,40,NANGUNERI,NNN,00:01,00:03,16351,"Mon,Fri",MAIL EXPRESS
40,41,VALLIYUR,VLY,00:03,00:03,16351,"Mon,Fri",MAIL EXPRESS
41,42,NAGERCOIL JUNCTION,NCJ,00:00,0,16351,"Mon,Fri",MAIL EXPRESS
