,sr_no,station,station_code,avg_arr_delay,avg_dep_delay,train_no,days,type
0,1,CHHATRAPATI SHIVAJI MAHARAJ TERMINUS,CSMT,0,00:34,17057,Daily,MAIL EXPRESS
1,2,DADAR,DR,00:41,00:42,17057,Daily,MAIL EXPRESS
2,3,THANE,TNA,00:42,00:43,17057,Daily,MAIL EXPRESS
3,4,KALYAN JN,KYN,00:47,00:48,17057,Daily,MAIL EXPRESS
4,5,KASARA,KSRA,00:47,00:51,17057,Daily,MAIL EXPRESS
5,6,IGATPURI,IGP,00:52,00:52,17057,Daily,MAIL EXPRESS
6,7,NASIK ROAD,NK,00:55,00:57,17057,Daily,MAIL EXPRESS
7,8,MANMAD JN,MMR,00:50,00:55,17057,Daily,MAIL EXPRESS
8,9,ROTEGAON,RGO,01:21,01:22,17057,Daily,MAIL EXPRESS
9,10,LASUR,LSR,01:28,01:30,17057,Daily,MAIL EXPRESS
10,11,AURANGABAD,AWB,01:25,01:30,17057,Daily,MAIL EXPRESS
11,12,JALNA,J,01:42,01:44,17057,Daily,MAIL EXPRESS
12,13,PARTUR,PTU,01:51,01:52,17057,Daily,MAIL EXPRESS
13,14,SELU,SELU,01:37,01:38,17057,Daily,MAIL EXPRESS
14,15,MANWATH ROAD,MVO,01:31,01:32,17057,Daily,MAIL EXPRESS
15,16,PARBHANI JN,PBN,01:16,01:19,17057,Daily,MAIL EXPRESS
16,17,PURNA JN,PAU,01:08,01:12,17057,Daily,MAIL EXPRESS
17,18,NANDED,NED,01:12,01:14,17057,Daily,MAIL EXPRESS
18,19,MUDKHED,MUE,01:09,01:10,17057,Daily,MAIL EXPRESS
19,20,UMRI,UMRI,01:14,01:16,17057,Daily,MAIL EXPRESS
20,21,DHARMABAD,DAB,01:18,01:19,17057,Daily,MAIL EXPRESS
21,22,BASAR,BSX,01:22,01:22,17057,Daily,MAIL EXPRESS
22,23,NIZAMABAD JN.,NZB,01:22,01:27,17057,Daily,MAIL EXPRESS
23,24,KAMAREDDI,KMC,01:26,01:27,17057,Daily,MAIL EXPRESS
24,25,AKANAPET,AKE,01:21,01:24,17057,Daily,MAIL EXPRESS
25,26,MIRZAPALLI,MZL,01:25,01:25,17057,Daily,MAIL EXPRESS
26,27,BOLARUM,BMO,01:37,01:40,17057,Daily,MAIL EXPRESS
27,28,SECUNDERABAD JN,SC,01:00,01:02,17057,Daily,MAIL EXPRESS
28,29,LINGAMPALLI,LPI,00:40,0,17057,Daily,MAIL EXPRESS
