,sr_no,station,station_code,avg_arr_delay,avg_dep_delay,train_no,days,type
0,1,LOKMANYATILAK,LTT,0,00:00,17222,"Thu,Sun",MAIL EXPRESS
1,2,KALYAN JN,KYN,00:09,00:10,17222,"Thu,Sun",MAIL EXPRESS
2,3,LONAVALA,LNL,00:22,00:23,17222,"Thu,Sun",MAIL EXPRESS
3,4,PUNE JN,PUNE,00:23,00:27,17222,"Thu,Sun",MAIL EXPRESS
4,5,SOLAPUR JN,SUR,00:12,00:14,17222,"Thu,Sun",MAIL EXPRESS
5,6,KALABURAGI,KLBG,00:14,00:18,17222,"Thu,Sun",MAIL EXPRESS
6,7,WADI,WADI,00:00,00:03,17222,"Thu,Sun",MAIL EXPRESS
7,8,TANDUR,TDU,00:25,00:27,17222,"Thu,Sun",MAIL EXPRESS
8,9,LINGAMPALLI,LPI,00:44,00:45,17222,"Thu,Sun",MAIL EXPRESS
9,10,SECUNDERABAD JN,SC,00:40,00:40,17222,"Thu,Sun",MAIL EXPRESS
10,11,NALGONDA,NLDA,01:25,01:25,17222,"Thu,Sun",MAIL EXPRESS
11,12,MIRYALAGUDA,MRGA,01:31,01:31,17222,"Thu,Sun",MAIL EXPRESS
12,13,NADIKODE,NDKD,01:32,01:37,17222,"Thu,Sun",MAIL EXPRESS
13,14,SATTENAPALLE,SAP,02:01,02:07,17222,"Thu,Sun",MAIL EXPRESS
14,15,GUNTUR JN,GNT,01:11,01:12,17222,"Thu,Sun",MAIL EXPRESS
15,16,MANGALAGIRI,MAG,01:11,01:11,17222,"Thu,Sun",MAIL EXPRESS
16,17,VIJAYAWADA JN,BZA,00:00,00:10,17222,"Thu,Sun",MAIL EXPRESS
17,18,ELURU,EE,00:15,00:16,17222,"Thu,Sun",MAIL EXPRESS
18,19,TADEPALLIGUDEM,TDD,00:15,00:16,17222,"Thu,Sun",MAIL EXPRESS
19,20,RAJAMUNDRY,RJY,00:21,00:28,17222,"Thu,Sun",MAIL EXPRESS
20,21,SAMALKOT JN,SLO,00:24,00:25,17222,"Thu,Sun",MAIL EXPRESS
21,22,KAKINADA TOWN,CCT,00:17,00:22,17222,"Thu,Sun",MAIL EXPRESS
22,23,KAKINADA PORT,COA,00:00,0,17222,"Thu,Sun",MAIL EXPRESS
