,sr_no,station,station_code,avg_arr_delay,avg_dep_delay,train_no,days,type
0,1,DADAR,DR,0,00:00,17318,Daily,MAIL EXPRESS
1,2,THANE,TNA,00:31,00:31,17318,Daily,MAIL EXPRESS
2,3,PANVEL,PNVL,00:27,00:28,17318,Daily,MAIL EXPRESS
3,4,LONAVALA,LNL,00:13,00:17,17318,Daily,MAIL EXPRESS
4,5,PUNE JN,PUNE,00:37,00:40,17318,Daily,MAIL EXPRESS
5,6,SATARA,STR,00:29,00:29,17318,Daily,MAIL EXPRESS
6,7,KARAD,KRD,00:20,00:24,17318,Daily,MAIL EXPRESS
7,8,KIRLOSKARVADI,KOV,00:28,00:28,17318,Daily,MAIL EXPRESS
8,9,SANGLI,SLI,00:24,00:24,17318,Daily,MAIL EXPRESS
9,10,MIRAJ JN.,MRJ,00:00,00:07,17318,Daily,MAIL EXPRESS
10,11,KUDACHI,KUD,00:14,00:15,17318,Daily,MAIL EXPRESS
11,12,RAYBAG,RBG,00:19,00:20,17318,Daily,MAIL EXPRESS
12,13,CHIKODI ROAD,CKR,00:17,00:18,17318,Daily,MAIL EXPRESS
13,14,GHATPRABHA,GPB,00:17,00:17,17318,Daily,MAIL EXPRESS
14,15,BELAGAVI,BGM,00:00,00:05,17318,Daily,MAIL EXPRESS
15,16,LONDA JN,LD,00:10,00:10,17318,Daily,MAIL EXPRESS
16,17,ALNAVAR JN,LWR,00:05,00:08,17318,Daily,MAIL EXPRESS
17,18,DHARWAR,DWR,00:03,00:07,17318,Daily,MAIL EXPRESS
18,19,SSS HUBBALLI JN,UBL,00:00,0,17318,Daily,MAIL EXPRESS
