,sr_no,station,station_code,avg_arr_delay,avg_dep_delay,train_no,days,type
0,1,CHHATRAPATI SHIVAJI MAHARAJ TERMINUS,CSMT,0,00:03,17411,Daily,MAIL EXPRESS
1,2,DADAR,DR,00:06,00:06,17411,Daily,MAIL EXPRESS
2,3,THANE,TNA,00:33,00:33,17411,Daily,MAIL EXPRESS
3,4,KALYAN JN,KYN,00:36,00:39,17411,Daily,MAIL EXPRESS
4,5,KARJAT,KJT,00:34,00:33,17411,Daily,MAIL EXPRESS
5,6,PUNE JN,PUNE,00:46,00:53,17411,Daily,MAIL EXPRESS
6,7,SATARA,STR,00:48,00:48,17411,Daily,MAIL EXPRESS
7,8,KARAD,KRD,01:05,01:06,17411,Daily,MAIL EXPRESS
8,9,TAKARI,TKR,01:16,01:17,17411,Daily,MAIL EXPRESS
9,10,KIRLOSKARVADI,KOV,01:14,01:14,17411,Daily,MAIL EXPRESS
10,11,SANGLI,SLI,01:11,01:10,17411,Daily,MAIL EXPRESS
11,12,MIRAJ JN.,MRJ,01:07,01:09,17411,Daily,MAIL EXPRESS
12,13,JAYASINGPUR,JSP,01:09,01:09,17411,Daily,MAIL EXPRESS
13,14,HATKANANGALE,HTK,01:09,01:09,17411,Daily,MAIL EXPRESS
14,15,KOLHAPUR,KOP,00:29,0,17411,Daily,MAIL EXPRESS
