,sr_no,station,station_code,avg_arr_delay,avg_dep_delay,train_no,days,type
0,1,CHHATRAPATI SHIVAJI MAHARAJ TERMINUS,CSMT,0,00:03,17617,Daily,MAIL EXPRESS
1,2,DADAR,DR,00:10,00:10,17617,Daily,MAIL EXPRESS
2,3,THANE,TNA,00:10,00:10,17617,Daily,MAIL EXPRESS
3,4,KALYAN JN,KYN,00:10,00:12,17617,Daily,MAIL EXPRESS
4,5,KASARA,KSRA,00:10,00:15,17617,Daily,MAIL EXPRESS
5,6,IGATPURI,IGP,00:01,00:02,17617,Daily,MAIL EXPRESS
6,7,DEVLALI,DVL,00:23,00:24,17617,Daily,MAIL EXPRESS
7,8,NASIK ROAD,NK,00:27,00:27,17617,Daily,MAIL EXPRESS
8,9,NIPHAD,NR,00:16,00:16,17617,Daily,MAIL EXPRESS
9,10,LASALGAON,LS,00:15,00:16,17617,Daily,MAIL EXPRESS
10,11,MANMAD JN,MMR,00:00,00:02,17617,Daily,MAIL EXPRESS
11,12,ROTEGAON,RGO,00:00,00:06,17617,Daily,MAIL EXPRESS
12,13,LASUR,LSR,00:14,00:16,17617,Daily,MAIL EXPRESS
13,14,AURANGABAD,AWB,00:13,00:20,17617,Daily,MAIL EXPRESS
14,15,JALNA,J,00:20,00:22,17617,Daily,MAIL EXPRESS
15,16,PARTUR,PTU,00:16,00:17,17617,Daily,MAIL EXPRESS
16,17,SELU,SELU,00:17,00:18,17617,Daily,MAIL EXPRESS
17,18,MANWATH ROAD,MVO,00:21,00:21,17617,Daily,MAIL EXPRESS
18,19,PARBHANI JN,PBN,00:08,00:12,17617,Daily,MAIL EXPRESS
19,20,PURNA JN,PAU,00:16,00:17,17617,Daily,MAIL EXPRESS
20,21,NANDED,NED,00:00,0,17617,Daily,MAIL EXPRESS
