,sr_no,station,station_code,avg_arr_delay,avg_dep_delay,train_no,days,type
0,1,PANVEL,PNVL,0,00:05,17613,Daily,MAIL EXPRESS
1,2,KARJAT,KJT,00:04,00:15,17613,Daily,MAIL EXPRESS
2,3,LONAVALA,LNL,00:29,00:31,17613,Daily,MAIL EXPRESS
3,4,TALEGAON,TGN,00:36,00:37,17613,Daily,MAIL EXPRESS
4,5,CHINCHVAD,CCH,00:35,00:38,17613,Daily,MAIL EXPRESS
5,6,PUNE JN,PUNE,00:25,00:29,17613,Daily,MAIL EXPRESS
6,7,DAUND JN,DD,00:28,00:27,17613,Daily,MAIL EXPRESS
7,8,KURDUVADI JN.,KWV,00:19,00:20,17613,Daily,MAIL EXPRESS
8,9,BARSI TOWN,BTW,00:28,00:35,17613,Daily,MAIL EXPRESS
9,10,USMANABAD,UMD,00:12,00:13,17613,Daily,MAIL EXPRESS
10,11,LATUR,LUR,00:00,00:03,17613,Daily,MAIL EXPRESS
11,12,LATUR ROAD,LTRR,00:00,00:13,17613,Daily,MAIL EXPRESS
12,13,PARLI VAIJNATH,PRLI,00:00,00:05,17613,Daily,MAIL EXPRESS
13,14,GANGAKHER,GNH,00:25,00:26,17613,Daily,MAIL EXPRESS
14,15,PARBHANI JN,PBN,00:27,00:29,17613,Daily,MAIL EXPRESS
15,16,PURNA JN,PAU,00:21,00:25,17613,Daily,MAIL EXPRESS
16,17,NANDED,NED,00:00,0,17613,Daily,MAIL EXPRESS
