,sr_no,station,station_code,avg_arr_delay,avg_dep_delay,train_no,days,type
0,1,CHHATRAPATI SHIVAJI MAHARAJ TERMINUS,CSMT,0,00:07,17612,Daily,MAIL EXPRESS
1,2,KALYAN JN,KYN,00:26,00:25,17612,Daily,MAIL EXPRESS
2,3,KASARA,KSRA,00:22,00:27,17612,Daily,MAIL EXPRESS
3,4,IGATPURI,IGP,00:24,00:23,17612,Daily,MAIL EXPRESS
4,5,NASIK ROAD,NK,00:27,00:27,17612,Daily,MAIL EXPRESS
5,6,MANMAD JN,MMR,00:23,00:35,17612,Daily,MAIL EXPRESS
6,7,ROTEGAON,RGO,00:27,00:33,17612,Daily,MAIL EXPRESS
7,8,LASUR,LSR,00:40,00:41,17612,Daily,MAIL EXPRESS
8,9,AURANGABAD,AWB,00:34,00:36,17612,Daily,MAIL EXPRESS
9,10,JALNA,J,00:22,00:35,17612,Daily,MAIL EXPRESS
10,11,PARTUR,PTU,00:34,00:38,17612,Daily,MAIL EXPRESS
11,12,SELU,SELU,00:19,00:20,17612,Daily,MAIL EXPRESS
12,13,MANWATH ROAD,MVO,00:18,00:19,17612,Daily,MAIL EXPRESS
13,14,PARBHANI JN,PBN,00:16,00:17,17612,Daily,MAIL EXPRESS
14,15,PURNA JN,PAU,00:08,00:14,17612,Daily,MAIL EXPRESS
15,16,NANDED,NED,00:00,0,17612,Daily,MAIL EXPRESS
