,sr_no,station,station_code,avg_arr_delay,avg_dep_delay,train_no,days,type
0,1,LOKMANYATILAK,LTT,0,00:22,18029,Daily,MAIL EXPRESS
1,2,THANE,TNA,00:42,00:42,18029,Daily,MAIL EXPRESS
2,3,KALYAN JN,KYN,00:49,00:51,18029,Daily,MAIL EXPRESS
3,4,KASARA,KSRA,01:08,01:13,18029,Daily,MAIL EXPRESS
4,5,IGATPURI,IGP,01:07,01:08,18029,Daily,MAIL EXPRESS
5,6,NASIK ROAD,NK,01:10,01:10,18029,Daily,MAIL EXPRESS
6,7,MANMAD JN,MMR,01:04,01:05,18029,Daily,MAIL EXPRESS
7,8,CHALISGAON JN,CSN,01:13,01:13,18029,Daily,MAIL EXPRESS
8,9,PACHORA JN,PC,01:24,01:24,18029,Daily,MAIL EXPRESS
9,10,JALGAON JN,JL,01:23,01:23,18029,Daily,MAIL EXPRESS
10,11,BHUSAVAL JN,BSL,01:18,01:24,18029,Daily,MAIL EXPRESS
11,12,VARANGAON,VNA,01:28,01:30,18029,Daily,MAIL EXPRESS
12,13,BODWAD,BDWD,01:27,01:29,18029,Daily,MAIL EXPRESS
13,14,MALKAPUR,MKU,01:30,01:31,18029,Daily,MAIL EXPRESS
14,15,NANDURA,NN,01:33,01:33,18029,Daily,MAIL EXPRESS
15,16,SHEGAON,SEG,01:25,01:26,18029,Daily,MAIL EXPRESS
16,17,AKOLA JN.,AK,00:46,00:52,18029,Daily,MAIL EXPRESS
17,18,MURTAJAPUR JN.,MZR,01:07,01:09,18029,Daily,MAIL EXPRESS
18,19,BADNERA JN.,BD,00:54,00:54,18029,Daily,MAIL EXPRESS
19,20,CHANDUR,CND,00:54,00:54,18029,Daily,MAIL EXPRESS
20,21,DHAMANGAON,DMN,00:58,00:59,18029,Daily,MAIL EXPRESS
21,22,PULGAON JN,PLO,01:02,01:04,18029,Daily,MAIL EXPRESS
22,23,WARDHA JN,WR,00:59,01:00,18029,Daily,MAIL EXPRESS
23,24,AJNI,AJNI,01:15,01:16,18029,Daily,MAIL EXPRESS
24,25,NAGPUR,NGP,00:35,00:46,18029,Daily,MAIL EXPRESS
25,26,NETAJI SUBHASH CHANDRA BOSE ITWARI JN.,NITR,00:44,00:47,18029,Daily,MAIL EXPRESS
26,27,KAMPTEE,KP,01:02,01:05,18029,Daily,MAIL EXPRESS
27,28,BHANDARA ROAD,BRD,01:11,01:11,18029,Daily,MAIL EXPRESS
28,29,TUMSAR ROAD,TMR,01:05,01:05,18029,Daily,MAIL EXPRESS
29,30,TIRORA,TRO,01:10,01:10,18029,Daily,MAIL EXPRESS
30,31,GONDIA JN,G,01:06,01:02,18029,Daily,MAIL EXPRESS
31,32,AMGAON,AGN,01:05,01:04,18029,Daily,MAIL EXPRESS
32,33,SALEKASA,SKS,00:56,00:56,18029,Daily,MAIL EXPRESS
33,34,DONGARGARH,DGG,00:52,00:54,18029,Daily,MAIL EXPRESS
34,35,RAJ NANDGAON,RJN,00:58,00:58,18029,Daily,MAIL EXPRESS
35,36,DURG,DURG,00:39,00:48,18029,Daily,MAIL EXPRESS
36,37,BHILAINAGAR,BQR,00:50,00:49,18029,Daily,MAIL EXPRESS
37,38,BHILAI,BIA,00:50,00:50,18029,Daily,MAIL EXPRESS
38,39,RAIPUR JN,R,00:43,00:46,18029,Daily,MAIL EXPRESS
39,40,TILDA,TLD,01:03,01:03,18029,Daily,MAIL EXPRESS
40,41,BHATAPARA,BYT,00:57,00:57,18029,Daily,MAIL EXPRESS
41,42,BILASPUR JN.,BSP,00:36,00:39,18029,Daily,MAIL EXPRESS
42,43,AKALTARA,AKT,00:45,00:45,18029,Daily,MAIL EXPRESS
43,44,JANJGIR NAILA,NIA,00:45,00:45,18029,Daily,MAIL EXPRESS
44,45,CHAMPA,CPH,00:41,00:39,18029,Daily,MAIL EXPRESS
45,46,SAKTI,SKT,00:45,00:44,18029,Daily,MAIL EXPRESS
46,47,KHARSIA,KHS,00:45,00:45,18029,Daily,MAIL EXPRESS
47,48,RAIGARH,RIG,00:48,00:48,18029,Daily,MAIL EXPRESS
48,49,BELPAHAR,BPH,00:44,00:44,18029,Daily,MAIL EXPRESS
49,50,BRAJRAJNAGAR,BRJN,00:45,00:47,18029,Daily,MAIL EXPRESS
50,51,JHARSUGUDA JN,JSG,01:06,01:08,18029,Daily,MAIL EXPRESS
51,52,BAMRA,BMB,01:02,01:02,18029,Daily,MAIL EXPRESS
52,53,RAJ GANGPUR,GP,01:29,01:30,18029,Daily,MAIL EXPRESS
53,54,ROURKELA,ROU,01:50,01:54,18029,Daily,MAIL EXPRESS
54,55,MANOHARPUR,MOU,02:16,02:18,18029,Daily,MAIL EXPRESS
55,56,GOILKERA,GOL,02:19,02:19,18029,Daily,MAIL EXPRESS
56,57,CHAKARADHARPUR,CKP,02:17,02:16,18029,Daily,MAIL EXPRESS
57,58,SINI JN,SINI,03:07,03:07,18029,Daily,MAIL EXPRESS
58,59,TATANAGAR JN,TATA,03:35,03:43,18029,Daily,MAIL EXPRESS
59,60,GHATSILA,GTS,03:40,03:41,18029,Daily,MAIL EXPRESS
60,61,CHAKULIA,CKU,03:56,03:57,18029,Daily,MAIL EXPRESS
61,62,JHARGRAM,JGM,04:03,04:06,18029,Daily,MAIL EXPRESS
62,63,KHARAGPUR JN,KGP,04:57,05:03,18029,Daily,MAIL EXPRESS
63,64,PANSKURA,PKU,05:16,05:16,18029,Daily,MAIL EXPRESS
64,65,MECHEDA,MCA,05:15,05:17,18029,Daily,MAIL EXPRESS
65,66,ULUBARIA,ULB,05:28,05:28,18029,Daily,MAIL EXPRESS
66,67,SANTRAGACHI JN,SRC,05:47,06:16,18029,Daily,MAIL EXPRESS
67,68,SHALIMAR,SHM,06:11,0,18029,Daily,MAIL EXPRESS
