,sr_no,station,station_code,avg_arr_delay,avg_dep_delay,train_no,days,type
0,1,LOKMANYATILAK,LTT,0,01:07,18520,Daily,MAIL EXPRESS
1,2,KALYAN JN,KYN,01:18,01:20,18520,Daily,MAIL EXPRESS
2,3,LONAVALA,LNL,01:19,01:20,18520,Daily,MAIL EXPRESS
3,4,PUNE JN,PUNE,01:30,01:33,18520,Daily,MAIL EXPRESS
4,5,SOLAPUR JN,SUR,01:45,01:47,18520,Daily,MAIL EXPRESS
5,6,KALABURAGI,KLBG,01:47,01:48,18520,Daily,MAIL EXPRESS
6,7,WADI,WADI,01:25,01:24,18520,Daily,MAIL EXPRESS
7,8,TANDUR,TDU,01:02,01:07,18520,Daily,MAIL EXPRESS
8,9,VIKARABAD JN,VKB,01:27,01:29,18520,Daily,MAIL EXPRESS
9,10,LINGAMPALLI,LPI,01:45,01:46,18520,Daily,MAIL EXPRESS
10,11,SECUNDERABAD JN,SC,01:25,01:33,18520,Daily,MAIL EXPRESS
11,12,MAULA ALI,MLY,01:35,01:40,18520,Daily,MAIL EXPRESS
12,13,VIJAYAWADA JN,BZA,03:28,03:25,18520,Daily,MAIL EXPRESS
13,14,GUDIVADA JN,GDV,03:19,03:23,18520,Daily,MAIL EXPRESS
14,15,KAIKOLUR,KKLR,03:21,03:24,18520,Daily,MAIL EXPRESS
15,16,AKIVIDU,AKVD,03:28,03:26,18520,Daily,MAIL EXPRESS
16,17,TANUKU,TNKU,03:17,03:17,18520,Daily,MAIL EXPRESS
17,18,RAJAMUNDRY,RJY,02:58,03:08,18520,Daily,MAIL EXPRESS
18,19,SAMALKOT JN,SLO,03:10,03:14,18520,Daily,MAIL EXPRESS
19,20,PITHAPURAM,PAP,02:33,02:35,18520,Daily,MAIL EXPRESS
20,21,DUVVADA,DVD,03:07,03:09,18520,Daily,MAIL EXPRESS
21,22,VISAKHAPATNAM,VSKP,03:21,0,18520,Daily,MAIL EXPRESS
