,sr_no,station,station_code,avg_arr_delay,avg_dep_delay,train_no,days,type
0,1,KALYAN JN,KYN,08:54,08:55,18610,Fri,MAIL EXPRESS
1,2,NASIK ROAD,NK,08:15,08:15,18610,Fri,MAIL EXPRESS
2,3,MANMAD JN,MMR,07:54,07:55,18610,Fri,MAIL EXPRESS
3,4,BHUSAVAL JN,BSL,08:28,08:33,18610,Fri,MAIL EXPRESS
4,5,KHANDWA JUNCTION,KNW,08:17,08:18,18610,Fri,MAIL EXPRESS
5,6,ITARSI JN,ET,08:06,08:06,18610,Fri,MAIL EXPRESS
6,7,PIPARIYA,PPI,08:02,08:03,18610,Fri,MAIL EXPRESS
7,8,NARSINGHPUR,NU,08:12,08:12,18610,Fri,MAIL EXPRESS
8,9,JABALPUR,JBP,08:09,08:10,18610,Fri,MAIL EXPRESS
9,10,KATNI,KTE,07:59,08:00,18610,Fri,MAIL EXPRESS
10,11,SATNA,STA,07:50,07:49,18610,Fri,MAIL EXPRESS
11,12,PT.DEEN DAYAL UPADHYAYA JN.,DDU,06:07,06:08,18610,Fri,MAIL EXPRESS
12,13,BHABUA ROAD,BBU,06:14,06:14,18610,Fri,MAIL EXPRESS
13,14,SASARAM,SSM,06:25,06:26,18610,Fri,MAIL EXPRESS
14,15,DEHRI ON SONE,DOS,06:29,06:29,18610,Fri,MAIL EXPRESS
15,16,ANUGRAHA N ROAD,AUBR,06:30,06:32,18610,Fri,MAIL EXPRESS
16,17,GAYA JN,GAYA,06:52,06:57,18610,Fri,MAIL EXPRESS
17,18,KODERMA,KQR,07:00,07:00,18610,Fri,MAIL EXPRESS
18,19,HAZARIBAGH RD,HZD,07:10,07:10,18610,Fri,MAIL EXPRESS
19,20,NSC BOSE J GOMO,GMO,07:01,07:05,18610,Fri,MAIL EXPRESS
20,21,CHANDRAPURA,CRP,06:57,06:56,18610,Fri,MAIL EXPRESS
21,22,BOKARO STEEL CITY,BKSC,06:45,06:41,18610,Fri,MAIL EXPRESS
22,23,MURI JN,MURI,06:41,06:41,18610,Fri,MAIL EXPRESS
23,24,RANCHI,RNC,06:21,0,18610,Fri,MAIL EXPRESS
