,sr_no,station,station_code,avg_arr_delay,avg_dep_delay,train_no,days,type
0,1,BANDRA TERMINUS,BDTS,0,00:00,19009,Fri,MAIL EXPRESS
1,2,BORIVALI,BVI,00:20,00:18,19009,Fri,MAIL EXPRESS
2,3,VAPI,VAPI,00:22,00:19,19009,Fri,MAIL EXPRESS
3,4,VALSAD,BL,00:20,00:21,19009,Fri,MAIL EXPRESS
4,5,SURAT,ST,00:07,00:08,19009,Fri,MAIL EXPRESS
5,6,ANKLESHWAR JN,AKV,00:08,00:08,19009,Fri,MAIL EXPRESS
6,7,VADODARA JN,BRC,00:04,00:05,19009,Fri,MAIL EXPRESS
7,8,ANAND JN,ANND,00:00,00:00,19009,Fri,MAIL EXPRESS
8,9,NADIAD JN,ND,00:00,00:00,19009,Fri,MAIL EXPRESS
9,10,AHMEDABAD JN,ADI,00:00,00:04,19009,Fri,MAIL EXPRESS
10,11,MAHESANA JN,MSH,00:03,00:05,19009,Fri,MAIL EXPRESS
11,12,PATAN,PTN,00:04,00:05,19009,Fri,MAIL EXPRESS
12,13,BHILDI JN.,BLDI,00:00,00:00,19009,Fri,MAIL EXPRESS
13,14,RANIWARA,RNV,00:10,00:10,19009,Fri,MAIL EXPRESS
14,15,MARWAR BHINMAL,MBNL,00:24,00:24,19009,Fri,MAIL EXPRESS
15,16,MODRAN,MON,00:25,00:25,19009,Fri,MAIL EXPRESS
16,17,JALOR,JOR,00:27,00:49,19009,Fri,MAIL EXPRESS
17,18,MOKALSAR,MKSR,00:51,00:51,19009,Fri,MAIL EXPRESS
18,19,SAMDHARI JN,SMR,00:27,00:45,19009,Fri,MAIL EXPRESS
19,20,BALOTRA JN.,BLT,00:42,00:42,19009,Fri,MAIL EXPRESS
20,21,BAYTU,BUT,00:41,00:44,19009,Fri,MAIL EXPRESS
21,22,BARMER,BME,00:08,0,19009,Fri,MAIL EXPRESS
