,sr_no,station,station_code,avg_arr_delay,avg_dep_delay,train_no,days,type
0,1,DADAR,DDR,0,00:00,19003,"Tue,Thu,Sun",MAIL EXPRESS
1,2,BORIVALI,BVI,00:16,00:16,19003,"Tue,Thu,Sun",MAIL EXPRESS
2,3,VIRAR,VR,00:03,00:03,19003,"Tue,Thu,Sun",MAIL EXPRESS
3,4,PALGHAR,PLG,00:12,00:15,19003,"Tue,Thu,Sun",MAIL EXPRESS
4,5,VAPI,VAPI,00:19,00:19,19003,"Tue,Thu,Sun",MAIL EXPRESS
5,6,VALSAD,BL,00:32,00:37,19003,"Tue,Thu,Sun",MAIL EXPRESS
6,7,NAVSARI,NVS,00:34,00:34,19003,"Tue,Thu,Sun",MAIL EXPRESS
7,8,BHESTAN,BHET,00:29,00:32,19003,"Tue,Thu,Sun",MAIL EXPRESS
8,9,CHALTHAN,CHM,00:15,00:21,19003,"Tue,Thu,Sun",MAIL EXPRESS
9,10,BARDOLI,BIY,00:24,00:23,19003,"Tue,Thu,Sun",MAIL EXPRESS
10,11,VYARA,VYA,00:28,00:29,19003,"Tue,Thu,Sun",MAIL EXPRESS
11,12,NAVAPUR,NWU,00:27,00:27,19003,"Tue,Thu,Sun",MAIL EXPRESS
12,13,NANDURBAR,NDB,00:11,00:16,19003,"Tue,Thu,Sun",MAIL EXPRESS
13,14,DONDAICHA,DDE,00:14,00:15,19003,"Tue,Thu,Sun",MAIL EXPRESS
14,15,SINDKHEDA,SNK,00:20,00:25,19003,"Tue,Thu,Sun",MAIL EXPRESS
15,16,NARDANA,NDN,00:31,00:32,19003,"Tue,Thu,Sun",MAIL EXPRESS
16,17,AMALNER,AN,00:23,00:25,19003,"Tue,Thu,Sun",MAIL EXPRESS
17,18,DHARANGAON,DXG,00:00,00:00,19003,"Tue,Thu,Sun",MAIL EXPRESS
18,19,JALGAON JN,JL,00:00,00:02,19003,"Tue,Thu,Sun",MAIL EXPRESS
19,20,BHUSAVAL JN,BSL,00:00,0,19003,"Tue,Thu,Sun",MAIL EXPRESS
