,sr_no,station,station_code,avg_arr_delay,avg_dep_delay,train_no,days,type
0,1,BANDRA TERMINUS,BDTS,0,00:00,19019,Daily,MAIL EXPRESS
1,2,BORIVALI,BVI,00:10,00:16,19019,Daily,MAIL EXPRESS
2,3,VASAI ROAD,BSR,00:14,00:14,19019,Daily,MAIL EXPRESS
3,4,PALGHAR,PLG,00:15,00:12,19019,Daily,MAIL EXPRESS
4,5,DAHANU ROAD,DRD,00:12,00:12,19019,Daily,MAIL EXPRESS
5,6,VAPI,VAPI,00:18,00:20,19019,Daily,MAIL EXPRESS
6,7,VALSAD,BL,00:22,00:23,19019,Daily,MAIL EXPRESS
7,8,BILIMORA JN,BIM,00:26,00:26,19019,Daily,MAIL EXPRESS
8,9,NAVSARI,NVS,00:24,00:24,19019,Daily,MAIL EXPRESS
9,10,SURAT,ST,00:14,00:15,19019,Daily,MAIL EXPRESS
10,11,KOSAMBA JN,KSB,00:16,00:16,19019,Daily,MAIL EXPRESS
11,12,ANKLESHWAR JN,AKV,00:18,00:18,19019,Daily,MAIL EXPRESS
12,13,BHARUCH JN,BH,00:17,00:17,19019,Daily,MAIL EXPRESS
13,14,MIYAGAM KARJAN,MYG,00:16,00:15,19019,Daily,MAIL EXPRESS
14,15,VADODARA JN,BRC,00:11,00:10,19019,Daily,MAIL EXPRESS
15,16,SAMLAYA JN,SMLA,00:19,00:18,19019,Daily,MAIL EXPRESS
16,17,DEROL,DRL,00:16,00:15,19019,Daily,MAIL EXPRESS
17,18,GODHRA JN,GDA,00:16,00:14,19019,Daily,MAIL EXPRESS
18,19,SANT ROAD,SAT,00:18,00:19,19019,Daily,MAIL EXPRESS
19,20,PIPLOD JN,PPD,00:21,00:21,19019,Daily,MAIL EXPRESS
20,21,LIMKHEDA,LMK,00:22,00:23,19019,Daily,MAIL EXPRESS
21,22,MANGAL MAHUDI,MAM,00:25,00:25,19019,Daily,MAIL EXPRESS
22,23,DAHOD,DHD,00:25,00:26,19019,Daily,MAIL EXPRESS
23,24,BORDI,BIO,00:20,00:21,19019,Daily,MAIL EXPRESS
24,25,ANAS,ANAS,00:20,00:21,19019,Daily,MAIL EXPRESS
25,26,MEGHNAGAR,MGN,00:21,00:21,19019,Daily,MAIL EXPRESS
26,27,THANDLA RD,THDR,00:20,00:21,19019,Daily,MAIL EXPRESS
27,28,PANCH PIPLIA,PCN,00:19,00:19,19019,Daily,MAIL EXPRESS
28,29,BAMNIA,BMI,00:19,00:19,19019,Daily,MAIL EXPRESS
29,30,BHAIRONGARH,BOG,00:18,00:20,19019,Daily,MAIL EXPRESS
30,31,BILDI,BILD,00:23,00:24,19019,Daily,MAIL EXPRESS
31,32,MORWANI,MRN,00:25,00:25,19019,Daily,MAIL EXPRESS
32,33,RATLAM JN,RTM,00:08,00:09,19019,Daily,MAIL EXPRESS
33,34,BANGROD,BOD,00:09,00:10,19019,Daily,MAIL EXPRESS
34,35,RUNKHERA,RNH,00:11,00:10,19019,Daily,MAIL EXPRESS
35,36,KHACHROD,KUH,00:13,00:13,19019,Daily,MAIL EXPRESS
36,37,NAGDA JN,NAD,00:00,00:04,19019,Daily,MAIL EXPRESS
37,38,MAHIDPUR ROAD,MEP,00:08,00:19,19019,Daily,MAIL EXPRESS
38,39,VIKRAMGARH ALOT,VMA,00:12,00:13,19019,Daily,MAIL EXPRESS
39,40,CHAU MAHLA,CMU,00:15,00:19,19019,Daily,MAIL EXPRESS
40,41,SUWASRA,SVA,00:18,00:19,19019,Daily,MAIL EXPRESS
41,42,SHAMGARH,SGZ,00:19,00:19,19019,Daily,MAIL EXPRESS
42,43,GAROT,GOH,00:19,00:19,19019,Daily,MAIL EXPRESS
43,44,BHAWANI MANDI,BWM,00:18,00:16,19019,Daily,MAIL EXPRESS
44,45,JHALAWAR ROAD,JHW,00:20,00:21,19019,Daily,MAIL EXPRESS
45,46,RAMGANJ MANDI,RMA,00:12,00:12,19019,Daily,MAIL EXPRESS
46,47,MORAK,MKX,00:12,00:12,19019,Daily,MAIL EXPRESS
47,48,DARA,DARA,00:11,00:11,19019,Daily,MAIL EXPRESS
48,49,DAKANIYA TALAV,DKNT,00:06,00:05,19019,Daily,MAIL EXPRESS
49,50,KOTA JN,KOTA,00:09,00:11,19019,Daily,MAIL EXPRESS
50,51,KESHORAI PATAN,KPTN,00:14,00:33,19019,Daily,MAIL EXPRESS
51,52,KAPREN,KPZ,00:37,00:48,19019,Daily,MAIL EXPRESS
52,53,LAKHERI,LKE,00:49,00:52,19019,Daily,MAIL EXPRESS
53,54,INDARGARH,IDG,00:54,00:56,19019,Daily,MAIL EXPRESS
54,55,SAWAI MADHOPUR,SWM,00:30,00:28,19019,Daily,MAIL EXPRESS
55,56,MALARNA,MLZ,00:33,00:33,19019,Daily,MAIL EXPRESS
56,57,NARAYANPUR TATWARA,NNW,00:35,00:35,19019,Daily,MAIL EXPRESS
57,58,GANGAPUR CITY,GGC,00:34,00:29,19019,Daily,MAIL EXPRESS
58,59,SHRI MAHAVEERJI,SMVJ,00:29,00:29,19019,Daily,MAIL EXPRESS
59,60,HINDAUN CITY,HAN,00:32,00:30,19019,Daily,MAIL EXPRESS
60,61,FATEH SINGHPURA,FSP,00:29,00:29,19019,Daily,MAIL EXPRESS
61,62,BAYANA JN,BXN,00:25,00:26,19019,Daily,MAIL EXPRESS
62,63,BHARATPUR JN,BTE,00:06,00:06,19019,Daily,MAIL EXPRESS
63,64,MATHURA JN.,MTJ,00:00,00:01,19019,Daily,MAIL EXPRESS
64,65,KOSI KALAN,KSV,00:12,00:12,19019,Daily,MAIL EXPRESS
65,66,FARIDABAD,FDB,00:03,00:06,19019,Daily,MAIL EXPRESS
66,67,HAZRAT NIZAMUDDIN JN,NZM,00:20,00:25,19019,Daily,MAIL EXPRESS
67,68,GHAZIABAD,GZB,00:39,00:40,19019,Daily,MAIL EXPRESS
68,69,MEERUT CITY,MTC,00:54,00:53,19019,Daily,MAIL EXPRESS
69,70,MUZAFFARNAGAR,MOZ,00:54,00:54,19019,Daily,MAIL EXPRESS
70,71,TAPRI,TPZ,00:41,00:41,19019,Daily,MAIL EXPRESS
71,72,ROORKEE,RK,00:33,00:33,19019,Daily,MAIL EXPRESS
72,73,JWALAPUR,JWP,00:25,00:26,19019,Daily,MAIL EXPRESS
73,74,HARIDWAR JN,HW,00:22,0,19019,Daily,MAIL EXPRESS
