,sr_no,station,station_code,avg_arr_delay,avg_dep_delay,train_no,days,type
0,1,DADAR,DDR,0,00:00,19015,Daily,MAIL EXPRESS
1,2,BORIVALI,BVI,00:18,00:22,19015,Daily,MAIL EXPRESS
2,3,VASAI ROAD,BSR,00:17,00:17,19015,Daily,MAIL EXPRESS
3,4,VIRAR,VR,00:14,00:14,19015,Daily,MAIL EXPRESS
4,5,SAPHALE,SAH,00:12,00:11,19015,Daily,MAIL EXPRESS
5,6,PALGHAR,PLG,00:11,00:11,19015,Daily,MAIL EXPRESS
6,7,BOISAR,BOR,00:12,00:11,19015,Daily,MAIL EXPRESS
7,8,DAHANU ROAD,DRD,00:12,00:12,19015,Daily,MAIL EXPRESS
8,9,GHOLVAD,GVD,00:12,00:11,19015,Daily,MAIL EXPRESS
9,10,UMBARGAM ROAD,UBR,00:12,00:12,19015,Daily,MAIL EXPRESS
10,11,SANJAN,SJN,00:13,00:14,19015,Daily,MAIL EXPRESS
11,12,BHILAD,BLD,00:15,00:15,19015,Daily,MAIL EXPRESS
12,13,VAPI,VAPI,00:16,00:15,19015,Daily,MAIL EXPRESS
13,14,UDVADA,UVD,00:15,00:15,19015,Daily,MAIL EXPRESS
14,15,PARDI,PAD,00:15,00:17,19015,Daily,MAIL EXPRESS
15,16,VALSAD,BL,00:18,00:18,19015,Daily,MAIL EXPRESS
16,17,BILIMORA JN,BIM,00:19,00:19,19015,Daily,MAIL EXPRESS
17,18,AMALSAD,AML,00:12,00:13,19015,Daily,MAIL EXPRESS
18,19,NAVSARI,NVS,00:13,00:13,19015,Daily,MAIL EXPRESS
19,20,MAROLI,MRL,00:09,00:13,19015,Daily,MAIL EXPRESS
20,21,UDHNA JN,UDN,00:09,00:13,19015,Daily,MAIL EXPRESS
21,22,SURAT,ST,00:10,00:13,19015,Daily,MAIL EXPRESS
22,23,SAYAN,SYN,00:15,00:15,19015,Daily,MAIL EXPRESS
23,24,KIM,KIM,00:18,00:17,19015,Daily,MAIL EXPRESS
24,25,KOSAMBA JN,KSB,00:20,00:21,19015,Daily,MAIL EXPRESS
25,26,PANOLI,PAO,00:21,00:26,19015,Daily,MAIL EXPRESS
26,27,ANKLESHWAR JN,AKV,00:22,00:23,19015,Daily,MAIL EXPRESS
27,28,BHARUCH JN,BH,00:30,00:29,19015,Daily,MAIL EXPRESS
28,29,NABIPUR,NIU,00:23,00:23,19015,Daily,MAIL EXPRESS
29,30,PALEJ,PLJ,00:22,00:24,19015,Daily,MAIL EXPRESS
30,31,MIYAGAM KARJAN,MYG,00:29,00:29,19015,Daily,MAIL EXPRESS
31,32,ITOLA,ITA,00:32,00:32,19015,Daily,MAIL EXPRESS
32,33,VISHVAMITRI JN.,VS,00:24,00:28,19015,Daily,MAIL EXPRESS
33,34,VADODARA JN,BRC,00:29,00:31,19015,Daily,MAIL EXPRESS
34,35,VASAD JN,VDA,00:35,00:35,19015,Daily,MAIL EXPRESS
35,36,ANAND JN,ANND,00:34,00:34,19015,Daily,MAIL EXPRESS
36,37,KANJARI BORIYAVI,KBRV,00:34,00:35,19015,Daily,MAIL EXPRESS
37,38,NADIAD JN,ND,00:36,00:37,19015,Daily,MAIL EXPRESS
38,39,MAHEMADAVAD KHEDA ROAD,MHD,00:31,00:32,19015,Daily,MAIL EXPRESS
39,40,BAREJADI,BJD,00:34,00:34,19015,Daily,MAIL EXPRESS
40,41,AHMEDABAD JN,ADI,00:26,00:27,19015,Daily,MAIL EXPRESS
41,42,SABARMATI JN,SBT,00:27,00:27,19015,Daily,MAIL EXPRESS
42,43,CHANDLODIYA,CLDY,00:33,00:34,19015,Daily,MAIL EXPRESS
43,44,SANAND,SAU,00:27,00:27,19015,Daily,MAIL EXPRESS
44,45,VIRAMGAM JN,VG,00:23,00:25,19015,Daily,MAIL EXPRESS
45,46,SURENDRANAGAR,SUNR,00:21,00:23,19015,Daily,MAIL EXPRESS
46,47,THAN JN,THAN,00:34,00:34,19015,Daily,MAIL EXPRESS
47,48,WANKANER JN,WKR,00:36,00:36,19015,Daily,MAIL EXPRESS
48,49,RAJKOT,RJT,00:16,00:18,19015,Daily,MAIL EXPRESS
49,50,HAPA,HAPA,00:40,00:42,19015,Daily,MAIL EXPRESS
50,51,JAMNAGAR,JAM,00:44,00:47,19015,Daily,MAIL EXPRESS
51,52,LALPUR JAM,LPJ,00:25,00:26,19015,Daily,MAIL EXPRESS
52,53,BHANVAD,BNVD,00:27,00:28,19015,Daily,MAIL EXPRESS
53,54,WANSJALIYA,WSJ,00:30,00:31,19015,Daily,MAIL EXPRESS
54,55,RANAVAV,RWO,00:33,00:33,19015,Daily,MAIL EXPRESS
55,56,PORBANDAR,PBR,00:13,0,19015,Daily,MAIL EXPRESS
