,sr_no,station,station_code,avg_arr_delay,avg_dep_delay,train_no,days,type
0,1,BANDRA TERMINUS,BDTS,0,00:02,19027,Sat,MAIL EXPRESS
1,2,BORIVALI,BVI,00:09,00:16,19027,Sat,MAIL EXPRESS
2,3,VAPI,VAPI,00:24,00:25,19027,Sat,MAIL EXPRESS
3,4,SURAT,ST,00:11,00:11,19027,Sat,MAIL EXPRESS
4,5,VADODARA JN,BRC,00:17,00:18,19027,Sat,MAIL EXPRESS
5,6,ANAND JN,ANND,00:17,00:17,19027,Sat,MAIL EXPRESS
6,7,NADIAD JN,ND,00:16,00:16,19027,Sat,MAIL EXPRESS
7,8,AHMEDABAD JN,ADI,00:05,00:03,19027,Sat,MAIL EXPRESS
8,9,MAHESANA JN,MSH,00:14,00:15,19027,Sat,MAIL EXPRESS
9,10,PALANPUR JN,PNU,00:00,00:00,19027,Sat,MAIL EXPRESS
10,11,ABU ROAD,ABR,00:00,00:00,19027,Sat,MAIL EXPRESS
11,12,FALNA,FA,00:00,00:00,19027,Sat,MAIL EXPRESS
12,13,MARWAR JN,MJ,00:00,00:00,19027,Sat,MAIL EXPRESS
13,14,PALI MARWAR,PMY,00:19,00:17,19027,Sat,MAIL EXPRESS
14,15,LUNI JN,LUNI,00:28,00:28,19027,Sat,MAIL EXPRESS
15,16,JODHPUR JN,JU,00:24,00:28,19027,Sat,MAIL EXPRESS
16,17,GOTAN,GOTN,00:32,00:32,19027,Sat,MAIL EXPRESS
17,18,MERTA ROAD JN,MTD,00:20,00:22,19027,Sat,MAIL EXPRESS
18,19,DEGANA JN,DNA,00:00,00:02,19027,Sat,MAIL EXPRESS
19,20,DIDWANA,DIA,00:13,00:14,19027,Sat,MAIL EXPRESS
20,21,LADNUN,LAU,00:13,00:22,19027,Sat,MAIL EXPRESS
21,22,SUJANGARH,SUJH,00:13,00:13,19027,Sat,MAIL EXPRESS
22,23,RATANGARH JN,RTGH,00:00,00:00,19027,Sat,MAIL EXPRESS
23,24,CHURU,CUR,00:00,00:08,19027,Sat,MAIL EXPRESS
24,25,SADULPUR JN,SDLP,00:03,00:02,19027,Sat,MAIL EXPRESS
25,26,HISAR,HSR,00:00,00:09,19027,Sat,MAIL EXPRESS
26,27,BARWALA,BXC,00:00,00:01,19027,Sat,MAIL EXPRESS
27,28,DHURI JN,DUI,00:00,00:03,19027,Sat,MAIL EXPRESS
28,29,LUDHIANA JN,LDH,00:03,00:01,19027,Sat,MAIL EXPRESS
29,30,JALANDHAR CANT,JRC,00:12,00:21,19027,Sat,MAIL EXPRESS
30,31,PATHANKOT CANTT,PTKC,00:09,00:08,19027,Sat,MAIL EXPRESS
31,32,KATHUA,KTHU,00:12,00:13,19027,Sat,MAIL EXPRESS
32,33,JAMMUTAVI,JAT,00:05,0,19027,Sat,MAIL EXPRESS
