,sr_no,station,station_code,avg_arr_delay,avg_dep_delay,train_no,days,type
0,1,BANDRA TERMINUS,BDTS,0,00:05,19037,Daily,MAIL EXPRESS
1,2,ANDHERI,ADH,00:14,00:15,19037,Daily,MAIL EXPRESS
2,3,BORIVALI,BVI,00:18,00:19,19037,Daily,MAIL EXPRESS
3,4,BOISAR,BOR,00:18,00:18,19037,Daily,MAIL EXPRESS
4,5,VAPI,VAPI,00:22,00:23,19037,Daily,MAIL EXPRESS
5,6,VALSAD,BL,00:30,00:30,19037,Daily,MAIL EXPRESS
6,7,SURAT,ST,00:09,00:10,19037,Daily,MAIL EXPRESS
7,8,ANKLESHWAR JN,AKV,00:11,00:12,19037,Daily,MAIL EXPRESS
8,9,VADODARA JN,BRC,00:24,00:23,19037,Daily,MAIL EXPRESS
9,10,DEROL,DRL,00:28,00:27,19037,Daily,MAIL EXPRESS
10,11,GODHRA JN,GDA,00:22,00:21,19037,Daily,MAIL EXPRESS
11,12,DAHOD,DHD,00:27,00:28,19037,Daily,MAIL EXPRESS
12,13,MEGHNAGAR,MGN,00:28,00:28,19037,Daily,MAIL EXPRESS
13,14,BAMNIA,BMI,00:27,00:27,19037,Daily,MAIL EXPRESS
14,15,RATLAM JN,RTM,00:14,00:16,19037,Daily,MAIL EXPRESS
15,16,KHACHROD,KUH,00:20,00:20,19037,Daily,MAIL EXPRESS
16,17,NAGDA JN,NAD,00:02,00:05,19037,Daily,MAIL EXPRESS
17,18,MAHIDPUR ROAD,MEP,00:09,00:09,19037,Daily,MAIL EXPRESS
18,19,VIKRAMGARH ALOT,VMA,00:12,00:12,19037,Daily,MAIL EXPRESS
19,20,CHAU MAHLA,CMU,00:11,00:13,19037,Daily,MAIL EXPRESS
20,21,SUWASRA,SVA,00:15,00:15,19037,Daily,MAIL EXPRESS
21,22,SHAMGARH,SGZ,00:14,00:14,19037,Daily,MAIL EXPRESS
22,23,GAROT,GOH,00:15,00:15,19037,Daily,MAIL EXPRESS
23,24,BHAWANI MANDI,BWM,00:18,00:18,19037,Daily,MAIL EXPRESS
24,25,JHALAWAR ROAD,JHW,00:23,00:23,19037,Daily,MAIL EXPRESS
25,26,RAMGANJ MANDI,RMA,00:22,00:22,19037,Daily,MAIL EXPRESS
26,27,MORAK,MKX,00:24,00:30,19037,Daily,MAIL EXPRESS
27,28,DAKANIYA TALAV,DKNT,00:30,00:31,19037,Daily,MAIL EXPRESS
28,29,KOTA JN,KOTA,00:33,00:35,19037,Daily,MAIL EXPRESS
29,30,LAKHERI,LKE,00:44,00:44,19037,Daily,MAIL EXPRESS
30,31,SAWAI MADHOPUR,SWM,00:25,00:25,19037,Daily,MAIL EXPRESS
31,32,GANGAPUR CITY,GGC,00:21,00:24,19037,Daily,MAIL EXPRESS
32,33,SHRI MAHAVEERJI,SMVJ,00:22,00:22,19037,Daily,MAIL EXPRESS
33,34,HINDAUN CITY,HAN,00:19,00:20,19037,Daily,MAIL EXPRESS
34,35,BAYANA JN,BXN,00:00,00:11,19037,Daily,MAIL EXPRESS
35,36,RUPBAS,RBS,00:33,00:37,19037,Daily,MAIL EXPRESS
36,37,FATEHPUR SIKRI,FTS,00:39,00:40,19037,Daily,MAIL EXPRESS
37,38,KIRAOLI,KLB,00:41,00:41,19037,Daily,MAIL EXPRESS
38,39,IDGAH AGRA JN,IDH,00:37,00:50,19037,Daily,MAIL EXPRESS
39,40,AGRA FORT,AF,00:37,00:43,19037,Daily,MAIL EXPRESS
40,41,TUNDLA JN,TDL,00:00,00:07,19037,Daily,MAIL EXPRESS
41,42,FIROZABAD,FZD,00:07,00:08,19037,Daily,MAIL EXPRESS
42,43,SHIKOHABAD JN,SKB,00:09,00:10,19037,Daily,MAIL EXPRESS
43,44,ETAWAH JN,ETW,00:22,00:21,19037,Daily,MAIL EXPRESS
44,45,BHARTHANA,BNT,00:25,00:27,19037,Daily,MAIL EXPRESS
45,46,PHAPHUND,PHD,00:28,00:37,19037,Daily,MAIL EXPRESS
46,47,KANPUR CENTRAL,CNB,00:00,00:00,19037,Daily,MAIL EXPRESS
47,48,UNNAO JN,ON,00:00,00:03,19037,Daily,MAIL EXPRESS
48,49,HARAUNI,HRN,00:06,00:08,19037,Daily,MAIL EXPRESS
49,50,AISHBAGH,ASH,00:00,00:03,19037,Daily,MAIL EXPRESS
50,51,LUCKNOW CITY,LC,00:07,00:07,19037,Daily,MAIL EXPRESS
51,52,BADSHAHNAGAR,BNZ,00:07,00:07,19037,Daily,MAIL EXPRESS
52,53,GOMATI NAGAR,GTNR,00:10,00:10,19037,Daily,MAIL EXPRESS
53,54,BARABANKI JN,BBK,00:08,00:07,19037,Daily,MAIL EXPRESS
54,55,BURHWAL JN,BUW,00:11,00:16,19037,Daily,MAIL EXPRESS
55,56,JARWAL ROAD,JLD,00:18,00:29,19037,Daily,MAIL EXPRESS
56,57,COLONELGANJ,CLJ,00:31,00:32,19037,Daily,MAIL EXPRESS
57,58,GONDA JN,GD,00:19,00:22,19037,Daily,MAIL EXPRESS
58,59,MANKAPUR JN,MUR,00:33,00:37,19037,Daily,MAIL EXPRESS
59,60,MASKANWA,MSW,00:28,00:30,19037,Daily,MAIL EXPRESS
60,61,S NARAYAN CHHAPIA,SNC,00:30,00:34,19037,Daily,MAIL EXPRESS
61,62,BABHNAN,BV,00:39,00:42,19037,Daily,MAIL EXPRESS
62,63,GAUR,GAUR,00:45,00:45,19037,Daily,MAIL EXPRESS
63,64,BASTI,BST,00:51,00:51,19037,Daily,MAIL EXPRESS
64,65,KHALILABAD,KLD,00:55,00:56,19037,Daily,MAIL EXPRESS
65,66,MAGHAR,MHH,00:42,00:45,19037,Daily,MAIL EXPRESS
66,67,SAHJANWA,SWA,00:37,00:37,19037,Daily,MAIL EXPRESS
67,68,GORAKHPUR JN,GKP,00:09,00:15,19037,Daily,MAIL EXPRESS
68,69,PIPRAICH,PPC,00:17,00:37,19037,Daily,MAIL EXPRESS
69,70,KAPTANGANJ JN,CPJ,00:45,00:56,19037,Daily,MAIL EXPRESS
70,71,SISWA BAZAR,SBZ,00:35,00:49,19037,Daily,MAIL EXPRESS
71,72,KHADA,KZA,00:34,00:37,19037,Daily,MAIL EXPRESS
72,73,PANIYA HAWA,PNYA,00:38,00:45,19037,Daily,MAIL EXPRESS
73,74,BAGAHA,BUG,00:45,00:48,19037,Daily,MAIL EXPRESS
74,75,HARINAGAR,HIR,00:53,00:55,19037,Daily,MAIL EXPRESS
75,76,NARKATIAGANJ JN,NKE,00:25,00:41,19037,Daily,MAIL EXPRESS
76,77,BETTIAH,BTH,01:03,01:04,19037,Daily,MAIL EXPRESS
77,78,SAGAULI JN,SGL,00:56,00:57,19037,Daily,MAIL EXPRESS
78,79,BAPUDM MOTIHARI,BMKI,01:00,01:03,19037,Daily,MAIL EXPRESS
79,80,PIPRA,PPA,01:12,01:12,19037,Daily,MAIL EXPRESS
80,81,CHAKIA,CAA,01:17,01:19,19037,Daily,MAIL EXPRESS
81,82,MEHSI,MAI,01:19,01:23,19037,Daily,MAIL EXPRESS
82,83,MOTIPUR,MTR,00:59,01:10,19037,Daily,MAIL EXPRESS
83,84,MUZAFFARPUR JN,MFP,00:28,00:32,19037,Daily,MAIL EXPRESS
84,85,SAMASTIPUR JN,SPJ,00:42,00:41,19037,Daily,MAIL EXPRESS
85,86,BARAUNI JN,BJU,00:25,0,19037,Daily,MAIL EXPRESS
