,sr_no,station,station_code,avg_arr_delay,avg_dep_delay,train_no,days,type
0,1,BANDRA TERMINUS,BDTS,0,00:01,19091,Mon,MAIL EXPRESS
1,2,BORIVALI,BVI,00:24,00:24,19091,Mon,MAIL EXPRESS
2,3,VAPI,VAPI,00:07,00:08,19091,Mon,MAIL EXPRESS
3,4,SURAT,ST,00:03,00:03,19091,Mon,MAIL EXPRESS
4,5,VADODARA JN,BRC,00:07,00:14,19091,Mon,MAIL EXPRESS
5,6,DAHOD,DHD,00:02,00:03,19091,Mon,MAIL EXPRESS
6,7,RATLAM JN,RTM,00:00,00:00,19091,Mon,MAIL EXPRESS
7,8,NAGDA JN,NAD,00:02,00:06,19091,Mon,MAIL EXPRESS
8,9,UJJAIN JN,UJN,00:01,00:05,19091,Mon,MAIL EXPRESS
9,10,SHUJALPUR,SJP,00:18,00:19,19091,Mon,MAIL EXPRESS
10,11,SANT HIRDARAM NAGAR,SHRN,00:00,00:01,19091,Mon,MAIL EXPRESS
11,12,VIDISHA,BHS,00:00,00:01,19091,Mon,MAIL EXPRESS
12,13,BINA JN,BINA,00:00,00:00,19091,Mon,MAIL EXPRESS
13,14,SAUGOR,SGO,00:20,00:19,19091,Mon,MAIL EXPRESS
14,15,DAMOH,DMO,00:22,00:25,19091,Mon,MAIL EXPRESS
15,16,KATNI MURWARA,KMZ,00:21,00:22,19091,Mon,MAIL EXPRESS
16,17,MAIHAR,MYR,00:21,00:22,19091,Mon,MAIL EXPRESS
17,18,SATNA,STA,00:20,00:19,19091,Mon,MAIL EXPRESS
18,19,PRAYAGRAJ CHHEOKI,PCOI,00:00,00:10,19091,Mon,MAIL EXPRESS
19,20,VARANASI,BSB,00:00,00:00,19091,Mon,MAIL EXPRESS
20,21,MAU JN,MAU,00:22,00:21,19091,Mon,MAIL EXPRESS
21,22,BHATNI JN,BTT,00:18,00:18,19091,Mon,MAIL EXPRESS
22,23,DEORIA SADAR,DEOS,00:38,00:35,19091,Mon,MAIL EXPRESS
23,24,GORAKHPUR JN,GKP,00:00,0,19091,Mon,MAIL EXPRESS
