,sr_no,station,station_code,avg_arr_delay,avg_dep_delay,train_no,days,type
0,1,BANDRA TERMINUS,BDTS,0,00:00,19203,Sat,MAIL EXPRESS
1,2,BORIVALI,BVI,00:07,00:12,19203,Sat,MAIL EXPRESS
2,3,VAPI,VAPI,00:16,00:16,19203,Sat,MAIL EXPRESS
3,4,SURAT,ST,00:04,00:06,19203,Sat,MAIL EXPRESS
4,5,ANKLESHWAR JN,AKV,00:08,00:08,19203,Sat,MAIL EXPRESS
5,6,VADODARA JN,BRC,00:10,00:16,19203,Sat,MAIL EXPRESS
6,7,ANAND JN,ANND,00:15,00:15,19203,Sat,MAIL EXPRESS
7,8,NADIAD JN,ND,00:17,00:17,19203,Sat,MAIL EXPRESS
8,9,AHMEDABAD JN,ADI,00:00,00:12,19203,Sat,MAIL EXPRESS
9,10,SARKHEJ,SEJ,00:02,00:01,19203,Sat,MAIL EXPRESS
10,11,DHANDHUKA,DCK,00:00,00:00,19203,Sat,MAIL EXPRESS
11,12,BOTAD JN,BTD,00:00,00:17,19203,Sat,MAIL EXPRESS
12,13,DHOLA JN,DLJ,00:14,00:24,19203,Sat,MAIL EXPRESS
13,14,DHASA JN,DAS,00:28,00:28,19203,Sat,MAIL EXPRESS
14,15,LATHI,LAT,00:30,00:30,19203,Sat,MAIL EXPRESS
15,16,KHIJADIYA JN,KJV,00:30,00:30,19203,Sat,MAIL EXPRESS
16,17,CHITAL,CTL,00:26,00:26,19203,Sat,MAIL EXPRESS
17,18,LUNIDHAR,LDU,00:26,00:26,19203,Sat,MAIL EXPRESS
18,19,KUNKAVAV JN,KKV,00:27,00:27,19203,Sat,MAIL EXPRESS
19,20,KHAKHARIA,KKK,00:28,00:28,19203,Sat,MAIL EXPRESS
20,21,VADIYA DEVLI,VDV,00:29,00:28,19203,Sat,MAIL EXPRESS
21,22,JETALSAR JN,JLR,00:10,00:06,19203,Sat,MAIL EXPRESS
22,23,JUNAGADH JN,JND,00:11,00:11,19203,Sat,MAIL EXPRESS
23,24,VERAVAL,VRL,00:02,0,19203,Sat,MAIL EXPRESS
