,sr_no,station,station_code,avg_arr_delay,avg_dep_delay,train_no,days,type
0,1,BANDRA TERMINUS,BDTS,0,00:00,19217,Daily,MAIL EXPRESS
1,2,BORIVALI,BVI,00:17,00:18,19217,Daily,MAIL EXPRESS
2,3,PALGHAR,PLG,00:09,00:11,19217,Daily,MAIL EXPRESS
3,4,DAHANU ROAD,DRD,00:11,00:10,19217,Daily,MAIL EXPRESS
4,5,VAPI,VAPI,00:09,00:09,19217,Daily,MAIL EXPRESS
5,6,VALSAD,BL,00:09,00:11,19217,Daily,MAIL EXPRESS
6,7,BILIMORA JN,BIM,00:11,00:12,19217,Daily,MAIL EXPRESS
7,8,NAVSARI,NVS,00:11,00:11,19217,Daily,MAIL EXPRESS
8,9,SURAT,ST,00:01,00:04,19217,Daily,MAIL EXPRESS
9,10,KOSAMBA JN,KSB,00:07,00:06,19217,Daily,MAIL EXPRESS
10,11,ANKLESHWAR JN,AKV,00:00,00:03,19217,Daily,MAIL EXPRESS
11,12,BHARUCH JN,BH,00:04,00:06,19217,Daily,MAIL EXPRESS
12,13,VADODARA JN,BRC,00:08,00:12,19217,Daily,MAIL EXPRESS
13,14,ANAND JN,ANND,00:08,00:08,19217,Daily,MAIL EXPRESS
14,15,NADIAD JN,ND,00:07,00:07,19217,Daily,MAIL EXPRESS
15,16,MAHEMADAVAD KHEDA ROAD,MHD,00:06,00:06,19217,Daily,MAIL EXPRESS
16,17,AHMEDABAD JN,ADI,00:02,00:04,19217,Daily,MAIL EXPRESS
17,18,CHANDLODIYA,CLDY,00:04,00:05,19217,Daily,MAIL EXPRESS
18,19,VIRAMGAM JN,VG,00:00,00:04,19217,Daily,MAIL EXPRESS
19,20,LAKHTAR,LTR,00:13,00:13,19217,Daily,MAIL EXPRESS
20,21,SURENDRANAGAR,SUNR,00:00,00:02,19217,Daily,MAIL EXPRESS
21,22,MULI ROAD,MOL,00:21,00:21,19217,Daily,MAIL EXPRESS
22,23,THAN JN,THAN,00:25,00:25,19217,Daily,MAIL EXPRESS
23,24,WANKANER JN,WKR,00:24,00:24,19217,Daily,MAIL EXPRESS
24,25,RAJKOT,RJT,00:22,00:11,19217,Daily,MAIL EXPRESS
25,26,BHAKTI NAGAR,BKNG,00:05,00:08,19217,Daily,MAIL EXPRESS
26,27,GONDAL,GDL,00:13,00:14,19217,Daily,MAIL EXPRESS
27,28,VIRPUR,VRR,00:16,00:18,19217,Daily,MAIL EXPRESS
28,29,JETALSAR JN,JLR,00:24,00:22,19217,Daily,MAIL EXPRESS
29,30,JUNAGADH JN,JND,00:19,00:20,19217,Daily,MAIL EXPRESS
30,31,KESHOD,KSD,00:22,00:31,19217,Daily,MAIL EXPRESS
31,32,MALIYA HATINA,MLHA,00:23,00:25,19217,Daily,MAIL EXPRESS
32,33,VERAVAL,VRL,00:00,0,19217,Daily,MAIL EXPRESS
