,sr_no,station,station_code,avg_arr_delay,avg_dep_delay,train_no,days,type
0,1,BORIVALI,BVI,0,00:02,19417,Daily,MAIL EXPRESS
1,2,VASAI ROAD,BSR,00:15,00:14,19417,Daily,MAIL EXPRESS
2,3,VIRAR,VR,00:14,00:14,19417,Daily,MAIL EXPRESS
3,4,VAITARNA,VTN,00:12,00:12,19417,Daily,MAIL EXPRESS
4,5,SAPHALE,SAH,00:11,00:11,19417,Daily,MAIL EXPRESS
5,6,KELVA ROAD,KLV,00:07,00:13,19417,Daily,MAIL EXPRESS
6,7,PALGHAR,PLG,00:15,00:16,19417,Daily,MAIL EXPRESS
7,8,BOISAR,BOR,00:18,00:21,19417,Daily,MAIL EXPRESS
8,9,VANGAON,VGN,00:03,00:18,19417,Daily,MAIL EXPRESS
9,10,DAHANU ROAD,DRD,00:13,00:16,19417,Daily,MAIL EXPRESS
10,11,GHOLVAD,GVD,00:12,00:19,19417,Daily,MAIL EXPRESS
11,12,UMBARGAM ROAD,UBR,00:00,00:06,19417,Daily,MAIL EXPRESS
12,13,SANJAN,SJN,00:00,00:07,19417,Daily,MAIL EXPRESS
13,14,BHILAD,BLD,00:00,00:14,19417,Daily,MAIL EXPRESS
14,15,VAPI,VAPI,00:09,00:10,19417,Daily,MAIL EXPRESS
15,16,UDVADA,UVD,00:08,00:07,19417,Daily,MAIL EXPRESS
16,17,PARDI,PAD,00:06,00:06,19417,Daily,MAIL EXPRESS
17,18,ATUL,ATUL,00:06,00:07,19417,Daily,MAIL EXPRESS
18,19,VALSAD,BL,00:04,00:06,19417,Daily,MAIL EXPRESS
19,20,DUNGRI,DGI,00:00,00:08,19417,Daily,MAIL EXPRESS
20,21,BILIMORA JN,BIM,00:08,00:15,19417,Daily,MAIL EXPRESS
21,22,AMALSAD,AML,00:13,00:14,19417,Daily,MAIL EXPRESS
22,23,VEDCHHA,VDH,00:00,00:11,19417,Daily,MAIL EXPRESS
23,24,NAVSARI,NVS,00:13,00:14,19417,Daily,MAIL EXPRESS
24,25,MAROLI,MRL,00:08,00:10,19417,Daily,MAIL EXPRESS
25,26,SACHIN,SCH,00:08,00:09,19417,Daily,MAIL EXPRESS
26,27,BHESTAN,BHET,00:02,00:03,19417,Daily,MAIL EXPRESS
27,28,UDHNA JN,UDN,00:06,00:08,19417,Daily,MAIL EXPRESS
28,29,SURAT,ST,00:02,00:04,19417,Daily,MAIL EXPRESS
29,30,UTRAN,URN,00:03,00:04,19417,Daily,MAIL EXPRESS
30,31,KOSAD,KSE,00:03,00:03,19417,Daily,MAIL EXPRESS
31,32,GOTHANGAM,GTX,00:00,00:12,19417,Daily,MAIL EXPRESS
32,33,SAYAN,SYN,00:05,00:11,19417,Daily,MAIL EXPRESS
33,34,KIM,KIM,00:11,00:15,19417,Daily,MAIL EXPRESS
34,35,KOSAMBA JN,KSB,00:16,00:15,19417,Daily,MAIL EXPRESS
35,36,PANOLI,PAO,00:17,00:20,19417,Daily,MAIL EXPRESS
36,37,ANKLESHWAR JN,AKV,00:18,00:17,19417,Daily,MAIL EXPRESS
37,38,BHARUCH JN,BH,00:20,00:19,19417,Daily,MAIL EXPRESS
38,39,NABIPUR,NIU,00:19,00:20,19417,Daily,MAIL EXPRESS
39,40,VAREDIYA,VRE,00:20,00:20,19417,Daily,MAIL EXPRESS
40,41,VADODARA JN,BRC,00:11,00:12,19417,Daily,MAIL EXPRESS
41,42,ANAND JN,ANND,00:14,00:11,19417,Daily,MAIL EXPRESS
42,43,NADIAD JN,ND,00:16,00:15,19417,Daily,MAIL EXPRESS
43,44,MAHEMADAVAD KHEDA ROAD,MHD,00:07,00:07,19417,Daily,MAIL EXPRESS
44,45,AHMEDABAD JN,ADI,00:00,0,19417,Daily,MAIL EXPRESS
