,sr_no,station,station_code,avg_arr_delay,avg_dep_delay,train_no,days,type
0,1,BORIVALI,BVI,0,00:02,19425,Daily,MAIL EXPRESS
1,2,BHAYANDAR,BYR,00:09,00:09,19425,Daily,MAIL EXPRESS
2,3,VASAI ROAD,BSR,00:09,00:09,19425,Daily,MAIL EXPRESS
3,4,VIRAR,VR,00:10,00:19,19425,Daily,MAIL EXPRESS
4,5,SAPHALE,SAH,00:21,00:20,19425,Daily,MAIL EXPRESS
5,6,KELVA ROAD,KLV,00:12,00:22,19425,Daily,MAIL EXPRESS
6,7,PALGHAR,PLG,00:24,00:25,19425,Daily,MAIL EXPRESS
7,8,BOISAR,BOR,00:21,00:23,19425,Daily,MAIL EXPRESS
8,9,VANGAON,VGN,00:25,00:30,19425,Daily,MAIL EXPRESS
9,10,DAHANU ROAD,DRD,00:29,00:28,19425,Daily,MAIL EXPRESS
10,11,GHOLVAD,GVD,00:20,00:29,19425,Daily,MAIL EXPRESS
11,12,UMBARGAM ROAD,UBR,00:09,00:15,19425,Daily,MAIL EXPRESS
12,13,SANJAN,SJN,00:14,00:18,19425,Daily,MAIL EXPRESS
13,14,BHILAD,BLD,00:18,00:31,19425,Daily,MAIL EXPRESS
14,15,VAPI,VAPI,00:34,00:34,19425,Daily,MAIL EXPRESS
15,16,UDVADA,UVD,00:24,00:23,19425,Daily,MAIL EXPRESS
16,17,PARDI,PAD,00:13,00:14,19425,Daily,MAIL EXPRESS
17,18,VALSAD,BL,00:25,00:25,19425,Daily,MAIL EXPRESS
18,19,DUNGRI,DGI,00:32,00:33,19425,Daily,MAIL EXPRESS
19,20,BILIMORA JN,BIM,00:29,00:29,19425,Daily,MAIL EXPRESS
20,21,AMALSAD,AML,00:29,00:29,19425,Daily,MAIL EXPRESS
21,22,VEDCHHA,VDH,00:27,00:30,19425,Daily,MAIL EXPRESS
22,23,NAVSARI,NVS,00:30,00:30,19425,Daily,MAIL EXPRESS
23,24,MAROLI,MRL,00:30,00:29,19425,Daily,MAIL EXPRESS
24,25,SACHIN,SCH,00:23,00:23,19425,Daily,MAIL EXPRESS
25,26,BHESTAN,BHET,00:17,00:24,19425,Daily,MAIL EXPRESS
26,27,CHALTHAN,CHM,00:00,00:04,19425,Daily,MAIL EXPRESS
27,28,GANGADHRA,GGAR,00:09,00:10,19425,Daily,MAIL EXPRESS
28,29,BARDOLI,BIY,00:14,00:13,19425,Daily,MAIL EXPRESS
29,30,MADHI,MID,00:09,00:09,19425,Daily,MAIL EXPRESS
30,31,VYARA,VYA,00:07,00:08,19425,Daily,MAIL EXPRESS
31,32,KIKAKUI ROAD,KKRD,00:08,00:08,19425,Daily,MAIL EXPRESS
32,33,UKAI SONGADH,USD,00:03,00:04,19425,Daily,MAIL EXPRESS
33,34,LAKKAD KOT,LKKD,00:06,00:06,19425,Daily,MAIL EXPRESS
34,35,BHADBHUNJA,BBAI,00:05,00:05,19425,Daily,MAIL EXPRESS
35,36,NAVAPUR,NWU,00:06,00:06,19425,Daily,MAIL EXPRESS
36,37,KOLDA,KFF,00:04,00:04,19425,Daily,MAIL EXPRESS
37,38,CHINCHPADA,CPD,00:02,00:04,19425,Daily,MAIL EXPRESS
38,39,KHATGAON,KHTG,00:02,00:03,19425,Daily,MAIL EXPRESS
39,40,KHANDBAARA,KBH,00:03,00:03,19425,Daily,MAIL EXPRESS
40,41,DHEKVAD,DWD,00:03,00:03,19425,Daily,MAIL EXPRESS
41,42,NANDURBAR,NDB,00:00,0,19425,Daily,MAIL EXPRESS
