,sr_no,station,station_code,avg_arr_delay,avg_dep_delay,train_no,days,type
0,1,LOKMANYATILAK,LTT,0,00:13,20103,Daily,SUPERFAST
1,2,IGATPURI,IGP,00:10,00:13,20103,Daily,SUPERFAST
2,3,BHUSAVAL JN,BSL,00:13,00:19,20103,Daily,SUPERFAST
3,4,KHANDWA JUNCTION,KNW,00:08,00:08,20103,Daily,SUPERFAST
4,5,ITARSI JN,ET,00:20,00:21,20103,Daily,SUPERFAST
5,6,BHOPAL,BPL,00:14,00:18,20103,Daily,SUPERFAST
6,7,VIRANGANA LAKSHMIBAI JHANSI,VGLJ,00:41,00:43,20103,Daily,SUPERFAST
7,8,ORAI,ORAI,00:59,01:00,20103,Daily,SUPERFAST
8,9,POKHRAYAN,PHN,01:12,01:12,20103,Daily,SUPERFAST
9,10,KANPUR CENTRAL,CNB,00:00,00:05,20103,Daily,SUPERFAST
10,11,AISHBAGH,ASH,00:00,00:00,20103,Daily,SUPERFAST
11,12,BADSHAHNAGAR,BNZ,00:00,00:00,20103,Daily,SUPERFAST
12,13,GONDA JN,GD,00:01,00:04,20103,Daily,SUPERFAST
13,14,MASKANWA,MSW,00:12,00:13,20103,Daily,SUPERFAST
14,15,BABHNAN,BV,00:22,00:25,20103,Daily,SUPERFAST
15,16,BASTI,BST,00:28,00:29,20103,Daily,SUPERFAST
16,17,KHALILABAD,KLD,00:29,00:31,20103,Daily,SUPERFAST
17,18,GORAKHPUR JN,GKP,00:06,0,20103,Daily,SUPERFAST
