,sr_no,station,station_code,avg_arr_delay,avg_dep_delay,train_no,days,type
0,1,CHHATRAPATI SHIVAJI MAHARAJ TERMINUS,CSMT,0,00:49,20111,Daily,SUPERFAST
1,2,DADAR,DR,00:25,00:25,20111,Daily,SUPERFAST
2,3,THANE,TNA,00:24,00:25,20111,Daily,SUPERFAST
3,4,PANVEL,PNVL,01:07,01:06,20111,Daily,SUPERFAST
4,5,KHED,KHED,01:22,01:22,20111,Daily,SUPERFAST
5,6,CHIPLUN,CHI,01:23,01:26,20111,Daily,SUPERFAST
6,7,SANGAMESHWAR ROAD,SGR,01:22,01:27,20111,Daily,SUPERFAST
7,8,RATNAGIRI,RN,01:16,01:21,20111,Daily,SUPERFAST
8,9,VILAVADE,VID,01:39,01:45,20111,Daily,SUPERFAST
9,10,RAJAPUR ROAD,RAJP,01:53,01:53,20111,Daily,SUPERFAST
10,11,VAIBHAVWADI ROAD,VBW,01:58,01:58,20111,Daily,SUPERFAST
11,12,KANKAVLI,KKW,02:01,02:03,20111,Daily,SUPERFAST
12,13,SINDHUDURG,SNDD,02:06,02:06,20111,Daily,SUPERFAST
13,14,KUDAL,KUDL,02:06,02:06,20111,Daily,SUPERFAST
14,15,SAWANTWADI ROAD,SWV,02:06,02:07,20111,Daily,SUPERFAST
15,16,PERNEM,PERN,01:40,01:42,20111,Daily,SUPERFAST
16,17,THIVIM,THVM,01:26,01:29,20111,Daily,SUPERFAST
17,18,KARMALI,KRMI,01:30,01:31,20111,Daily,SUPERFAST
18,19,MADGAON JUNCTION,MAO,01:01,0,20111,Daily,SUPERFAST
