,sr_no,station,station_code,avg_arr_delay,avg_dep_delay,train_no,days,type
0,1,DADAR,DDR,0,00:01,20484,"Tue,Fri",SUPERFAST
1,2,BORIVALI,BVI,00:11,00:11,20484,"Tue,Fri",SUPERFAST
2,3,PALGHAR,PLG,00:10,00:09,20484,"Tue,Fri",SUPERFAST
3,4,VAPI,VAPI,00:06,00:09,20484,"Tue,Fri",SUPERFAST
4,5,SURAT,ST,00:00,00:01,20484,"Tue,Fri",SUPERFAST
5,6,BHARUCH JN,BH,00:21,00:21,20484,"Tue,Fri",SUPERFAST
6,7,VADODARA JN,BRC,00:18,00:25,20484,"Tue,Fri",SUPERFAST
7,8,AHMEDABAD JN,ADI,00:05,00:08,20484,"Tue,Fri",SUPERFAST
8,9,MAHESANA JN,MSH,00:17,00:23,20484,"Tue,Fri",SUPERFAST
9,10,PATAN,PTN,00:23,00:23,20484,"Tue,Fri",SUPERFAST
10,11,BHILDI JN.,BLDI,00:00,00:00,20484,"Tue,Fri",SUPERFAST
11,12,RANIWARA,RNV,00:15,00:15,20484,"Tue,Fri",SUPERFAST
12,13,MARWAR BHINMAL,MBNL,00:11,00:14,20484,"Tue,Fri",SUPERFAST
13,14,MODRAN,MON,00:14,00:14,20484,"Tue,Fri",SUPERFAST
14,15,JALOR,JOR,00:13,00:13,20484,"Tue,Fri",SUPERFAST
15,16,MOKALSAR,MKSR,00:14,00:14,20484,"Tue,Fri",SUPERFAST
16,17,SAMDHARI JN,SMR,00:13,00:14,20484,"Tue,Fri",SUPERFAST
17,18,BHAGAT KI KOTHI,BGKT,00:04,0,20484,"Tue,Fri",SUPERFAST
