,sr_no,station,station_code,avg_arr_delay,avg_dep_delay,train_no,days,type
0,1,CHHATRAPATI SHIVAJI MAHARAJ TERMINUS,CSMT,0,00:02,20706,"Mon,Tue,Thu,Fri,Sat,Sun",VANDE BHARAT
1,2,KALYAN JN,KYN,00:12,00:14,20706,"Mon,Tue,Thu,Fri,Sat,Sun",VANDE BHARAT
2,3,NASIK ROAD,NK,00:10,00:11,20706,"Mon,Tue,Thu,Fri,Sat,Sun",VANDE BHARAT
3,4,MANMAD JN,MMR,00:11,00:16,20706,"Mon,Tue,Thu,Fri,Sat,Sun",VANDE BHARAT
4,5,AURANGABAD,AWB,00:00,00:13,20706,"Mon,Tue,Thu,Fri,Sat,Sun",VANDE BHARAT
5,6,JALNA,J,00:00,0,20706,"Mon,Tue,Thu,Fri,Sat,Sun",VANDE BHARAT
