,sr_no,station,station_code,avg_arr_delay,avg_dep_delay,train_no,days,type
0,1,DADAR,DDR,0,00:00,20907,Daily,SUPERFAST
1,2,BORIVALI,BVI,00:15,00:14,20907,Daily,SUPERFAST
2,3,DAHANU ROAD,DRD,00:07,00:07,20907,Daily,SUPERFAST
3,4,VAPI,VAPI,00:06,00:07,20907,Daily,SUPERFAST
4,5,VALSAD,BL,00:07,00:08,20907,Daily,SUPERFAST
5,6,BILIMORA JN,BIM,00:07,00:11,20907,Daily,SUPERFAST
6,7,NAVSARI,NVS,00:05,00:06,20907,Daily,SUPERFAST
7,8,SURAT,ST,00:03,00:04,20907,Daily,SUPERFAST
8,9,KOSAMBA JN,KSB,00:05,00:05,20907,Daily,SUPERFAST
9,10,ANKLESHWAR JN,AKV,00:07,00:08,20907,Daily,SUPERFAST
10,11,BHARUCH JN,BH,00:12,00:14,20907,Daily,SUPERFAST
11,12,PALEJ,PLJ,00:11,00:13,20907,Daily,SUPERFAST
12,13,MIYAGAM KARJAN,MYG,00:13,00:13,20907,Daily,SUPERFAST
13,14,VISHVAMITRI JN.,VS,00:11,00:11,20907,Daily,SUPERFAST
14,15,VADODARA JN,BRC,00:09,00:09,20907,Daily,SUPERFAST
15,16,ANAND JN,ANND,00:12,00:12,20907,Daily,SUPERFAST
16,17,NADIAD JN,ND,00:12,00:12,20907,Daily,SUPERFAST
17,18,AHMEDABAD JN,ADI,00:10,00:15,20907,Daily,SUPERFAST
18,19,VIRAMGAM JN,VG,00:19,00:20,20907,Daily,SUPERFAST
19,20,DHRANGADHRA,DHG,00:19,00:20,20907,Daily,SUPERFAST
20,21,HALVAD,HVD,00:16,00:16,20907,Daily,SUPERFAST
21,22,SAMAKHIALI B G,SIOB,00:00,00:02,20907,Daily,SUPERFAST
22,23,BHACHAU BG,BCOB,00:07,00:07,20907,Daily,SUPERFAST
23,24,GANDHIDHAM BG,GIMB,00:00,00:04,20907,Daily,SUPERFAST
24,25,ADIPUR,AI,00:10,00:21,20907,Daily,SUPERFAST
25,26,ANJAR,AJE,00:25,00:24,20907,Daily,SUPERFAST
26,27,BHUJ,BHUJ,00:07,0,20907,Daily,SUPERFAST
