,sr_no,station,station_code,avg_arr_delay,avg_dep_delay,train_no,days,type
0,1,MUMBAI CENTRAL,MMCT,0,00:01,20901,"Mon,Tue,Thu,Fri,Sat,Sun",VANDE BHARAT
1,2,BORIVALI,BVI,00:13,00:14,20901,"Mon,Tue,Thu,Fri,Sat,Sun",VANDE BHARAT
2,3,VAPI,VAPI,00:02,00:03,20901,"Mon,Tue,Thu,Fri,Sat,Sun",VANDE BHARAT
3,4,SURAT,ST,00:00,00:02,20901,"Mon,Tue,Thu,Fri,Sat,Sun",VANDE BHARAT
4,5,VADODARA JN,BRC,00:04,00:06,20901,"Mon,Tue,Thu,Fri,Sat,Sun",VANDE BHARAT
5,6,AHMEDABAD JN,ADI,00:00,00:01,20901,"Mon,Tue,Thu,Fri,Sat,Sun",VANDE BHARAT
6,7,GANDHINAGAR CAPITAL,GNC,00:00,0,20901,"Mon,Tue,Thu,Fri,Sat,Sun",VANDE BHARAT
