,sr_no,station,station_code,avg_arr_delay,avg_dep_delay,train_no,days,type
0,1,BANDRA TERMINUS,BDTS,0,00:00,20921,Sat,SUPERFAST
1,2,BORIVALI,BVI,00:12,00:16,20921,Sat,SUPERFAST
2,3,BOISAR,BOR,00:27,00:28,20921,Sat,SUPERFAST
3,4,VAPI,VAPI,00:25,00:25,20921,Sat,SUPERFAST
4,5,SURAT,ST,00:11,00:14,20921,Sat,SUPERFAST
5,6,BHARUCH JN,BH,00:37,00:37,20921,Sat,SUPERFAST
6,7,VADODARA JN,BRC,00:34,00:32,20921,Sat,SUPERFAST
7,8,GODHRA JN,GDA,00:41,00:40,20921,Sat,SUPERFAST
8,9,DAHOD,DHD,00:39,00:39,20921,Sat,SUPERFAST
9,10,RATLAM JN,RTM,00:23,00:18,20921,Sat,SUPERFAST
10,11,BHAWANI MANDI,BWM,00:10,00:10,20921,Sat,SUPERFAST
11,12,KOTA JN,KOTA,00:07,00:11,20921,Sat,SUPERFAST
12,13,SAWAI MADHOPUR,SWM,00:21,00:21,20921,Sat,SUPERFAST
13,14,BHARATPUR JN,BTE,00:05,00:03,20921,Sat,SUPERFAST
14,15,MATHURA JN.,MTJ,00:00,00:01,20921,Sat,SUPERFAST
15,16,HATHRAS CITY,HTC,00:00,00:00,20921,Sat,SUPERFAST
16,17,KASGANJ,KSJ,00:07,00:07,20921,Sat,SUPERFAST
17,18,FARRUKHABAD,FBD,00:00,00:00,20921,Sat,SUPERFAST
18,19,KANNAUJ,KJN,00:01,00:02,20921,Sat,SUPERFAST
19,20,KANPUR ANWRGANJ,CPA,00:00,00:00,20921,Sat,SUPERFAST
20,21,KANPUR CENTRAL,CNB,00:00,00:01,20921,Sat,SUPERFAST
21,22,LUCKNOW,LJN,00:09,0,20921,Sat,SUPERFAST
