,sr_no,station,station_code,avg_arr_delay,avg_dep_delay,train_no,days,type
0,1,BANDRA TERMINUS,BDTS,0,00:01,20941,"Fri,Sun",SUPERFAST
1,2,BORIVALI,BVI,00:05,00:05,20941,"Fri,Sun",SUPERFAST
2,3,VAPI,VAPI,00:02,00:05,20941,"Fri,Sun",SUPERFAST
3,4,VALSAD,BL,00:05,00:05,20941,"Fri,Sun",SUPERFAST
4,5,SURAT,ST,00:09,00:09,20941,"Fri,Sun",SUPERFAST
5,6,BHARUCH JN,BH,00:18,00:18,20941,"Fri,Sun",SUPERFAST
6,7,VADODARA JN,BRC,00:22,00:20,20941,"Fri,Sun",SUPERFAST
7,8,RATLAM JN,RTM,00:22,00:27,20941,"Fri,Sun",SUPERFAST
8,9,SHAMGARH,SGZ,00:25,00:27,20941,"Fri,Sun",SUPERFAST
9,10,RAMGANJ MANDI,RMA,00:35,00:35,20941,"Fri,Sun",SUPERFAST
10,11,KOTA JN,KOTA,00:26,00:27,20941,"Fri,Sun",SUPERFAST
11,12,SAWAI MADHOPUR,SWM,00:35,00:34,20941,"Fri,Sun",SUPERFAST
12,13,GANGAPUR CITY,GGC,00:34,00:35,20941,"Fri,Sun",SUPERFAST
13,14,SHRI MAHAVEERJI,SMVJ,00:38,00:37,20941,"Fri,Sun",SUPERFAST
14,15,HINDAUN CITY,HAN,00:35,00:35,20941,"Fri,Sun",SUPERFAST
15,16,BAYANA JN,BXN,00:17,00:19,20941,"Fri,Sun",SUPERFAST
16,17,AGRA CANTT,AGC,00:46,00:54,20941,"Fri,Sun",SUPERFAST
17,18,SHAMSHABAD TOWN,SSDT,01:00,01:01,20941,"Fri,Sun",SUPERFAST
18,19,ETAWAH JN,ETW,00:38,00:39,20941,"Fri,Sun",SUPERFAST
19,20,KANPUR CENTRAL,CNB,00:40,00:44,20941,"Fri,Sun",SUPERFAST
20,21,PRAYAGRAJ JN,PRYJ,00:17,00:24,20941,"Fri,Sun",SUPERFAST
21,22,JANGHAI JN,JNH,00:48,00:50,20941,"Fri,Sun",SUPERFAST
22,23,MARIAHU,MAY,00:38,00:39,20941,"Fri,Sun",SUPERFAST
23,24,JAUNPUR JN,JNU,00:33,00:31,20941,"Fri,Sun",SUPERFAST
24,25,KIRAKAT,KCT,00:08,00:08,20941,"Fri,Sun",SUPERFAST
25,26,DODHI,DHE,00:42,00:42,20941,"Fri,Sun",SUPERFAST
26,27,AUNRIHAR JN.,ARJ,00:35,00:35,20941,"Fri,Sun",SUPERFAST
27,28,GHAZIPUR CITY,GCT,00:19,0,20941,"Fri,Sun",SUPERFAST
