,sr_no,station,station_code,avg_arr_delay,avg_dep_delay,train_no,days,type
0,1,BANDRA TERMINUS,BDTS,0,00:00,20943,Thu,SUPERFAST
1,2,BORIVALI,BVI,00:05,00:11,20943,Thu,SUPERFAST
2,3,VAPI,VAPI,00:12,00:12,20943,Thu,SUPERFAST
3,4,SURAT,ST,00:43,00:43,20943,Thu,SUPERFAST
4,5,VADODARA JN,BRC,01:06,01:07,20943,Thu,SUPERFAST
5,6,AHMEDABAD JN,ADI,00:27,00:26,20943,Thu,SUPERFAST
6,7,PALANPUR JN,PNU,00:00,00:00,20943,Thu,SUPERFAST
7,8,ABU ROAD,ABR,00:00,00:00,20943,Thu,SUPERFAST
8,9,JAWAI BANDH,JWB,00:03,00:04,20943,Thu,SUPERFAST
9,10,PALI MARWAR,PMY,00:13,00:11,20943,Thu,SUPERFAST
10,11,BHAGAT KI KOTHI,BGKT,00:08,0,20943,Thu,SUPERFAST
