,sr_no,station,station_code,avg_arr_delay,avg_dep_delay,train_no,days,type
0,1,LOKMANYATILAK,LTT,0,00:01,22101,Wed,SUPERFAST
1,2,THANE,TNA,00:02,00:03,22101,Wed,SUPERFAST
2,3,KALYAN JN,KYN,00:07,00:07,22101,Wed,SUPERFAST
3,4,KARJAT,KJT,00:25,00:31,22101,Wed,SUPERFAST
4,5,PUNE JN,PUNE,00:59,01:26,22101,Wed,SUPERFAST
5,6,DAUND JN,DD,01:27,01:25,22101,Wed,SUPERFAST
6,7,SOLAPUR JN,SUR,01:37,01:40,22101,Wed,SUPERFAST
7,8,KALABURAGI,KLBG,02:03,02:02,22101,Wed,SUPERFAST
8,9,SHAHABAD,SDB,01:59,01:59,22101,Wed,SUPERFAST
9,10,WADI,WADI,01:46,01:49,22101,Wed,SUPERFAST
10,11,RAICHUR,RC,01:59,02:00,22101,Wed,SUPERFAST
11,12,MANTHRALAYAM RD,MALM,01:57,01:56,22101,Wed,SUPERFAST
12,13,ADONI,AD,02:01,02:03,22101,Wed,SUPERFAST
13,14,GUNTAKAL JN,GTL,01:53,01:54,22101,Wed,SUPERFAST
14,15,GOOTY,GY,02:00,02:01,22101,Wed,SUPERFAST
15,16,CUDDAPAH,HX,01:28,01:28,22101,Wed,SUPERFAST
16,17,RAZAMPETA,RJP,01:27,01:27,22101,Wed,SUPERFAST
17,18,RENIGUNTA JN,RU,00:54,00:59,22101,Wed,SUPERFAST
18,19,TIRUTTANI,TRT,01:02,01:01,22101,Wed,SUPERFAST
19,20,KANCHIPURAM,CJ,00:52,00:52,22101,Wed,SUPERFAST
20,21,CHENGALPATTU,CGL,00:39,00:39,22101,Wed,SUPERFAST
21,22,VILLUPURAM JN,VM,00:26,00:30,22101,Wed,SUPERFAST
22,23,VRIDDHACHALAM JN,VRI,00:35,00:35,22101,Wed,SUPERFAST
23,24,TIRUCHCHIRAPPALLI JN.,TPJ,00:15,00:24,22101,Wed,SUPERFAST
24,25,DINDIGUL JN,DG,00:08,00:09,22101,Wed,SUPERFAST
25,26,MADURAI JN,MDU,00:00,0,22101,Wed,SUPERFAST
