,sr_no,station,station_code,avg_arr_delay,avg_dep_delay,train_no,days,type
0,1,LOKMANYATILAK,LTT,0,00:02,22103,Mon,SUPERFAST
1,2,KALYAN JN,KYN,00:10,00:17,22103,Mon,SUPERFAST
2,3,NASIK ROAD,NK,00:24,00:24,22103,Mon,SUPERFAST
3,4,JALGAON JN,JL,00:35,00:36,22103,Mon,SUPERFAST
4,5,BHUSAVAL JN,BSL,00:27,00:34,22103,Mon,SUPERFAST
5,6,ITARSI JN,ET,00:00,00:00,22103,Mon,SUPERFAST
6,7,JABALPUR,JBP,00:00,00:00,22103,Mon,SUPERFAST
7,8,KATNI,KTE,00:02,00:04,22103,Mon,SUPERFAST
8,9,SATNA,STA,00:00,00:03,22103,Mon,SUPERFAST
9,10,MANIKPUR JN,MKP,00:04,00:05,22103,Mon,SUPERFAST
10,11,PRAYAGRAJ JN,PRYJ,00:30,00:37,22103,Mon,SUPERFAST
11,12,JANGHAI JN,JNH,00:59,00:59,22103,Mon,SUPERFAST
12,13,MARIAHU,MAY,00:50,00:50,22103,Mon,SUPERFAST
13,14,AYODHYA CANTT,AYC,00:15,0,22103,Mon,SUPERFAST
