,sr_no,station,station_code,avg_arr_delay,avg_dep_delay,train_no,days,type
0,1,CHHATRAPATI SHIVAJI MAHARAJ TERMINUS,CSMT,0,00:00,22107,"Mon,Tue,Thu,Sun",SUPERFAST
1,2,DADAR,DR,00:06,00:06,22107,"Mon,Tue,Thu,Sun",SUPERFAST
2,3,THANE,TNA,00:14,00:15,22107,"Mon,Tue,Thu,Sun",SUPERFAST
3,4,KALYAN JN,KYN,00:15,00:17,22107,"Mon,Tue,Thu,Sun",SUPERFAST
4,5,KARJAT,KJT,00:20,00:24,22107,"Mon,Tue,Thu,Sun",SUPERFAST
5,6,PUNE JN,PUNE,00:28,00:31,22107,"Mon,Tue,Thu,Sun",SUPERFAST
6,7,DAUND JN,DD,00:33,00:33,22107,"Mon,Tue,Thu,Sun",SUPERFAST
7,8,KURDUVADI JN.,KWV,00:33,00:35,22107,"Mon,Tue,Thu,Sun",SUPERFAST
8,9,BARSI TOWN,BTW,00:28,00:29,22107,"Mon,Tue,Thu,Sun",SUPERFAST
9,10,USMANABAD,UMD,00:26,00:27,22107,"Mon,Tue,Thu,Sun",SUPERFAST
10,11,LATUR,LUR,00:00,0,22107,"Mon,Tue,Thu,Sun",SUPERFAST
