,sr_no,station,station_code,avg_arr_delay,avg_dep_delay,train_no,days,type
0,1,THANE,TNA,00:06,00:06,22109,Tue,SUPERFAST
1,2,KALYAN JN,KYN,00:24,00:31,22109,Tue,SUPERFAST
2,3,IGATPURI,IGP,00:38,00:43,22109,Tue,SUPERFAST
3,4,NASIK ROAD,NK,00:49,00:49,22109,Tue,SUPERFAST
4,5,BHUSAVAL JN,BSL,01:00,01:05,22109,Tue,SUPERFAST
5,6,MALKAPUR,MKU,01:07,01:09,22109,Tue,SUPERFAST
6,7,AKOLA JN.,AK,00:54,00:55,22109,Tue,SUPERFAST
7,8,BADNERA JN.,BD,00:58,01:01,22109,Tue,SUPERFAST
8,9,DHAMANGAON,DMN,00:47,00:48,22109,Tue,SUPERFAST
9,10,PULGAON JN,PLO,00:52,00:53,22109,Tue,SUPERFAST
10,11,WARDHA JN,WR,00:54,00:54,22109,Tue,SUPERFAST
11,12,HINGANGHAT,HGT,00:59,01:00,22109,Tue,SUPERFAST
