,sr_no,station,station_code,avg_arr_delay,avg_dep_delay,train_no,days,type
0,1,CHHATRAPATI SHIVAJI MAHARAJ TERMINUS,CSMT,0,00:31,22105,Daily,SUPERFAST
1,2,DADAR,DR,00:37,00:38,22105,Daily,SUPERFAST
2,3,THANE,TNA,00:38,00:38,22105,Daily,SUPERFAST
3,4,KALYAN JN,KYN,00:42,00:44,22105,Daily,SUPERFAST
4,5,KARJAT,KJT,00:49,00:54,22105,Daily,SUPERFAST
5,6,LONAVALA,LNL,00:50,00:50,22105,Daily,SUPERFAST
6,7,SHIVAJI NAGAR,SVJR,00:57,00:58,22105,Daily,SUPERFAST
7,8,PUNE JN,PUNE,00:54,0,22105,Daily,SUPERFAST
