,sr_no,station,station_code,avg_arr_delay,avg_dep_delay,train_no,days,type
0,1,CHHATRAPATI SHIVAJI MAHARAJ TERMINUS,CSMT,0,01:00,22119,"Tue,Thu,Sat",TEJAS
1,2,DADAR,DR,01:33,01:37,22119,"Tue,Thu,Sat",TEJAS
2,3,THANE,TNA,01:10,01:10,22119,"Tue,Thu,Sat",TEJAS
3,4,PANVEL,PNVL,01:20,01:21,22119,"Tue,Thu,Sat",TEJAS
4,5,CHIPLUN,CHI,01:51,01:52,22119,"Tue,Thu,Sat",TEJAS
5,6,RATNAGIRI,RN,02:11,02:27,22119,"Tue,Thu,Sat",TEJAS
6,7,KUDAL,KUDL,02:45,02:45,22119,"Tue,Thu,Sat",TEJAS
7,8,KARMALI,KRMI,02:52,02:54,22119,"Tue,Thu,Sat",TEJAS
8,9,MADGAON JUNCTION,MAO,02:21,0,22119,"Tue,Thu,Sat",TEJAS
