,sr_no,station,station_code,avg_arr_delay,avg_dep_delay,train_no,days,type
0,1,LOKMANYATILAK,LTT,0,00:01,22113,"Tue,Sat",SUPERFAST
1,2,THANE,TNA,00:45,00:45,22113,"Tue,Sat",SUPERFAST
2,3,PANVEL,PNVL,00:43,00:45,22113,"Tue,Sat",SUPERFAST
3,4,KHED,KHED,01:13,01:13,22113,"Tue,Sat",SUPERFAST
4,5,CHIPLUN,CHI,01:26,01:28,22113,"Tue,Sat",SUPERFAST
5,6,RATNAGIRI,RN,01:30,01:40,22113,"Tue,Sat",SUPERFAST
6,7,SINDHUDURG,SNDD,02:05,02:05,22113,"Tue,Sat",SUPERFAST
7,8,PERNEM,PERN,02:06,02:07,22113,"Tue,Sat",SUPERFAST
8,9,MADGAON JUNCTION,MAO,02:37,02:36,22113,"Tue,Sat",SUPERFAST
9,10,KARWAR,KAWR,02:41,02:41,22113,"Tue,Sat",SUPERFAST
10,11,BHATKAL,BTJL,02:52,02:51,22113,"Tue,Sat",SUPERFAST
11,12,KUNDAPURA,KUDA,02:38,02:39,22113,"Tue,Sat",SUPERFAST
12,13,UDUPI,UD,02:17,02:17,22113,"Tue,Sat",SUPERFAST
13,14,MANGALORE JUNCTION,MAJN,02:03,02:11,22113,"Tue,Sat",SUPERFAST
14,15,KASARAGOD,KGQ,02:08,02:09,22113,"Tue,Sat",SUPERFAST
15,16,KANNUR,CAN,01:53,01:54,22113,"Tue,Sat",SUPERFAST
16,17,THALASSERY,TLY,01:51,01:52,22113,"Tue,Sat",SUPERFAST
17,18,KOZHIKKODE,CLT,01:41,01:42,22113,"Tue,Sat",SUPERFAST
18,19,TIRUR,TIR,01:38,01:40,22113,"Tue,Sat",SUPERFAST
19,20,SHORANUR JN,SRR,01:18,01:23,22113,"Tue,Sat",SUPERFAST
20,21,THRISUR,TCR,01:19,01:19,22113,"Tue,Sat",SUPERFAST
21,22,ERNAKULAM TOWN,ERN,01:17,01:18,22113,"Tue,Sat",SUPERFAST
22,23,KOTTAYAM,KTYM,01:43,01:46,22113,"Tue,Sat",SUPERFAST
23,24,TIRUVALLA,TRVL,01:41,01:43,22113,"Tue,Sat",SUPERFAST
24,25,CHENGANNUR,CNGR,01:44,01:44,22113,"Tue,Sat",SUPERFAST
25,26,KAYANKULAM JN,KYJ,01:38,01:39,22113,"Tue,Sat",SUPERFAST
26,27,KOLLAM JN,QLN,01:41,01:42,22113,"Tue,Sat",SUPERFAST
27,28,KOCHUVELI,KCVL,00:47,0,22113,"Tue,Sat",SUPERFAST
