,sr_no,station,station_code,avg_arr_delay,avg_dep_delay,train_no,days,type
0,1,LOKMANYATILAK,LTT,0,00:00,22121,Sat,SUPERFAST
1,2,THANE,TNA,00:00,00:01,22121,Sat,SUPERFAST
2,3,KALYAN JN,KYN,00:07,00:07,22121,Sat,SUPERFAST
3,4,NASIK ROAD,NK,00:00,00:01,22121,Sat,SUPERFAST
4,5,JALGAON JN,JL,00:21,00:22,22121,Sat,SUPERFAST
5,6,BHUSAVAL JN,BSL,00:15,00:26,22121,Sat,SUPERFAST
6,7,RANI KAMALAPATI,RKMP,00:00,00:00,22121,Sat,SUPERFAST
7,8,VIRANGANA LAKSHMIBAI JHANSI,VGLJ,00:05,00:07,22121,Sat,SUPERFAST
8,9,ORAI,ORAI,00:17,00:16,22121,Sat,SUPERFAST
9,10,KANPUR CENTRAL,CNB,00:00,00:05,22121,Sat,SUPERFAST
10,11,LUCKNOW,LKO,00:00,0,22121,Sat,SUPERFAST
