,sr_no,station,station_code,avg_arr_delay,avg_dep_delay,train_no,days,type
0,1,LOKMANYATILAK,LTT,0,00:00,22129,"Tue,Sun",SUPERFAST
1,2,THANE,TNA,00:09,00:09,22129,"Tue,Sun",SUPERFAST
2,3,KALYAN JN,KYN,00:14,00:15,22129,"Tue,Sun",SUPERFAST
3,4,IGATPURI,IGP,00:40,00:43,22129,"Tue,Sun",SUPERFAST
4,5,NASIK ROAD,NK,00:16,00:15,22129,"Tue,Sun",SUPERFAST
5,6,MANMAD JN,MMR,00:03,00:07,22129,"Tue,Sun",SUPERFAST
6,7,BHUSAVAL JN,BSL,00:12,00:15,22129,"Tue,Sun",SUPERFAST
7,8,BURHANPUR,BAU,00:12,00:14,22129,"Tue,Sun",SUPERFAST
8,9,KHANDWA JUNCTION,KNW,00:00,00:03,22129,"Tue,Sun",SUPERFAST
9,10,HARDA,HD,00:17,00:17,22129,"Tue,Sun",SUPERFAST
10,11,TIMARNI,TBN,00:19,00:19,22129,"Tue,Sun",SUPERFAST
11,12,ITARSI JN,ET,00:03,00:04,22129,"Tue,Sun",SUPERFAST
12,13,RANI KAMALAPATI,RKMP,00:08,00:09,22129,"Tue,Sun",SUPERFAST
13,14,BHOPAL,BPL,00:08,00:15,22129,"Tue,Sun",SUPERFAST
14,15,BINA JN,BINA,00:07,00:08,22129,"Tue,Sun",SUPERFAST
15,16,LALITPUR,LAR,00:30,00:31,22129,"Tue,Sun",SUPERFAST
16,17,VIRANGANA LAKSHMIBAI JHANSI,VGLJ,00:24,00:42,22129,"Tue,Sun",SUPERFAST
17,18,NIVARI,NEW,00:57,00:58,22129,"Tue,Sun",SUPERFAST
18,19,MAU RANIPUR,MRPR,01:06,01:07,22129,"Tue,Sun",SUPERFAST
19,20,HARPALPUR,HPP,01:07,01:08,22129,"Tue,Sun",SUPERFAST
20,21,MAHOBA,MBA,00:53,00:54,22129,"Tue,Sun",SUPERFAST
21,22,BANDA JN,BNDA,00:59,01:01,22129,"Tue,Sun",SUPERFAST
22,23,ATARRA,ATE,01:15,01:16,22129,"Tue,Sun",SUPERFAST
23,24,CHITRAKOT,CKTD,01:16,01:17,22129,"Tue,Sun",SUPERFAST
24,25,MANIKPUR JN,MKP,00:00,00:00,22129,"Tue,Sun",SUPERFAST
25,26,PRAYAGRAJ JN,PRYJ,00:01,00:03,22129,"Tue,Sun",SUPERFAST
26,27,PRAYAG,PRG,00:02,00:02,22129,"Tue,Sun",SUPERFAST
27,28,MAA BELHA DEVI DHAM PRATAPGARH JUNCTION,MBDP,00:05,00:07,22129,"Tue,Sun",SUPERFAST
28,29,SULTANPUR,SLN,00:30,00:43,22129,"Tue,Sun",SUPERFAST
29,30,AYODHYA CANTT,AYC,00:27,0,22129,"Tue,Sun",SUPERFAST
