,sr_no,station,station_code,avg_arr_delay,avg_dep_delay,train_no,days,type
0,1,CHHATRAPATI SHIVAJI MAHARAJ TERMINUS,CSMT,0,01:03,22143,"Wed,Fri,Sat",SUPERFAST
1,2,DADAR,DR,01:07,01:07,22143,"Wed,Fri,Sat",SUPERFAST
2,3,THANE,TNA,01:17,01:17,22143,"Wed,Fri,Sat",SUPERFAST
3,4,KALYAN JN,KYN,01:21,01:24,22143,"Wed,Fri,Sat",SUPERFAST
4,5,KARJAT,KJT,01:29,01:32,22143,"Wed,Fri,Sat",SUPERFAST
5,6,PUNE JN,PUNE,01:31,01:32,22143,"Wed,Fri,Sat",SUPERFAST
6,7,DAUND JN,DD,01:36,01:37,22143,"Wed,Fri,Sat",SUPERFAST
7,8,KURDUVADI JN.,KWV,01:40,01:41,22143,"Wed,Fri,Sat",SUPERFAST
8,9,BARSI TOWN,BTW,01:31,01:33,22143,"Wed,Fri,Sat",SUPERFAST
9,10,USMANABAD,UMD,01:32,01:33,22143,"Wed,Fri,Sat",SUPERFAST
10,11,LATUR,LUR,00:45,01:00,22143,"Wed,Fri,Sat",SUPERFAST
11,12,LATUR ROAD,LTRR,00:49,00:56,22143,"Wed,Fri,Sat",SUPERFAST
12,13,UDGIR,UDGR,01:27,01:29,22143,"Wed,Fri,Sat",SUPERFAST
13,14,BHALKI,BHLK,01:38,01:38,22143,"Wed,Fri,Sat",SUPERFAST
14,15,BIDAR,BIDR,00:43,0,22143,"Wed,Fri,Sat",SUPERFAST
