,sr_no,station,station_code,avg_arr_delay,avg_dep_delay,train_no,days,type
0,1,CHHATRAPATI SHIVAJI MAHARAJ TERMINUS,CSMT,0,00:34,22159,Daily,SUPERFAST
1,2,DADAR,DR,00:41,00:40,22159,Daily,SUPERFAST
2,3,THANE,TNA,00:38,00:39,22159,Daily,SUPERFAST
3,4,KALYAN JN,KYN,00:42,00:44,22159,Daily,SUPERFAST
4,5,KARJAT,KJT,00:23,00:24,22159,Daily,SUPERFAST
5,6,LONAVALA,LNL,00:47,00:49,22159,Daily,SUPERFAST
6,7,KHADKI,KK,01:03,01:03,22159,Daily,SUPERFAST
7,8,PUNE JN,PUNE,00:55,00:58,22159,Daily,SUPERFAST
8,9,DAUND JN,DD,01:09,01:07,22159,Daily,SUPERFAST
9,10,KURDUVADI JN.,KWV,01:07,01:09,22159,Daily,SUPERFAST
10,11,SOLAPUR JN,SUR,01:18,01:21,22159,Daily,SUPERFAST
11,12,KALABURAGI,KLBG,01:26,01:26,22159,Daily,SUPERFAST
12,13,WADI,WADI,00:54,00:59,22159,Daily,SUPERFAST
13,14,YADGIR,YG,01:06,01:07,22159,Daily,SUPERFAST
14,15,RAICHUR,RC,01:18,01:20,22159,Daily,SUPERFAST
15,16,MANTHRALAYAM RD,MALM,01:16,01:17,22159,Daily,SUPERFAST
16,17,ADONI,AD,01:17,01:20,22159,Daily,SUPERFAST
17,18,GUNTAKAL JN,GTL,01:23,01:31,22159,Daily,SUPERFAST
18,19,GOOTY,GY,01:20,01:23,22159,Daily,SUPERFAST
19,20,TADIPATRI,TU,01:17,01:17,22159,Daily,SUPERFAST
20,21,YERRAGUNTLA,YA,01:05,01:06,22159,Daily,SUPERFAST
21,22,CUDDAPAH,HX,01:07,01:08,22159,Daily,SUPERFAST
22,23,RAZAMPETA,RJP,00:56,00:58,22159,Daily,SUPERFAST
23,24,RENIGUNTA JN,RU,00:39,00:48,22159,Daily,SUPERFAST
24,25,PUTTUR,PUT,00:54,00:54,22159,Daily,SUPERFAST
25,26,TIRUTTANI,TRT,00:46,00:48,22159,Daily,SUPERFAST
26,27,ARAKKONAM,AJJ,00:40,00:49,22159,Daily,SUPERFAST
27,28,TIRUVALLUR,TRL,00:46,00:47,22159,Daily,SUPERFAST
28,29,PERAMBUR,PER,00:53,00:53,22159,Daily,SUPERFAST
29,30,PURATCHI THALAIVAR DR. MGR CTL CHENNAI,MAS,00:30,0,22159,Daily,SUPERFAST
