,sr_no,station,station_code,avg_arr_delay,avg_dep_delay,train_no,days,type
0,1,CHHATRAPATI SHIVAJI MAHARAJ TERMINUS,CSMT,0,00:33,22157,Daily,SUPERFAST
1,2,DADAR,DR,00:39,00:39,22157,Daily,SUPERFAST
2,3,KALYAN JN,KYN,00:43,00:44,22157,Daily,SUPERFAST
3,4,LONAVALA,LNL,00:40,00:42,22157,Daily,SUPERFAST
4,5,KHADKI,KK,00:53,00:53,22157,Daily,SUPERFAST
5,6,PUNE JN,PUNE,00:45,00:51,22157,Daily,SUPERFAST
6,7,DAUND JN,DD,00:57,00:57,22157,Daily,SUPERFAST
7,8,JEUR,JEUR,00:22,00:22,22157,Daily,SUPERFAST
8,9,KURDUVADI JN.,KWV,01:01,01:01,22157,Daily,SUPERFAST
9,10,SOLAPUR JN,SUR,00:55,00:59,22157,Daily,SUPERFAST
10,11,AKALKOT ROAD,AKOR,01:00,01:00,22157,Daily,SUPERFAST
11,12,DUDHANI,DUD,01:02,01:02,22157,Daily,SUPERFAST
12,13,GANAGAPUR ROAD,GUR,01:03,01:03,22157,Daily,SUPERFAST
13,14,KALABURAGI,KLBG,00:55,00:56,22157,Daily,SUPERFAST
14,15,SHAHABAD,SDB,00:49,00:50,22157,Daily,SUPERFAST
15,16,WADI,WADI,00:43,00:45,22157,Daily,SUPERFAST
16,17,NALWAR,NW,00:47,00:47,22157,Daily,SUPERFAST
17,18,YADGIR,YG,00:08,00:09,22157,Daily,SUPERFAST
18,19,SAIDAPUR,SADP,00:55,00:56,22157,Daily,SUPERFAST
19,20,KRISHNA,KSN,00:57,01:04,22157,Daily,SUPERFAST
20,21,RAICHUR,RC,00:44,00:46,22157,Daily,SUPERFAST
21,22,MATMARI,MTU,00:45,00:46,22157,Daily,SUPERFAST
22,23,MANTHRALAYAM RD,MALM,00:43,00:45,22157,Daily,SUPERFAST
23,24,KOSGI,KO,00:49,00:50,22157,Daily,SUPERFAST
24,25,ADONI,AD,00:51,00:52,22157,Daily,SUPERFAST
25,26,GUNTAKAL JN,GTL,00:50,00:58,22157,Daily,SUPERFAST
26,27,GOOTY,GY,00:52,00:56,22157,Daily,SUPERFAST
27,28,TADIPATRI,TU,00:47,00:48,22157,Daily,SUPERFAST
28,29,YERRAGUNTLA,YA,00:39,00:41,22157,Daily,SUPERFAST
29,30,CUDDAPAH,HX,00:39,00:42,22157,Daily,SUPERFAST
30,31,RENIGUNTA JN,RU,00:38,00:43,22157,Daily,SUPERFAST
31,32,ARAKKONAM,AJJ,00:45,00:49,22157,Daily,SUPERFAST
32,33,PERAMBUR,PER,00:57,00:57,22157,Daily,SUPERFAST
33,34,CHENNAI EGMORE,MS,00:46,0,22157,Daily,SUPERFAST
