,sr_no,station,station_code,avg_arr_delay,avg_dep_delay,train_no,days,type
0,1,CHHATRAPATI SHIVAJI MAHARAJ TERMINUS,CSMT,0,00:35,22177,Daily,SUPERFAST
1,2,DADAR,DR,00:50,00:50,22177,Daily,SUPERFAST
2,3,THANE,TNA,00:50,00:49,22177,Daily,SUPERFAST
3,4,KALYAN JN,KYN,00:39,00:40,22177,Daily,SUPERFAST
4,5,IGATPURI,IGP,00:42,00:43,22177,Daily,SUPERFAST
5,6,NASIK ROAD,NK,00:49,00:48,22177,Daily,SUPERFAST
6,7,MANMAD JN,MMR,00:53,00:56,22177,Daily,SUPERFAST
7,8,NANDGAON,NGN,01:03,01:04,22177,Daily,SUPERFAST
8,9,CHALISGAON JN,CSN,01:07,01:08,22177,Daily,SUPERFAST
9,10,PACHORA JN,PC,01:08,01:10,22177,Daily,SUPERFAST
10,11,JALGAON JN,JL,01:17,01:18,22177,Daily,SUPERFAST
11,12,BHUSAVAL JN,BSL,01:02,01:10,22177,Daily,SUPERFAST
12,13,BURHANPUR,BAU,01:05,01:06,22177,Daily,SUPERFAST
13,14,KHANDWA JUNCTION,KNW,00:36,00:40,22177,Daily,SUPERFAST
14,15,ITARSI JN,ET,00:33,00:36,22177,Daily,SUPERFAST
15,16,PIPARIYA,PPI,00:39,00:40,22177,Daily,SUPERFAST
16,17,NARSINGHPUR,NU,00:51,00:54,22177,Daily,SUPERFAST
17,18,SRIDHAM,SRID,00:51,00:52,22177,Daily,SUPERFAST
18,19,MADAN MAHAL,MML,00:52,00:54,22177,Daily,SUPERFAST
19,20,JABALPUR,JBP,00:41,00:43,22177,Daily,SUPERFAST
20,21,KATNI,KTE,00:54,00:55,22177,Daily,SUPERFAST
21,22,MAIHAR,MYR,01:05,01:08,22177,Daily,SUPERFAST
22,23,SATNA,STA,01:06,01:07,22177,Daily,SUPERFAST
23,24,MANIKPUR JN,MKP,00:16,00:18,22177,Daily,SUPERFAST
24,25,PRAYAGRAJ CHHEOKI,PCOI,00:33,00:48,22177,Daily,SUPERFAST
25,26,VINDHYACHAL,BDL,00:36,00:49,22177,Daily,SUPERFAST
26,27,MIRZAPUR,MZP,00:30,01:10,22177,Daily,SUPERFAST
27,28,CHUNAR,CAR,00:40,00:43,22177,Daily,SUPERFAST
28,29,KASHI,KEI,00:14,00:21,22177,Daily,SUPERFAST
29,30,VARANASI,BSB,00:17,0,22177,Daily,SUPERFAST
