,sr_no,station,station_code,avg_arr_delay,avg_dep_delay,train_no,days,type
0,1,LOKMANYATILAK,LTT,0,00:00,22179,Mon,SUPERFAST
1,2,KALYAN JN,KYN,00:20,00:20,22179,Mon,SUPERFAST
2,3,PUNE JN,PUNE,00:30,00:47,22179,Mon,SUPERFAST
3,4,SOLAPUR JN,SUR,00:22,00:26,22179,Mon,SUPERFAST
4,5,KALABURAGI,KLBG,00:26,00:25,22179,Mon,SUPERFAST
5,6,WADI,WADI,00:00,00:00,22179,Mon,SUPERFAST
6,7,YADGIR,YG,00:09,00:10,22179,Mon,SUPERFAST
7,8,RAICHUR,RC,00:26,00:27,22179,Mon,SUPERFAST
8,9,MANTHRALAYAM RD,MALM,00:25,00:26,22179,Mon,SUPERFAST
9,10,GUNTAKAL JN,GTL,00:40,00:42,22179,Mon,SUPERFAST
10,11,GOOTY,GY,00:37,00:39,22179,Mon,SUPERFAST
11,12,YERRAGUNTLA,YA,00:19,00:20,22179,Mon,SUPERFAST
12,13,CUDDAPAH,HX,00:20,00:22,22179,Mon,SUPERFAST
13,14,RENIGUNTA JN,RU,00:00,00:03,22179,Mon,SUPERFAST
14,15,ARAKKONAM,AJJ,00:09,00:10,22179,Mon,SUPERFAST
15,16,PERAMBUR,PER,00:10,00:10,22179,Mon,SUPERFAST
16,17,PURATCHI THALAIVAR DR. MGR CTL CHENNAI,MAS,00:00,0,22179,Mon,SUPERFAST
