,sr_no,station,station_code,avg_arr_delay,avg_dep_delay,train_no,days,type
0,1,LOKMANYATILAK,LTT,0,00:04,22183,"Wed,Sat",SUPERFAST
1,2,THANE,TNA,00:08,00:08,22183,"Wed,Sat",SUPERFAST
2,3,KALYAN JN,KYN,00:21,00:21,22183,"Wed,Sat",SUPERFAST
3,4,IGATPURI,IGP,00:49,00:49,22183,"Wed,Sat",SUPERFAST
4,5,NASIK ROAD,NK,00:33,00:31,22183,"Wed,Sat",SUPERFAST
5,6,MANMAD JN,MMR,00:20,00:18,22183,"Wed,Sat",SUPERFAST
6,7,BHUSAVAL JN,BSL,00:36,00:40,22183,"Wed,Sat",SUPERFAST
7,8,BURHANPUR,BAU,00:45,00:45,22183,"Wed,Sat",SUPERFAST
8,9,KHANDWA JUNCTION,KNW,00:28,00:29,22183,"Wed,Sat",SUPERFAST
9,10,ITARSI JN,ET,00:00,00:07,22183,"Wed,Sat",SUPERFAST
10,11,PIPARIYA,PPI,00:16,00:18,22183,"Wed,Sat",SUPERFAST
11,12,NARSINGHPUR,NU,00:39,00:39,22183,"Wed,Sat",SUPERFAST
12,13,JABALPUR,JBP,00:26,00:27,22183,"Wed,Sat",SUPERFAST
13,14,KATNI,KTE,00:27,00:26,22183,"Wed,Sat",SUPERFAST
14,15,SATNA,STA,00:24,00:22,22183,"Wed,Sat",SUPERFAST
15,16,MANIKPUR JN,MKP,00:00,00:01,22183,"Wed,Sat",SUPERFAST
16,17,PRAYAGRAJ JN,PRYJ,00:03,00:01,22183,"Wed,Sat",SUPERFAST
17,18,MAA BELHA DEVI DHAM PRATAPGARH JUNCTION,MBDP,00:00,00:06,22183,"Wed,Sat",SUPERFAST
18,19,SULTANPUR,SLN,00:20,00:23,22183,"Wed,Sat",SUPERFAST
19,20,AYODHYA CANTT,AYC,00:00,0,22183,"Wed,Sat",SUPERFAST
