,sr_no,station,station_code,avg_arr_delay,avg_dep_delay,train_no,days,type
0,1,BANDRA TERMINUS,BDTS,0,00:00,22196,"Tue,Wed",SUPERFAST
1,2,BORIVALI,BVI,00:12,00:12,22196,"Tue,Wed",SUPERFAST
2,3,VAPI,VAPI,00:20,00:21,22196,"Tue,Wed",SUPERFAST
3,4,SURAT,ST,00:14,00:14,22196,"Tue,Wed",SUPERFAST
4,5,BHARUCH JN,BH,00:22,00:21,22196,"Tue,Wed",SUPERFAST
5,6,VADODARA JN,BRC,00:06,00:09,22196,"Tue,Wed",SUPERFAST
6,7,GODHRA JN,GDA,00:04,00:06,22196,"Tue,Wed",SUPERFAST
7,8,DAHOD,DHD,00:12,00:13,22196,"Tue,Wed",SUPERFAST
8,9,RATLAM JN,RTM,00:05,00:07,22196,"Tue,Wed",SUPERFAST
9,10,NAGDA JN,NAD,00:00,00:01,22196,"Tue,Wed",SUPERFAST
10,11,UJJAIN JN,UJN,00:00,00:02,22196,"Tue,Wed",SUPERFAST
11,12,MAKSI JUNCTION,MKC,00:00,00:00,22196,"Tue,Wed",SUPERFAST
12,13,SHAJAPUR,SFY,00:00,00:00,22196,"Tue,Wed",SUPERFAST
13,14,BIYAVRA RAJGARH,BRRG,00:00,00:01,22196,"Tue,Wed",SUPERFAST
14,15,CHACHURA BINAGANI,CBK,00:07,00:06,22196,"Tue,Wed",SUPERFAST
15,16,RUTHIYAI JUNCTION,RTA,00:00,00:12,22196,"Tue,Wed",SUPERFAST
16,17,GUNA,GUNA,00:05,00:20,22196,"Tue,Wed",SUPERFAST
17,18,SHIVPURI,SVPI,00:43,00:45,22196,"Tue,Wed",SUPERFAST
18,19,GWALIOR,GWL,00:00,00:05,22196,"Tue,Wed",SUPERFAST
19,20,DABRA,DBA,00:12,00:12,22196,"Tue,Wed",SUPERFAST
20,21,DATIA,DAA,00:06,00:07,22196,"Tue,Wed",SUPERFAST
21,22,VIRANGANA LAKSHMIBAI JHANSI,VGLJ,00:02,0,22196,"Tue,Wed",SUPERFAST
