,sr_no,station,station_code,avg_arr_delay,avg_dep_delay,train_no,days,type
0,1,CHHATRAPATI SHIVAJI MAHARAJ TERMINUS,CSMT,0,00:00,22221,Daily,RAJDHANI
1,2,KALYAN JN,KYN,00:08,00:08,22221,Daily,RAJDHANI
2,3,NASIK ROAD,NK,00:21,00:22,22221,Daily,RAJDHANI
3,4,JALGAON JN,JL,00:14,00:18,22221,Daily,RAJDHANI
4,5,BHOPAL,BPL,00:01,00:07,22221,Daily,RAJDHANI
5,6,VIRANGANA LAKSHMIBAI JHANSI,VGLJ,00:05,00:07,22221,Daily,RAJDHANI
6,7,GWALIOR,GWL,00:13,00:14,22221,Daily,RAJDHANI
7,8,AGRA CANTT,AGC,00:15,00:16,22221,Daily,RAJDHANI
8,9,HAZRAT NIZAMUDDIN JN,NZM,00:13,0,22221,Daily,RAJDHANI
