,sr_no,station,station_code,avg_arr_delay,avg_dep_delay,train_no,days,type
0,1,CHHATRAPATI SHIVAJI MAHARAJ TERMINUS,CSMT,0,00:02,22229,"Mon,Wed,Fri",VANDE BHARAT
1,2,PANVEL,PNVL,00:08,00:09,22229,"Mon,Wed,Fri",VANDE BHARAT
2,3,KHED,KHED,00:17,00:17,22229,"Mon,Wed,Fri",VANDE BHARAT
3,4,RATNAGIRI,RN,00:24,00:24,22229,"Mon,Wed,Fri",VANDE BHARAT
4,5,KANKAVLI,KKW,00:35,00:35,22229,"Mon,Wed,Fri",VANDE BHARAT
5,6,THIVIM,THVM,00:22,00:26,22229,"Mon,Wed,Fri",VANDE BHARAT
6,7,MADGAON JUNCTION,MAO,00:00,0,22229,"Mon,Wed,Fri",VANDE BHARAT
