,sr_no,station,station_code,avg_arr_delay,avg_dep_delay,train_no,days,type
0,1,LOKMANYATILAK,LTT,0,00:23,22312,Thu,SUPERFAST
1,2,KALYAN JN,KYN,00:44,00:44,22312,Thu,SUPERFAST
2,3,IGATPURI,IGP,00:40,00:41,22312,Thu,SUPERFAST
3,4,NASIK ROAD,NK,00:40,00:37,22312,Thu,SUPERFAST
4,5,MANMAD JN,MMR,00:39,00:37,22312,Thu,SUPERFAST
5,6,BHUSAVAL JN,BSL,01:19,01:25,22312,Thu,SUPERFAST
6,7,BURHANPUR,BAU,01:34,01:34,22312,Thu,SUPERFAST
7,8,KHANDWA JUNCTION,KNW,01:29,01:29,22312,Thu,SUPERFAST
8,9,HARDA,HD,01:42,01:41,22312,Thu,SUPERFAST
9,10,ITARSI JN,ET,01:31,01:30,22312,Thu,SUPERFAST
10,11,PIPARIYA,PPI,01:31,01:31,22312,Thu,SUPERFAST
11,12,JABALPUR,JBP,01:14,01:25,22312,Thu,SUPERFAST
12,13,KATNI,KTE,01:50,01:49,22312,Thu,SUPERFAST
13,14,SATNA,STA,01:44,01:43,22312,Thu,SUPERFAST
14,15,PRAYAGRAJ CHHEOKI,PCOI,01:19,01:21,22312,Thu,SUPERFAST
15,16,MIRZAPUR,MZP,01:01,00:59,22312,Thu,SUPERFAST
16,17,PT.DEEN DAYAL UPADHYAYA JN.,DDU,00:11,00:14,22312,Thu,SUPERFAST
17,18,DILDARNAGAR JN,DLN,00:00,00:01,22312,Thu,SUPERFAST
18,19,BUXAR,BXR,00:00,00:00,22312,Thu,SUPERFAST
19,20,DUMRAON,DURE,00:05,00:07,22312,Thu,SUPERFAST
20,21,ARA,ARA,00:00,00:00,22312,Thu,SUPERFAST
21,22,DANAPUR,DNR,00:00,00:00,22312,Thu,SUPERFAST
22,23,PATNA JN,PNBE,00:00,00:00,22312,Thu,SUPERFAST
23,24,PATNA SAHEB,PNC,00:03,00:04,22312,Thu,SUPERFAST
24,25,FATUHA,FUT,00:07,00:07,22312,Thu,SUPERFAST
25,26,KHUSROPUR,KOO,00:08,00:16,22312,Thu,SUPERFAST
26,27,BAKHTIYARPUR JN,BKP,00:18,00:19,22312,Thu,SUPERFAST
27,28,BARH,BARH,00:18,00:18,22312,Thu,SUPERFAST
28,29,MOKAMA,MKA,00:11,00:13,22312,Thu,SUPERFAST
29,30,KIUL JN,KIUL,00:00,00:00,22312,Thu,SUPERFAST
30,31,KAJRA,KJH,00:03,00:03,22312,Thu,SUPERFAST
31,32,ABHAIPUR,AHA,00:10,00:11,22312,Thu,SUPERFAST
32,33,JAMALPUR JN,JMP,00:02,00:05,22312,Thu,SUPERFAST
33,34,BARIARPUR,BUP,00:20,00:20,22312,Thu,SUPERFAST
34,35,SULTANGANJ,SGG,00:17,00:20,22312,Thu,SUPERFAST
35,36,BHAGALPUR,BGP,00:23,00:45,22312,Thu,SUPERFAST
36,37,BARAHAT,BHLE,00:53,00:53,22312,Thu,SUPERFAST
37,38,MANDAR HILL,MDLE,00:52,00:51,22312,Thu,SUPERFAST
38,39,HANSDIHA,HSDA,00:54,00:56,22312,Thu,SUPERFAST
39,40,PRAYAHAT HALT,PYHT,00:54,00:54,22312,Thu,SUPERFAST
40,41,GODDA,GODA,00:55,0,22312,Thu,SUPERFAST
