,sr_no,station,station_code,avg_arr_delay,avg_dep_delay,train_no,days,type
0,1,BANDRA TERMINUS,BDTS,0,00:00,22444,Fri,SUPERFAST
1,2,BORIVALI,BVI,00:11,00:10,22444,Fri,SUPERFAST
2,3,VAPI,VAPI,00:04,00:05,22444,Fri,SUPERFAST
3,4,SURAT,ST,00:09,00:09,22444,Fri,SUPERFAST
4,5,BHARUCH JN,BH,00:18,00:18,22444,Fri,SUPERFAST
5,6,VADODARA JN,BRC,00:13,00:08,22444,Fri,SUPERFAST
6,7,GODHRA JN,GDA,00:00,00:06,22444,Fri,SUPERFAST
7,8,RATLAM JN,RTM,00:00,00:00,22444,Fri,SUPERFAST
8,9,NAGDA JN,NAD,00:00,00:00,22444,Fri,SUPERFAST
9,10,KOTA JN,KOTA,00:02,00:03,22444,Fri,SUPERFAST
10,11,SAWAI MADHOPUR,SWM,00:22,00:24,22444,Fri,SUPERFAST
11,12,BHARATPUR JN,BTE,00:11,00:09,22444,Fri,SUPERFAST
12,13,MATHURA JN.,MTJ,00:00,00:00,22444,Fri,SUPERFAST
13,14,MATHURA CANT,MRT,00:00,00:01,22444,Fri,SUPERFAST
14,15,HATHRAS CITY,HTC,00:02,00:02,22444,Fri,SUPERFAST
15,16,KASGANJ,KSJ,00:07,00:04,22444,Fri,SUPERFAST
16,17,FARRUKHABAD,FBD,00:00,00:00,22444,Fri,SUPERFAST
17,18,FATEHGARH,FGR,00:00,00:00,22444,Fri,SUPERFAST
18,19,KANNAUJ,KJN,00:00,00:00,22444,Fri,SUPERFAST
19,20,BILHAUR,BLU,00:08,00:09,22444,Fri,SUPERFAST
20,21,KANPUR ANWRGANJ,CPA,00:00,00:00,22444,Fri,SUPERFAST
21,22,KANPUR CENTRAL,CNB,00:00,0,22444,Fri,SUPERFAST
