,sr_no,station,station_code,avg_arr_delay,avg_dep_delay,train_no,days,type
0,1,BANDRA TERMINUS,BDTS,0,00:01,22451,"Mon,Thu",SUPERFAST
1,2,BORIVALI,BVI,00:15,00:18,22451,"Mon,Thu",SUPERFAST
2,3,SURAT,ST,00:07,00:08,22451,"Mon,Thu",SUPERFAST
3,4,BHARUCH JN,BH,00:10,00:10,22451,"Mon,Thu",SUPERFAST
4,5,VADODARA JN,BRC,00:09,00:11,22451,"Mon,Thu",SUPERFAST
5,6,ANAND JN,ANND,00:18,00:18,22451,"Mon,Thu",SUPERFAST
6,7,AHMEDABAD JN,ADI,00:00,00:01,22451,"Mon,Thu",SUPERFAST
7,8,MAHESANA JN,MSH,00:14,00:14,22451,"Mon,Thu",SUPERFAST
8,9,PALANPUR JN,PNU,00:00,00:00,22451,"Mon,Thu",SUPERFAST
9,10,ABU ROAD,ABR,00:01,00:00,22451,"Mon,Thu",SUPERFAST
10,11,FALNA,FA,00:00,00:00,22451,"Mon,Thu",SUPERFAST
11,12,MARWAR JN,MJ,00:00,00:00,22451,"Mon,Thu",SUPERFAST
12,13,AJMER JN,AII,00:00,00:01,22451,"Mon,Thu",SUPERFAST
13,14,KISHANGARH,KSG,00:01,00:01,22451,"Mon,Thu",SUPERFAST
14,15,PHULERA,FL,00:00,00:03,22451,"Mon,Thu",SUPERFAST
15,16,RENWAL,RNW,00:06,00:06,22451,"Mon,Thu",SUPERFAST
16,17,RINGAS JN,RGS,00:00,00:02,22451,"Mon,Thu",SUPERFAST
17,18,SHRI MADHOPUR,SMPR,00:06,00:06,22451,"Mon,Thu",SUPERFAST
18,19,NIM KA THANA,NMK,00:08,00:08,22451,"Mon,Thu",SUPERFAST
19,20,NARNAUL,NNL,00:07,00:07,22451,"Mon,Thu",SUPERFAST
20,21,REWARI JN.,RE,00:00,00:02,22451,"Mon,Thu",SUPERFAST
21,22,GURGAON,GGN,00:00,00:02,22451,"Mon,Thu",SUPERFAST
22,23,DELHI CANTT,DEC,00:00,00:07,22451,"Mon,Thu",SUPERFAST
23,24,PANIPAT JN,PNP,00:37,00:38,22451,"Mon,Thu",SUPERFAST
24,25,KARNAL,KUN,00:40,00:40,22451,"Mon,Thu",SUPERFAST
25,26,AMBALA CANT JN,UMB,00:03,00:04,22451,"Mon,Thu",SUPERFAST
26,27,CHANDIGARH,CDG,00:15,0,22451,"Mon,Thu",SUPERFAST
