,sr_no,station,station_code,avg_arr_delay,avg_dep_delay,train_no,days,type
0,1,BANDRA TERMINUS,BDTS,0,00:00,22474,Tue,SUPERFAST
1,2,BORIVALI,BVI,00:16,00:16,22474,Tue,SUPERFAST
2,3,VALSAD,BL,00:08,00:09,22474,Tue,SUPERFAST
3,4,NAVSARI,NVS,00:07,00:07,22474,Tue,SUPERFAST
4,5,SURAT,ST,00:07,00:08,22474,Tue,SUPERFAST
5,6,BHARUCH JN,BH,00:19,00:19,22474,Tue,SUPERFAST
6,7,VADODARA JN,BRC,00:17,00:17,22474,Tue,SUPERFAST
7,8,ANAND JN,ANND,00:28,00:29,22474,Tue,SUPERFAST
8,9,NADIAD JN,ND,00:19,00:19,22474,Tue,SUPERFAST
9,10,AHMEDABAD JN,ADI,00:13,00:25,22474,Tue,SUPERFAST
10,11,MAHESANA JN,MSH,00:29,00:37,22474,Tue,SUPERFAST
11,12,UNJHA,UJA,00:48,00:48,22474,Tue,SUPERFAST
12,13,PALANPUR JN,PNU,00:00,00:11,22474,Tue,SUPERFAST
