,sr_no,station,station_code,avg_arr_delay,avg_dep_delay,train_no,days,type
0,1,LOKMANYATILAK,LTT,0,00:21,22538,Daily,SUPERFAST
1,2,THANE,TNA,00:25,00:29,22538,Daily,SUPERFAST
2,3,KALYAN JN,KYN,00:37,00:39,22538,Daily,SUPERFAST
3,4,NASIK ROAD,NK,00:37,00:38,22538,Daily,SUPERFAST
4,5,MANMAD JN,MMR,00:46,00:46,22538,Daily,SUPERFAST
5,6,NANDGAON,NGN,00:45,00:46,22538,Daily,SUPERFAST
6,7,CHALISGAON JN,CSN,00:40,00:41,22538,Daily,SUPERFAST
7,8,PACHORA JN,PC,00:49,00:49,22538,Daily,SUPERFAST
8,9,JALGAON JN,JL,00:43,00:45,22538,Daily,SUPERFAST
9,10,BHUSAVAL JN,BSL,00:39,00:45,22538,Daily,SUPERFAST
10,11,RAVER,RV,00:53,00:54,22538,Daily,SUPERFAST
11,12,BURHANPUR,BAU,00:58,00:58,22538,Daily,SUPERFAST
12,13,NEPANAGAR,NPNR,00:53,00:54,22538,Daily,SUPERFAST
13,14,KHANDWA JUNCTION,KNW,00:25,00:28,22538,Daily,SUPERFAST
14,15,KHIRKIYA,KKN,00:33,00:38,22538,Daily,SUPERFAST
15,16,HARDA,HD,00:49,00:50,22538,Daily,SUPERFAST
16,17,TIMARNI,TBN,00:54,00:53,22538,Daily,SUPERFAST
17,18,ITARSI JN,ET,00:49,00:49,22538,Daily,SUPERFAST
18,19,NARMADAPURAM,NDPM,00:52,00:53,22538,Daily,SUPERFAST
19,20,MANDI DIP,MDDP,00:53,00:54,22538,Daily,SUPERFAST
20,21,RANI KAMALAPATI,RKMP,00:50,00:54,22538,Daily,SUPERFAST
21,22,BHOPAL,BPL,00:59,01:02,22538,Daily,SUPERFAST
22,23,VIDISHA,BHS,01:01,01:02,22538,Daily,SUPERFAST
23,24,GANJ BASODA,BAQ,00:51,00:53,22538,Daily,SUPERFAST
24,25,BINA JN,BINA,00:31,00:40,22538,Daily,SUPERFAST
25,26,LALITPUR,LAR,00:59,01:00,22538,Daily,SUPERFAST
26,27,BABINA,BAB,01:10,01:14,22538,Daily,SUPERFAST
27,28,VIRANGANA LAKSHMIBAI JHANSI,VGLJ,01:06,01:10,22538,Daily,SUPERFAST
28,29,AIT,AIT,01:13,01:13,22538,Daily,SUPERFAST
29,30,ORAI,ORAI,01:16,01:17,22538,Daily,SUPERFAST
30,31,KALPI,KPI,01:23,01:24,22538,Daily,SUPERFAST
31,32,POKHRAYAN,PHN,01:25,01:26,22538,Daily,SUPERFAST
32,33,KANPUR CENTRAL,CNB,00:22,00:29,22538,Daily,SUPERFAST
33,34,UNNAO JN,ON,00:35,00:35,22538,Daily,SUPERFAST
34,35,AISHBAGH,ASH,00:52,00:55,22538,Daily,SUPERFAST
35,36,BADSHAHNAGAR,BNZ,00:58,00:59,22538,Daily,SUPERFAST
36,37,BARABANKI JN,BBK,01:12,01:14,22538,Daily,SUPERFAST
37,38,GONDA JN,GD,01:24,01:26,22538,Daily,SUPERFAST
38,39,MANKAPUR JN,MUR,01:27,01:31,22538,Daily,SUPERFAST
39,40,MASKANWA,MSW,01:31,01:37,22538,Daily,SUPERFAST
40,41,BABHNAN,BV,01:47,01:50,22538,Daily,SUPERFAST
41,42,BASTI,BST,01:53,01:53,22538,Daily,SUPERFAST
42,43,KHALILABAD,KLD,01:55,01:55,22538,Daily,SUPERFAST
43,44,GORAKHPUR JN,GKP,01:16,0,22538,Daily,SUPERFAST
