,sr_no,station,station_code,avg_arr_delay,avg_dep_delay,train_no,days,type
0,1,PANVEL,PNVL,00:00,00:01,22629,Thu,SUPERFAST
1,2,CHIPLUN,CHI,00:06,00:07,22629,Thu,SUPERFAST
2,3,RATNAGIRI,RN,00:16,00:18,22629,Thu,SUPERFAST
3,4,KANKAVLI,KKW,00:20,00:21,22629,Thu,SUPERFAST
4,5,THIVIM,THVM,00:23,00:23,22629,Thu,SUPERFAST
5,6,MADGAON JUNCTION,MAO,00:08,00:17,22629,Thu,SUPERFAST
6,7,KARWAR,KAWR,00:30,00:31,22629,Thu,SUPERFAST
7,8,HONNAVAR,HNA,00:37,00:37,22629,Thu,SUPERFAST
8,9,UDUPI,UD,00:21,00:23,22629,Thu,SUPERFAST
9,10,MANGALORE JUNCTION,MAJN,00:30,00:36,22629,Thu,SUPERFAST
10,11,KASARAGOD,KGQ,00:36,00:37,22629,Thu,SUPERFAST
11,12,KANNUR,CAN,00:21,00:39,22629,Thu,SUPERFAST
12,13,KOZHIKKODE,CLT,00:34,00:36,22629,Thu,SUPERFAST
13,14,SHORANUR JN,SRR,00:13,00:48,22629,Thu,SUPERFAST
14,15,PALAKKAD JN,PGT,00:30,00:46,22629,Thu,SUPERFAST
15,16,COIMBATORE JN,CBE,00:23,00:30,22629,Thu,SUPERFAST
16,17,TIRUPPUR,TUP,00:35,00:35,22629,Thu,SUPERFAST
17,18,ERODE JN,ED,00:54,00:57,22629,Thu,SUPERFAST
18,19,KARUR,KRR,00:14,00:15,22629,Thu,SUPERFAST
19,20,DINDIGUL JN,DG,00:00,00:17,22629,Thu,SUPERFAST
20,21,MADURAI JN,MDU,00:09,00:15,22629,Thu,SUPERFAST
21,22,VIRUDUNAGAR JN,VPT,00:13,00:13,22629,Thu,SUPERFAST
22,23,KOVILPATTI,CVP,00:11,00:11,22629,Thu,SUPERFAST
23,24,TIRUNELVELI JN,TEN,00:00,0,22629,Thu,SUPERFAST
