,sr_no,station,station_code,avg_arr_delay,avg_dep_delay,train_no,days,type
0,1,CHHATRAPATI SHIVAJI MAHARAJ TERMINUS,CSMT,0,00:01,22732,Daily,SUPERFAST
1,2,DADAR,DR,00:11,00:11,22732,Daily,SUPERFAST
2,3,KALYAN JN,KYN,00:19,00:21,22732,Daily,SUPERFAST
3,4,LONAVALA,LNL,00:29,00:31,22732,Daily,SUPERFAST
4,5,PUNE JN,PUNE,00:17,00:27,22732,Daily,SUPERFAST
5,6,URULI,URI,00:30,00:30,22732,Daily,SUPERFAST
6,7,KEDGAON,KDG,00:31,00:31,22732,Daily,SUPERFAST
7,8,DAUND JN,DD,00:30,00:35,22732,Daily,SUPERFAST
8,9,JEUR,JEUR,00:35,00:38,22732,Daily,SUPERFAST
9,10,KEM,KEM,00:37,00:38,22732,Daily,SUPERFAST
10,11,KURDUVADI JN.,KWV,00:36,00:36,22732,Daily,SUPERFAST
11,12,SOLAPUR JN,SUR,00:26,00:28,22732,Daily,SUPERFAST
12,13,DUDHANI,DUD,00:31,00:31,22732,Daily,SUPERFAST
13,14,KALABURAGI,KLBG,00:21,00:22,22732,Daily,SUPERFAST
14,15,WADI,WADI,00:08,00:15,22732,Daily,SUPERFAST
15,16,CHITTAPUR,CT,00:23,00:24,22732,Daily,SUPERFAST
16,17,SERAM,SEM,00:32,00:32,22732,Daily,SUPERFAST
17,18,TANDUR,TDU,00:47,00:48,22732,Daily,SUPERFAST
18,19,VIKARABAD JN,VKB,00:48,00:49,22732,Daily,SUPERFAST
19,20,LINGAMPALLI,LPI,00:49,00:50,22732,Daily,SUPERFAST
20,21,HYDERABAD,HYB,00:00,0,22732,Daily,SUPERFAST
