,sr_no,station,station_code,avg_arr_delay,avg_dep_delay,train_no,days,type
0,1,LOKMANYATILAK,LTT,0,00:03,22848,Tue,SUPERFAST
1,2,KALYAN JN,KYN,00:11,00:16,22848,Tue,SUPERFAST
2,3,NASIK ROAD,NK,00:15,00:16,22848,Tue,SUPERFAST
3,4,MANMAD JN,MMR,00:27,00:27,22848,Tue,SUPERFAST
4,5,BHUSAVAL JN,BSL,00:28,00:32,22848,Tue,SUPERFAST
5,6,AKOLA JN.,AK,00:41,00:42,22848,Tue,SUPERFAST
6,7,BADNERA JN.,BD,00:18,00:18,22848,Tue,SUPERFAST
7,8,WARDHA JN,WR,00:26,00:25,22848,Tue,SUPERFAST
8,9,NAGPUR,NGP,00:09,00:13,22848,Tue,SUPERFAST
9,10,GONDIA JN,G,00:23,00:24,22848,Tue,SUPERFAST
10,11,DURG,DURG,00:00,00:00,22848,Tue,SUPERFAST
11,12,RAIPUR JN,R,00:05,00:06,22848,Tue,SUPERFAST
12,13,MAHASAMUND,MSMD,00:00,00:00,22848,Tue,SUPERFAST
13,14,BAGBAHRA,BGBR,00:09,00:09,22848,Tue,SUPERFAST
14,15,KHARIAR ROAD,KRAR,00:15,00:15,22848,Tue,SUPERFAST
15,16,KANTABANJI,KBJ,00:18,00:20,22848,Tue,SUPERFAST
16,17,TITLAGARH,TIG,00:27,00:24,22848,Tue,SUPERFAST
17,18,KESINGA,KSNG,00:21,00:21,22848,Tue,SUPERFAST
18,19,MUNIGUDA,MNGD,01:04,01:05,22848,Tue,SUPERFAST
19,20,RAYAGADA,RGDA,00:05,00:08,22848,Tue,SUPERFAST
20,21,PARVATIPURAM,PVP,00:09,00:08,22848,Tue,SUPERFAST
21,22,BOBBILI,VBL,00:07,00:07,22848,Tue,SUPERFAST
22,23,VIZIANAGRAM JN,VZM,00:15,00:13,22848,Tue,SUPERFAST
23,24,VISAKHAPATNAM,VSKP,00:02,0,22848,Tue,SUPERFAST
