,sr_no,station,station_code,avg_arr_delay,avg_dep_delay,train_no,days,type
0,1,LOKMANYATILAK,LTT,0,04:26,22865,Thu,SUPERFAST
1,2,THANE,TNA,04:24,04:33,22865,Thu,SUPERFAST
2,3,MANMAD JN,MMR,05:02,05:03,22865,Thu,SUPERFAST
3,4,BHUSAVAL JN,BSL,05:23,05:27,22865,Thu,SUPERFAST
4,5,WARDHA JN,WR,05:20,05:22,22865,Thu,SUPERFAST
5,6,NAGPUR,NGP,04:43,04:49,22865,Thu,SUPERFAST
6,7,RAIPUR JN,R,04:05,04:07,22865,Thu,SUPERFAST
7,8,BILASPUR JN.,BSP,04:14,04:09,22865,Thu,SUPERFAST
8,9,RAIGARH,RIG,04:09,04:10,22865,Thu,SUPERFAST
9,10,BRAJRAJNAGAR,BRJN,04:38,04:39,22865,Thu,SUPERFAST
10,11,JHARSUGUDA ROAD,JSGR,04:44,04:44,22865,Thu,SUPERFAST
11,12,ANGUL,ANGL,04:04,04:07,22865,Thu,SUPERFAST
12,13,TALCHER ROAD,TLHD,04:09,04:28,22865,Thu,SUPERFAST
13,14,DHENKANAL,DNKL,04:50,04:52,22865,Thu,SUPERFAST
14,15,CUTTACK,CTC,04:50,04:50,22865,Thu,SUPERFAST
15,16,BHUBANESWAR,BBS,05:15,05:30,22865,Thu,SUPERFAST
16,17,KHURDA ROAD JN,KUR,06:00,06:00,22865,Thu,SUPERFAST
17,18,PURI,PURI,05:25,0,22865,Thu,SUPERFAST
