,sr_no,station,station_code,avg_arr_delay,avg_dep_delay,train_no,days,type
0,1,BANDRA TERMINUS,BDTS,0,00:00,22901,"Tue,Thu,Sat",SUPERFAST
1,2,BORIVALI,BVI,00:12,00:12,22901,"Tue,Thu,Sat",SUPERFAST
2,3,SURAT,ST,00:05,00:03,22901,"Tue,Thu,Sat",SUPERFAST
3,4,BHARUCH JN,BH,00:10,00:09,22901,"Tue,Thu,Sat",SUPERFAST
4,5,VADODARA JN,BRC,00:13,00:10,22901,"Tue,Thu,Sat",SUPERFAST
5,6,DAHOD,DHD,00:05,00:06,22901,"Tue,Thu,Sat",SUPERFAST
6,7,RATLAM JN,RTM,00:10,00:15,22901,"Tue,Thu,Sat",SUPERFAST
7,8,JAORA,JAO,00:21,00:24,22901,"Tue,Thu,Sat",SUPERFAST
8,9,MANDASOR,MDS,00:26,00:25,22901,"Tue,Thu,Sat",SUPERFAST
9,10,NIMACH,NMH,00:23,00:21,22901,"Tue,Thu,Sat",SUPERFAST
10,11,NIMBAHERA,NBH,00:11,00:14,22901,"Tue,Thu,Sat",SUPERFAST
11,12,CHITTAURGARH JN.,COR,00:00,00:01,22901,"Tue,Thu,Sat",SUPERFAST
12,13,FATEHNAGAR,FAN,00:00,00:00,22901,"Tue,Thu,Sat",SUPERFAST
13,14,MAVLI JN,MVJ,00:00,00:01,22901,"Tue,Thu,Sat",SUPERFAST
14,15,RANA PRATAP NAGAR,RPZ,00:00,00:12,22901,"Tue,Thu,Sat",SUPERFAST
15,16,UDAIPUR CITY,UDZ,00:00,0,22901,"Tue,Thu,Sat",SUPERFAST
