,sr_no,station,station_code,avg_arr_delay,avg_dep_delay,train_no,days,type
0,1,BANDRA TERMINUS,BDTS,0,00:01,22903,"Wed,Fri,Sun",SUPERFAST
1,2,BORIVALI,BVI,00:17,00:15,22903,"Wed,Fri,Sun",SUPERFAST
2,3,SURAT,ST,00:01,00:05,22903,"Wed,Fri,Sun",SUPERFAST
3,4,VADODARA JN,BRC,00:18,00:18,22903,"Wed,Fri,Sun",SUPERFAST
4,5,AHMEDABAD JN,ADI,00:04,00:07,22903,"Wed,Fri,Sun",SUPERFAST
5,6,HALVAD,HVD,00:14,00:14,22903,"Wed,Fri,Sun",SUPERFAST
6,7,SAMAKHIALI B G,SIOB,00:00,00:01,22903,"Wed,Fri,Sun",SUPERFAST
7,8,GANDHIDHAM BG,GIMB,00:00,00:17,22903,"Wed,Fri,Sun",SUPERFAST
8,9,BHUJ,BHUJ,00:09,0,22903,"Wed,Fri,Sun",SUPERFAST
