,sr_no,station,station_code,avg_arr_delay,avg_dep_delay,train_no,days,type
0,1,BORIVALI,BVI,00:26,00:27,22915,Mon,SUPERFAST
1,2,VAPI,VAPI,00:10,00:10,22915,Mon,SUPERFAST
2,3,SURAT,ST,00:00,00:00,22915,Mon,SUPERFAST
3,4,BHARUCH JN,BH,00:12,00:12,22915,Mon,SUPERFAST
4,5,VADODARA JN,BRC,00:06,00:07,22915,Mon,SUPERFAST
5,6,ANAND JN,ANND,00:00,00:00,22915,Mon,SUPERFAST
6,7,NADIAD JN,ND,00:00,00:00,22915,Mon,SUPERFAST
7,8,AHMEDABAD JN,ADI,00:00,00:00,22915,Mon,SUPERFAST
8,9,SABARMATI BG,SBIB,00:04,00:05,22915,Mon,SUPERFAST
9,10,MAHESANA JN,MSH,00:17,00:17,22915,Mon,SUPERFAST
10,11,PALANPUR JN,PNU,00:00,00:00,22915,Mon,SUPERFAST
11,12,ABU ROAD,ABR,00:05,00:01,22915,Mon,SUPERFAST
12,13,PINDWARA,PDWA,00:01,00:01,22915,Mon,SUPERFAST
13,14,FALNA,FA,00:00,00:00,22915,Mon,SUPERFAST
14,15,RANI,RANI,00:00,00:00,22915,Mon,SUPERFAST
15,16,MARWAR JN,MJ,00:00,00:00,22915,Mon,SUPERFAST
16,17,PALI MARWAR,PMY,00:09,00:09,22915,Mon,SUPERFAST
17,18,JODHPUR JN,JU,00:33,00:33,22915,Mon,SUPERFAST
18,19,MERTA ROAD JN,MTD,00:31,00:30,22915,Mon,SUPERFAST
19,20,DEGANA JN,DNA,00:08,00:08,22915,Mon,SUPERFAST
20,21,DIDWANA,DIA,00:00,00:02,22915,Mon,SUPERFAST
21,22,LADNUN,LAU,00:01,00:03,22915,Mon,SUPERFAST
22,23,SUJANGARH,SUJH,00:03,00:04,22915,Mon,SUPERFAST
23,24,RATANGARH JN,RTGH,00:00,00:11,22915,Mon,SUPERFAST
24,25,CHURU,CUR,00:00,00:02,22915,Mon,SUPERFAST
25,26,SADULPUR JN,SDLP,00:09,00:17,22915,Mon,SUPERFAST
26,27,HISAR,HSR,00:05,0,22915,Mon,SUPERFAST
