,sr_no,station,station_code,avg_arr_delay,avg_dep_delay,train_no,days,type
0,1,BANDRA TERMINUS,BDTS,0,00:00,22913,Sun,SUPERFAST
1,2,VAPI,VAPI,00:00,00:02,22913,Sun,SUPERFAST
2,3,VALSAD,BL,00:00,00:00,22913,Sun,SUPERFAST
3,4,BHESTAN,BHET,00:00,00:05,22913,Sun,SUPERFAST
4,5,NANDURBAR,NDB,00:00,00:01,22913,Sun,SUPERFAST
5,6,BHUSAVAL JN,BSL,00:00,00:00,22913,Sun,SUPERFAST
6,7,ITARSI JN,ET,00:00,00:00,22913,Sun,SUPERFAST
7,8,JABALPUR,JBP,00:00,00:01,22913,Sun,SUPERFAST
8,9,KATNI,KTE,00:00,00:01,22913,Sun,SUPERFAST
9,10,SATNA,STA,00:20,00:19,22913,Sun,SUPERFAST
10,11,PRAYAGRAJ CHHEOKI,PCOI,00:16,00:38,22913,Sun,SUPERFAST
11,12,PT.DEEN DAYAL UPADHYAYA JN.,DDU,00:00,00:00,22913,Sun,SUPERFAST
12,13,PATNA JN,PNBE,00:07,00:07,22913,Sun,SUPERFAST
13,14,NEW BARAUNI JN.,NBJU,00:00,00:00,22913,Sun,SUPERFAST
14,15,BEGUSARAI,BGS,00:04,00:13,22913,Sun,SUPERFAST
15,16,KHAGARIA JN.,KGG,00:00,00:01,22913,Sun,SUPERFAST
16,17,SAHARSA JN,SHC,00:00,0,22913,Sun,SUPERFAST
