,sr_no,station,station_code,avg_arr_delay,avg_dep_delay,train_no,days,type
0,1,BANDRA TERMINUS,BDTS,0,00:00,22917,Wed,SUPERFAST
1,2,BORIVALI,BVI,00:00,00:10,22917,Wed,SUPERFAST
2,3,BOISAR,BOR,00:06,00:06,22917,Wed,SUPERFAST
3,4,VAPI,VAPI,00:05,00:05,22917,Wed,SUPERFAST
4,5,VALSAD,BL,00:06,00:07,22917,Wed,SUPERFAST
5,6,NAVSARI,NVS,00:05,00:05,22917,Wed,SUPERFAST
6,7,SURAT,ST,00:01,00:01,22917,Wed,SUPERFAST
7,8,BHARUCH JN,BH,00:24,00:24,22917,Wed,SUPERFAST
8,9,VADODARA JN,BRC,00:01,00:03,22917,Wed,SUPERFAST
9,10,RATLAM JN,RTM,00:00,00:00,22917,Wed,SUPERFAST
10,11,BHAWANI MANDI,BWM,00:02,00:02,22917,Wed,SUPERFAST
11,12,RAMGANJ MANDI,RMA,00:07,00:07,22917,Wed,SUPERFAST
12,13,KOTA JN,KOTA,00:00,00:00,22917,Wed,SUPERFAST
13,14,SAWAI MADHOPUR,SWM,00:05,00:05,22917,Wed,SUPERFAST
14,15,GANGAPUR CITY,GGC,00:01,00:00,22917,Wed,SUPERFAST
15,16,HINDAUN CITY,HAN,00:06,00:06,22917,Wed,SUPERFAST
16,17,BHARATPUR JN,BTE,00:00,00:00,22917,Wed,SUPERFAST
17,18,MATHURA JN.,MTJ,00:00,00:13,22917,Wed,SUPERFAST
18,19,FARIDABAD,FDB,00:08,00:08,22917,Wed,SUPERFAST
19,20,HAZRAT NIZAMUDDIN JN,NZM,00:06,00:02,22917,Wed,SUPERFAST
20,21,GHAZIABAD,GZB,00:21,00:21,22917,Wed,SUPERFAST
21,22,MEERUT CITY,MTC,00:51,00:52,22917,Wed,SUPERFAST
22,23,MUZAFFARNAGAR,MOZ,00:52,00:52,22917,Wed,SUPERFAST
23,24,TAPRI,TPZ,00:00,00:01,22917,Wed,SUPERFAST
24,25,ROORKEE,RK,00:02,00:05,22917,Wed,SUPERFAST
25,26,HARIDWAR JN,HW,00:10,0,22917,Wed,SUPERFAST
