,sr_no,station,station_code,avg_arr_delay,avg_dep_delay,train_no,days,type
0,1,BANDRA TERMINUS,BDTS,0,00:00,22923,"Mon,Thu,Sat",SUPERFAST
1,2,BORIVALI,BVI,00:09,00:08,22923,"Mon,Thu,Sat",SUPERFAST
2,3,VAPI,VAPI,00:00,00:08,22923,"Mon,Thu,Sat",SUPERFAST
3,4,SURAT,ST,00:10,00:17,22923,"Mon,Thu,Sat",SUPERFAST
4,5,BHARUCH JN,BH,00:26,00:25,22923,"Mon,Thu,Sat",SUPERFAST
5,6,VADODARA JN,BRC,00:21,00:26,22923,"Mon,Thu,Sat",SUPERFAST
6,7,ANAND JN,ANND,00:28,00:28,22923,"Mon,Thu,Sat",SUPERFAST
7,8,AHMEDABAD JN,ADI,00:08,00:17,22923,"Mon,Thu,Sat",SUPERFAST
8,9,VIRAMGAM JN,VG,00:23,00:23,22923,"Mon,Thu,Sat",SUPERFAST
9,10,SURENDRANAGAR,SUNR,00:12,00:15,22923,"Mon,Thu,Sat",SUPERFAST
10,11,WANKANER JN,WKR,00:28,00:28,22923,"Mon,Thu,Sat",SUPERFAST
11,12,RAJKOT,RJT,00:11,00:13,22923,"Mon,Thu,Sat",SUPERFAST
12,13,HAPA,HAPA,00:22,00:26,22923,"Mon,Thu,Sat",SUPERFAST
13,14,JAMNAGAR,JAM,00:00,0,22923,"Mon,Thu,Sat",SUPERFAST
