,sr_no,station,station_code,avg_arr_delay,avg_dep_delay,train_no,days,type
0,1,BANDRA TERMINUS,BDTS,0,00:00,22927,Daily,SUPERFAST
1,2,ANDHERI,ADH,00:06,00:06,22927,Daily,SUPERFAST
2,3,BORIVALI,BVI,00:19,00:19,22927,Daily,SUPERFAST
3,4,VIRAR,VR,00:18,00:19,22927,Daily,SUPERFAST
4,5,PALGHAR,PLG,00:17,00:16,22927,Daily,SUPERFAST
5,6,BOISAR,BOR,00:14,00:14,22927,Daily,SUPERFAST
6,7,DAHANU ROAD,DRD,00:13,00:13,22927,Daily,SUPERFAST
7,8,UMBARGAM ROAD,UBR,00:11,00:12,22927,Daily,SUPERFAST
8,9,VAPI,VAPI,00:15,00:16,22927,Daily,SUPERFAST
9,10,VALSAD,BL,00:07,00:13,22927,Daily,SUPERFAST
10,11,BILIMORA JN,BIM,00:15,00:17,22927,Daily,SUPERFAST
11,12,NAVSARI,NVS,00:20,00:19,22927,Daily,SUPERFAST
12,13,SURAT,ST,00:14,00:14,22927,Daily,SUPERFAST
13,14,KOSAMBA JN,KSB,00:17,00:17,22927,Daily,SUPERFAST
14,15,BHARUCH JN,BH,00:21,00:21,22927,Daily,SUPERFAST
15,16,VADODARA JN,BRC,00:20,00:22,22927,Daily,SUPERFAST
16,17,ANAND JN,ANND,00:20,00:21,22927,Daily,SUPERFAST
17,18,NADIAD JN,ND,00:23,00:23,22927,Daily,SUPERFAST
18,19,MAHEMADAVAD KHEDA ROAD,MHD,00:24,00:23,22927,Daily,SUPERFAST
19,20,AHMEDABAD JN,ADI,00:09,0,22927,Daily,SUPERFAST
