,sr_no,station,station_code,avg_arr_delay,avg_dep_delay,train_no,days,type
0,1,BANDRA TERMINUS,BDTS,0,00:01,22921,Sun,SUPERFAST
1,2,BORIVALI,BVI,00:11,00:12,22921,Sun,SUPERFAST
2,3,VAPI,VAPI,00:00,00:00,22921,Sun,SUPERFAST
3,4,SURAT,ST,00:08,00:09,22921,Sun,SUPERFAST
4,5,VADODARA JN,BRC,00:05,00:04,22921,Sun,SUPERFAST
5,6,RATLAM JN,RTM,00:08,00:08,22921,Sun,SUPERFAST
6,7,KOTA JN,KOTA,00:10,00:11,22921,Sun,SUPERFAST
7,8,BHARATPUR JN,BTE,00:11,00:11,22921,Sun,SUPERFAST
8,9,ACHHNERA JN,AH,00:00,00:11,22921,Sun,SUPERFAST
9,10,MATHURA JN.,MTJ,00:00,00:00,22921,Sun,SUPERFAST
10,11,KASGANJ,KSJ,00:00,00:01,22921,Sun,SUPERFAST
11,12,FARRUKHABAD,FBD,00:00,00:00,22921,Sun,SUPERFAST
12,13,GURSAHAIGANJ,GHJ,00:00,00:01,22921,Sun,SUPERFAST
13,14,KANPUR CENTRAL,CNB,00:00,00:00,22921,Sun,SUPERFAST
14,15,LUCKNOW,LKO,00:41,00:45,22921,Sun,SUPERFAST
15,16,GONDA JN,GD,01:05,01:15,22921,Sun,SUPERFAST
16,17,BALRAMPUR,BLP,01:27,01:27,22921,Sun,SUPERFAST
17,18,TULSIPUR,TLR,01:28,01:29,22921,Sun,SUPERFAST
18,19,SIDDHARTH NAGAR,SDDN,01:31,01:33,22921,Sun,SUPERFAST
19,20,ANAND NAGAR,ANDN,01:23,01:29,22921,Sun,SUPERFAST
20,21,GORAKHPUR JN,GKP,01:26,0,22921,Sun,SUPERFAST
