,sr_no,station,station_code,avg_arr_delay,avg_dep_delay,train_no,days,type
0,1,BANDRA TERMINUS,BDTS,0,00:00,22933,Mon,SUPERFAST
1,2,BORIVALI,BVI,00:14,00:14,22933,Mon,SUPERFAST
2,3,VAPI,VAPI,00:14,00:14,22933,Mon,SUPERFAST
3,4,SURAT,ST,00:07,00:06,22933,Mon,SUPERFAST
4,5,BHARUCH JN,BH,00:11,00:10,22933,Mon,SUPERFAST
5,6,VADODARA JN,BRC,00:06,00:08,22933,Mon,SUPERFAST
6,7,DAHOD,DHD,00:02,00:03,22933,Mon,SUPERFAST
7,8,RATLAM JN,RTM,00:00,00:00,22933,Mon,SUPERFAST
8,9,NAGDA JN,NAD,00:00,00:00,22933,Mon,SUPERFAST
9,10,BHAWANI MANDI,BWM,00:02,00:02,22933,Mon,SUPERFAST
10,11,RAMGANJ MANDI,RMA,00:06,00:06,22933,Mon,SUPERFAST
11,12,KOTA JN,KOTA,00:05,00:06,22933,Mon,SUPERFAST
12,13,SAWAI MADHOPUR,SWM,00:00,00:00,22933,Mon,SUPERFAST
13,14,DURGAPURA,DPA,00:04,00:05,22933,Mon,SUPERFAST
14,15,JAIPUR JN.,JP,00:04,0,22933,Mon,SUPERFAST
