,sr_no,station,station_code,avg_arr_delay,avg_dep_delay,train_no,days,type
0,1,BANDRA TERMINUS,BDTS,0,00:01,22931,Fri,SUPERFAST
1,2,BORIVALI,BVI,00:07,00:08,22931,Fri,SUPERFAST
2,3,VAPI,VAPI,00:02,00:02,22931,Fri,SUPERFAST
3,4,VALSAD,BL,00:03,00:03,22931,Fri,SUPERFAST
4,5,SURAT,ST,00:19,00:22,22931,Fri,SUPERFAST
5,6,BHARUCH JN,BH,00:21,00:21,22931,Fri,SUPERFAST
6,7,VADODARA JN,BRC,00:36,00:35,22931,Fri,SUPERFAST
7,8,ANAND JN,ANND,00:19,00:19,22931,Fri,SUPERFAST
8,9,NADIAD JN,ND,00:17,00:17,22931,Fri,SUPERFAST
9,10,AHMEDABAD JN,ADI,00:06,00:03,22931,Fri,SUPERFAST
10,11,SABARMATI BG,SBIB,00:13,00:15,22931,Fri,SUPERFAST
11,12,KALOL,KLL,00:15,00:14,22931,Fri,SUPERFAST
12,13,MAHESANA JN,MSH,00:10,00:10,22931,Fri,SUPERFAST
13,14,UNJHA,UJA,00:44,00:44,22931,Fri,SUPERFAST
14,15,PALANPUR JN,PNU,00:00,00:10,22931,Fri,SUPERFAST
15,16,ABU ROAD,ABR,00:20,00:16,22931,Fri,SUPERFAST
16,17,JAWAI BANDH,JWB,00:09,00:09,22931,Fri,SUPERFAST
17,18,FALNA,FA,00:11,00:11,22931,Fri,SUPERFAST
18,19,RANI,RANI,00:12,00:12,22931,Fri,SUPERFAST
19,20,MARWAR JN,MJ,00:00,00:05,22931,Fri,SUPERFAST
20,21,PALI MARWAR,PMY,00:05,00:02,22931,Fri,SUPERFAST
21,22,JODHPUR JN,JU,00:37,00:44,22931,Fri,SUPERFAST
22,23,MARWAR MATHANIYA,MMY,00:44,00:44,22931,Fri,SUPERFAST
23,24,OSIYAN,OSN,00:45,00:45,22931,Fri,SUPERFAST
24,25,PHALODI JN,PLCJ,00:50,00:49,22931,Fri,SUPERFAST
25,26,RAMDEVRA,RDRA,00:48,00:48,22931,Fri,SUPERFAST
26,27,POKRAN,POK,00:46,01:09,22931,Fri,SUPERFAST
27,28,JAISALMER,JSM,00:07,0,22931,Fri,SUPERFAST
