,sr_no,station,station_code,avg_arr_delay,avg_dep_delay,train_no,days,type
0,1,BANDRA TERMINUS,BDTS,0,00:00,22935,Tue,SUPERFAST
1,2,BORIVALI,BVI,00:08,00:06,22935,Tue,SUPERFAST
2,3,VAPI,VAPI,00:06,00:06,22935,Tue,SUPERFAST
3,4,SURAT,ST,00:00,00:00,22935,Tue,SUPERFAST
4,5,VADODARA JN,BRC,00:00,00:12,22935,Tue,SUPERFAST
5,6,AHMEDABAD JN,ADI,00:00,00:01,22935,Tue,SUPERFAST
6,7,BOTAD JN,BTD,00:00,00:01,22935,Tue,SUPERFAST
7,8,DHOLA JN,DLJ,00:01,00:03,22935,Tue,SUPERFAST
8,9,SONGADH,SGD,00:04,00:04,22935,Tue,SUPERFAST
9,10,SIHOR GUJARAT,SOJN,00:00,00:08,22935,Tue,SUPERFAST
10,11,PALITANA,PIT,00:00,0,22935,Tue,SUPERFAST
