,sr_no,station,station_code,avg_arr_delay,avg_dep_delay,train_no,days,type
0,1,MUMBAI CENTRAL,MMCT,0,00:00,22945,Daily,SUPERFAST
1,2,DADAR,DDR,00:18,00:18,22945,Daily,SUPERFAST
2,3,BORIVALI,BVI,00:22,00:20,22945,Daily,SUPERFAST
3,4,PALGHAR,PLG,00:16,00:16,22945,Daily,SUPERFAST
4,5,VAPI,VAPI,00:22,00:22,22945,Daily,SUPERFAST
5,6,VALSAD,BL,00:23,00:26,22945,Daily,SUPERFAST
6,7,SURAT,ST,00:17,00:16,22945,Daily,SUPERFAST
7,8,BHARUCH JN,BH,00:20,00:20,22945,Daily,SUPERFAST
8,9,VADODARA JN,BRC,00:18,00:19,22945,Daily,SUPERFAST
9,10,ANAND JN,ANND,00:23,00:22,22945,Daily,SUPERFAST
10,11,NADIAD JN,ND,00:21,00:21,22945,Daily,SUPERFAST
11,12,AHMEDABAD JN,ADI,00:02,00:12,22945,Daily,SUPERFAST
12,13,CHANDLODIYA,CLDY,00:16,00:16,22945,Daily,SUPERFAST
13,14,VIRAMGAM JN,VG,00:05,00:07,22945,Daily,SUPERFAST
14,15,LAKHTAR,LTR,00:02,00:03,22945,Daily,SUPERFAST
15,16,SURENDRANAGAR,SUNR,00:00,00:02,22945,Daily,SUPERFAST
16,17,THAN JN,THAN,00:11,00:11,22945,Daily,SUPERFAST
17,18,WANKANER JN,WKR,00:10,00:09,22945,Daily,SUPERFAST
18,19,RAJKOT,RJT,00:04,00:02,22945,Daily,SUPERFAST
19,20,PADADHARI,PDH,00:16,00:16,22945,Daily,SUPERFAST
20,21,JAM WANTHALI,WTJ,00:26,00:27,22945,Daily,SUPERFAST
21,22,ALIA BADA,ALB,00:30,00:32,22945,Daily,SUPERFAST
22,23,HAPA,HAPA,00:30,00:31,22945,Daily,SUPERFAST
23,24,JAMNAGAR,JAM,00:34,00:34,22945,Daily,SUPERFAST
24,25,KANALAS JN,KNLS,00:34,00:34,22945,Daily,SUPERFAST
25,26,KHAMBHALIYA,KMBL,00:33,00:33,22945,Daily,SUPERFAST
26,27,BHATIYA,BHTA,00:26,00:27,22945,Daily,SUPERFAST
27,28,DWARKA,DWK,00:14,00:14,22945,Daily,SUPERFAST
28,29,OKHA,OKHA,00:00,0,22945,Daily,SUPERFAST
