,sr_no,station,station_code,avg_arr_delay,avg_dep_delay,train_no,days,type
0,1,BANDRA TERMINUS,BDTS,0,00:01,22949,Wed,SUPERFAST
1,2,BORIVALI,BVI,00:08,00:12,22949,Wed,SUPERFAST
2,3,VAPI,VAPI,00:13,00:14,22949,Wed,SUPERFAST
3,4,SURAT,ST,00:04,00:04,22949,Wed,SUPERFAST
4,5,BHARUCH JN,BH,00:19,00:19,22949,Wed,SUPERFAST
5,6,VADODARA JN,BRC,00:30,00:29,22949,Wed,SUPERFAST
6,7,ANAND JN,ANND,00:13,00:17,22949,Wed,SUPERFAST
7,8,NADIAD JN,ND,00:17,00:17,22949,Wed,SUPERFAST
8,9,AHMEDABAD JN,ADI,00:02,00:01,22949,Wed,SUPERFAST
9,10,SABARMATI BG,SBIB,00:18,00:18,22949,Wed,SUPERFAST
10,11,MAHESANA JN,MSH,00:15,00:15,22949,Wed,SUPERFAST
11,12,PALANPUR JN,PNU,00:00,00:00,22949,Wed,SUPERFAST
12,13,ABU ROAD,ABR,00:00,00:00,22949,Wed,SUPERFAST
13,14,PINDWARA,PDWA,00:00,00:00,22949,Wed,SUPERFAST
14,15,FALNA,FA,00:01,00:02,22949,Wed,SUPERFAST
15,16,RANI,RANI,00:01,00:01,22949,Wed,SUPERFAST
16,17,AJMER JN,AII,00:00,00:01,22949,Wed,SUPERFAST
17,18,KISHANGARH,KSG,00:02,00:02,22949,Wed,SUPERFAST
18,19,PHULERA,FL,00:02,00:07,22949,Wed,SUPERFAST
19,20,RINGAS JN,RGS,00:07,00:09,22949,Wed,SUPERFAST
20,21,SHRI MADHOPUR,SMPR,00:13,00:12,22949,Wed,SUPERFAST
21,22,NIM KA THANA,NMK,00:14,00:15,22949,Wed,SUPERFAST
22,23,NARNAUL,NNL,00:26,00:27,22949,Wed,SUPERFAST
23,24,REWARI JN.,RE,00:00,00:02,22949,Wed,SUPERFAST
24,25,DELHI CANTT,DEC,00:04,00:04,22949,Wed,SUPERFAST
25,26,DELHI SARAI ROHILLA,DEE,00:00,0,22949,Wed,SUPERFAST
