,sr_no,station,station_code,avg_arr_delay,avg_dep_delay,train_no,days,type
0,1,BANDRA TERMINUS,BDTS,0,00:00,22955,Daily,SUPERFAST
1,2,BORIVALI,BVI,00:17,00:18,22955,Daily,SUPERFAST
2,3,VAPI,VAPI,00:11,00:11,22955,Daily,SUPERFAST
3,4,VALSAD,BL,00:11,00:09,22955,Daily,SUPERFAST
4,5,NAVSARI,NVS,00:05,00:06,22955,Daily,SUPERFAST
5,6,SURAT,ST,00:02,00:04,22955,Daily,SUPERFAST
6,7,ANKLESHWAR JN,AKV,00:04,00:04,22955,Daily,SUPERFAST
7,8,BHARUCH JN,BH,00:08,00:08,22955,Daily,SUPERFAST
8,9,VADODARA JN,BRC,00:09,00:09,22955,Daily,SUPERFAST
9,10,ANAND JN,ANND,00:06,00:06,22955,Daily,SUPERFAST
10,11,NADIAD JN,ND,00:05,00:05,22955,Daily,SUPERFAST
11,12,AHMEDABAD JN,ADI,00:00,00:01,22955,Daily,SUPERFAST
12,13,VIRAMGAM JN,VG,00:03,00:05,22955,Daily,SUPERFAST
13,14,DHRANGADHRA,DHG,00:03,00:06,22955,Daily,SUPERFAST
14,15,HALVAD,HVD,00:07,00:08,22955,Daily,SUPERFAST
15,16,SAMAKHIALI B G,SIOB,00:00,00:04,22955,Daily,SUPERFAST
16,17,BHACHAU BG,BCOB,00:06,00:08,22955,Daily,SUPERFAST
17,18,GANDHIDHAM BG,GIMB,00:00,00:12,22955,Daily,SUPERFAST
18,19,ADIPUR,AI,00:19,00:21,22955,Daily,SUPERFAST
19,20,ANJAR,AJE,00:25,00:25,22955,Daily,SUPERFAST
20,21,BHUJ,BHUJ,00:00,0,22955,Daily,SUPERFAST
