,sr_no,station,station_code,avg_arr_delay,avg_dep_delay,train_no,days,type
0,1,BANDRA TERMINUS,BDTS,0,00:01,22951,Fri,SUPERFAST
1,2,BORIVALI,BVI,00:21,00:23,22951,Fri,SUPERFAST
2,3,VAPI,VAPI,00:05,00:05,22951,Fri,SUPERFAST
3,4,VALSAD,BL,00:04,00:03,22951,Fri,SUPERFAST
4,5,SURAT,ST,00:00,00:00,22951,Fri,SUPERFAST
5,6,VADODARA JN,BRC,00:09,00:08,22951,Fri,SUPERFAST
6,7,AHMEDABAD JN,ADI,00:00,00:00,22951,Fri,SUPERFAST
7,8,VIRAMGAM JN,VG,00:14,00:14,22951,Fri,SUPERFAST
8,9,SURENDRANAGAR,SUNR,00:02,00:10,22951,Fri,SUPERFAST
9,10,WANKANER JN,WKR,00:20,00:30,22951,Fri,SUPERFAST
10,11,MORBI,MVI,00:33,00:32,22951,Fri,SUPERFAST
11,12,SAMAKHIALI B G,SIOB,00:00,00:00,22951,Fri,SUPERFAST
12,13,BHACHAU BG,BCOB,00:17,00:25,22951,Fri,SUPERFAST
13,14,GANDHIDHAM BG,GIMB,00:07,0,22951,Fri,SUPERFAST
