,sr_no,station,station_code,avg_arr_delay,avg_dep_delay,train_no,days,type
0,1,MUMBAI CENTRAL,MMCT,0,00:01,22953,Daily,SUPERFAST
1,2,DADAR,DDR,00:04,00:03,22953,Daily,SUPERFAST
2,3,BORIVALI,BVI,00:14,00:16,22953,Daily,SUPERFAST
3,4,BOISAR,BOR,00:19,00:18,22953,Daily,SUPERFAST
4,5,DAHANU ROAD,DRD,00:18,00:18,22953,Daily,SUPERFAST
5,6,UMBARGAM ROAD,UBR,00:16,00:15,22953,Daily,SUPERFAST
6,7,BHILAD,BLD,00:12,00:12,22953,Daily,SUPERFAST
7,8,VAPI,VAPI,00:12,00:12,22953,Daily,SUPERFAST
8,9,UDVADA,UVD,00:13,00:13,22953,Daily,SUPERFAST
9,10,VALSAD,BL,00:15,00:14,22953,Daily,SUPERFAST
10,11,BILIMORA JN,BIM,00:16,00:16,22953,Daily,SUPERFAST
11,12,NAVSARI,NVS,00:16,00:15,22953,Daily,SUPERFAST
12,13,SURAT,ST,00:04,00:05,22953,Daily,SUPERFAST
13,14,KIM,KIM,00:07,00:07,22953,Daily,SUPERFAST
14,15,KOSAMBA JN,KSB,00:08,00:07,22953,Daily,SUPERFAST
15,16,ANKLESHWAR JN,AKV,00:09,00:09,22953,Daily,SUPERFAST
16,17,BHARUCH JN,BH,00:10,00:10,22953,Daily,SUPERFAST
17,18,PALEJ,PLJ,00:10,00:10,22953,Daily,SUPERFAST
18,19,MIYAGAM KARJAN,MYG,00:11,00:11,22953,Daily,SUPERFAST
19,20,VADODARA JN,BRC,00:06,00:06,22953,Daily,SUPERFAST
20,21,ANAND JN,ANND,00:05,00:05,22953,Daily,SUPERFAST
21,22,NADIAD JN,ND,00:04,00:06,22953,Daily,SUPERFAST
22,23,MAHEMADAVAD KHEDA ROAD,MHD,00:09,00:08,22953,Daily,SUPERFAST
23,24,BAREJADI,BJD,00:09,00:09,22953,Daily,SUPERFAST
24,25,AHMEDABAD JN,ADI,00:03,0,22953,Daily,SUPERFAST
