,sr_no,station,station_code,avg_arr_delay,avg_dep_delay,train_no,days,type
0,1,BANDRA TERMINUS,BDTS,0,00:00,22965,Fri,SUPERFAST
1,2,BORIVALI,BVI,00:16,00:13,22965,Fri,SUPERFAST
2,3,VALSAD,BL,00:01,00:00,22965,Fri,SUPERFAST
3,4,SURAT,ST,00:05,00:05,22965,Fri,SUPERFAST
4,5,VADODARA JN,BRC,00:04,00:06,22965,Fri,SUPERFAST
5,6,AHMEDABAD JN,ADI,00:00,00:00,22965,Fri,SUPERFAST
6,7,MAHESANA JN,MSH,00:00,00:00,22965,Fri,SUPERFAST
7,8,ABU ROAD,ABR,00:00,00:00,22965,Fri,SUPERFAST
8,9,MARWAR JN,MJ,00:00,00:00,22965,Fri,SUPERFAST
9,10,PALI MARWAR,PMY,00:25,00:24,22965,Fri,SUPERFAST
10,11,BHAGAT KI KOTHI,BGKT,00:10,0,22965,Fri,SUPERFAST
