,sr_no,station,station_code,avg_arr_delay,avg_dep_delay,train_no,days,type
0,1,MUMBAI CENTRAL,MMCT,0,00:02,22961,"Mon,Tue,Wed,Thu,Fri,Sat",VANDE BHARAT
1,2,BORIVALI,BVI,00:14,00:14,22961,"Mon,Tue,Wed,Thu,Fri,Sat",VANDE BHARAT
2,3,VAPI,VAPI,00:14,00:14,22961,"Mon,Tue,Wed,Thu,Fri,Sat",VANDE BHARAT
3,4,SURAT,ST,00:10,00:11,22961,"Mon,Tue,Wed,Thu,Fri,Sat",VANDE BHARAT
4,5,VADODARA JN,BRC,00:02,00:04,22961,"Mon,Tue,Wed,Thu,Fri,Sat",VANDE BHARAT
5,6,AHMEDABAD JN,ADI,00:04,0,22961,"Mon,Tue,Wed,Thu,Fri,Sat",VANDE BHARAT
