,sr_no,station,station_code,avg_arr_delay,avg_dep_delay,train_no,days,type
0,1,BANDRA TERMINUS,BDTS,0,00:00,22963,Mon,SUPERFAST
1,2,BORIVALI,BVI,00:15,00:12,22963,Mon,SUPERFAST
2,3,DAHANU ROAD,DRD,00:12,00:12,22963,Mon,SUPERFAST
3,4,VAPI,VAPI,00:16,00:17,22963,Mon,SUPERFAST
4,5,NAVSARI,NVS,00:13,00:13,22963,Mon,SUPERFAST
5,6,SURAT,ST,00:11,00:09,22963,Mon,SUPERFAST
6,7,BHARUCH JN,BH,00:07,00:06,22963,Mon,SUPERFAST
7,8,VADODARA JN,BRC,00:11,00:11,22963,Mon,SUPERFAST
8,9,ANAND JN,ANND,00:20,00:19,22963,Mon,SUPERFAST
9,10,NADIAD JN,ND,00:17,00:17,22963,Mon,SUPERFAST
10,11,AHMEDABAD JN,ADI,00:00,00:01,22963,Mon,SUPERFAST
11,12,VIRAMGAM JN,VG,00:02,00:02,22963,Mon,SUPERFAST
12,13,BOTAD JN,BTD,00:00,00:01,22963,Mon,SUPERFAST
13,14,DHOLA JN,DLJ,00:03,00:05,22963,Mon,SUPERFAST
14,15,SONGADH,SGD,00:06,00:07,22963,Mon,SUPERFAST
15,16,SIHOR GUJARAT,SOJN,00:08,00:09,22963,Mon,SUPERFAST
16,17,BHAVNAGAR TERMINUS,BVC,00:00,0,22963,Mon,SUPERFAST
