,sr_no,station,station_code,avg_arr_delay,avg_dep_delay,train_no,days,type
0,1,BANDRA TERMINUS,BDTS,0,00:02,22971,Mon,SUPERFAST
1,2,BORIVALI,BVI,00:39,00:38,22971,Mon,SUPERFAST
2,3,VAPI,VAPI,00:59,01:01,22971,Mon,SUPERFAST
3,4,VALSAD,BL,01:14,01:13,22971,Mon,SUPERFAST
4,5,BHESTAN,BHET,01:18,01:27,22971,Mon,SUPERFAST
5,6,VYARA,VYA,01:28,01:29,22971,Mon,SUPERFAST
6,7,NANDURBAR,NDB,01:04,01:05,22971,Mon,SUPERFAST
7,8,BHUSAVAL JN,BSL,00:46,00:57,22971,Mon,SUPERFAST
8,9,ITARSI JN,ET,00:00,00:00,22971,Mon,SUPERFAST
9,10,NARSINGHPUR,NU,00:11,00:12,22971,Mon,SUPERFAST
10,11,JABALPUR,JBP,00:00,00:01,22971,Mon,SUPERFAST
11,12,KATNI,KTE,00:05,00:07,22971,Mon,SUPERFAST
12,13,SATNA,STA,00:16,00:17,22971,Mon,SUPERFAST
13,14,PRAYAGRAJ CHHEOKI,PCOI,00:19,00:21,22971,Mon,SUPERFAST
14,15,PT.DEEN DAYAL UPADHYAYA JN.,DDU,00:00,00:00,22971,Mon,SUPERFAST
