,sr_no,station,station_code,avg_arr_delay,avg_dep_delay,train_no,days,type
0,1,BANDRA TERMINUS,BDTS,0,00:00,22975,Thu,SUPERFAST
1,2,BORIVALI,BVI,00:04,00:05,22975,Thu,SUPERFAST
2,3,VAPI,VAPI,00:01,00:01,22975,Thu,SUPERFAST
3,4,SURAT,ST,00:05,00:05,22975,Thu,SUPERFAST
4,5,BHARUCH JN,BH,00:24,00:24,22975,Thu,SUPERFAST
5,6,VADODARA JN,BRC,00:01,00:02,22975,Thu,SUPERFAST
6,7,GODHRA JN,GDA,00:00,00:00,22975,Thu,SUPERFAST
7,8,DAHOD,DHD,00:02,00:03,22975,Thu,SUPERFAST
8,9,RATLAM JN,RTM,00:04,00:04,22975,Thu,SUPERFAST
9,10,NAGDA JN,NAD,00:00,00:00,22975,Thu,SUPERFAST
10,11,SHAMGARH,SGZ,00:23,00:23,22975,Thu,SUPERFAST
11,12,RAMGANJ MANDI,RMA,00:30,00:30,22975,Thu,SUPERFAST
12,13,KOTA JN,KOTA,00:17,00:18,22975,Thu,SUPERFAST
13,14,SAWAI MADHOPUR,SWM,00:19,00:26,22975,Thu,SUPERFAST
14,15,GANGAPUR CITY,GGC,00:36,00:36,22975,Thu,SUPERFAST
15,16,BHARATPUR JN,BTE,00:28,00:25,22975,Thu,SUPERFAST
16,17,ACHHNERA JN,AH,00:08,00:34,22975,Thu,SUPERFAST
17,18,MATHURA JN.,MTJ,00:00,00:00,22975,Thu,SUPERFAST
18,19,HATHRAS CITY,HTC,00:02,00:02,22975,Thu,SUPERFAST
19,20,KASGANJ,KSJ,00:06,00:03,22975,Thu,SUPERFAST
20,21,BADAUN,BEM,00:12,00:10,22975,Thu,SUPERFAST
21,22,BAREILLY JN,BRY,00:06,00:12,22975,Thu,SUPERFAST
22,23,BAREILLY CITY,BC,00:08,00:10,22975,Thu,SUPERFAST
23,24,IZZATNAGAR JN,IZN,00:05,00:02,22975,Thu,SUPERFAST
24,25,BAHERI,BHI,00:03,00:03,22975,Thu,SUPERFAST
25,26,KICHHA,KHH,00:00,00:02,22975,Thu,SUPERFAST
26,27,LALKUA JN.,LKU,00:04,00:02,22975,Thu,SUPERFAST
27,28,BAZPUR,BPZ,00:00,00:00,22975,Thu,SUPERFAST
28,29,KASHIPUR,KPV,00:00,00:00,22975,Thu,SUPERFAST
29,30,RAMNAGAR,RMR,00:00,0,22975,Thu,SUPERFAST
