,sr_no,station,station_code,avg_arr_delay,avg_dep_delay,train_no,days,type
0,1,BANDRA TERMINUS,BDTS,0,00:00,22989,"Wed,Fri",SUPERFAST
1,2,BORIVALI,BVI,00:11,00:10,22989,"Wed,Fri",SUPERFAST
2,3,VAPI,VAPI,00:07,00:07,22989,"Wed,Fri",SUPERFAST
3,4,SURAT,ST,00:00,00:01,22989,"Wed,Fri",SUPERFAST
4,5,VADODARA JN,BRC,00:15,00:14,22989,"Wed,Fri",SUPERFAST
5,6,ANAND JN,ANND,00:21,00:21,22989,"Wed,Fri",SUPERFAST
6,7,AHMEDABAD JN,ADI,00:00,00:00,22989,"Wed,Fri",SUPERFAST
7,8,VIRAMGAM JN,VG,00:02,00:03,22989,"Wed,Fri",SUPERFAST
8,9,BOTAD JN,BTD,00:07,00:08,22989,"Wed,Fri",SUPERFAST
9,10,DHOLA JN,DLJ,00:09,00:09,22989,"Wed,Fri",SUPERFAST
10,11,DHASA JN,DAS,00:12,00:18,22989,"Wed,Fri",SUPERFAST
11,12,LILIYA MOTA,LMO,00:24,00:37,22989,"Wed,Fri",SUPERFAST
12,13,SAVARKUNDLA,SVKD,00:45,00:45,22989,"Wed,Fri",SUPERFAST
13,14,RAJULA JN,RLA,00:47,00:48,22989,"Wed,Fri",SUPERFAST
14,15,MAHUVA JN,MHV,00:00,0,22989,"Wed,Fri",SUPERFAST
