,sr_no,station,station_code,avg_arr_delay,avg_dep_delay,train_no,days,type
0,1,CHHATRAPATI SHIVAJI MAHARAJ TERMINUS,CSMT,0,00:01,82356,"Tue,Fri",SUVIDHA TRAIN
1,2,KALYAN JN,KYN,00:13,00:15,82356,"Tue,Fri",SUVIDHA TRAIN
2,3,BHUSAVAL JN,BSL,01:09,01:17,82356,"Tue,Fri",SUVIDHA TRAIN
3,4,ITARSI JN,ET,00:43,00:42,82356,"Tue,Fri",SUVIDHA TRAIN
4,5,JABALPUR,JBP,00:29,00:40,82356,"Tue,Fri",SUVIDHA TRAIN
5,6,SATNA,STA,00:46,00:46,82356,"Tue,Fri",SUVIDHA TRAIN
6,7,PRAYAGRAJ CHHEOKI,PCOI,00:40,00:42,82356,"Tue,Fri",SUVIDHA TRAIN
7,8,PT.DEEN DAYAL UPADHYAYA JN.,DDU,00:00,00:00,82356,"Tue,Fri",SUVIDHA TRAIN
8,9,RAGHUNATHPUR,RPR,00:09,00:09,82356,"Tue,Fri",SUVIDHA TRAIN
9,10,PATNA JN,PNBE,00:01,0,82356,"Tue,Fri",SUVIDHA TRAIN
