,sr_no,station,station_code,avg_arr_delay,avg_dep_delay,train_no,days,type
0,1,MUMBAI CENTRAL,MMCT,0,00:02,82901,"Mon,Tue,Wed,Fri,Sat,Sun",TEJAS
1,2,BORIVALI,BVI,00:13,00:13,82901,"Mon,Tue,Wed,Fri,Sat,Sun",TEJAS
2,3,VAPI,VAPI,00:02,00:04,82901,"Mon,Tue,Wed,Fri,Sat,Sun",TEJAS
3,4,SURAT,ST,00:04,00:04,82901,"Mon,Tue,Wed,Fri,Sat,Sun",TEJAS
4,5,BHARUCH JN,BH,00:11,00:11,82901,"Mon,Tue,Wed,Fri,Sat,Sun",TEJAS
5,6,VADODARA JN,BRC,00:09,00:08,82901,"Mon,Tue,Wed,Fri,Sat,Sun",TEJAS
6,7,NADIAD JN,ND,00:06,00:06,82901,"Mon,Tue,Wed,Fri,Sat,Sun",TEJAS
7,8,AHMEDABAD JN,ADI,00:00,0,82901,"Mon,Tue,Wed,Fri,Sat,Sun",TEJAS
